"Identificação do post","Identificação da Página","Nome da Página",Título,Descrição,"Duração (s)","Horário de publicação","Tipo de legenda","Link permanente","É um post cruzado","É compartilhado","Tipo de post",Idiomas,"Rótulos personalizados","Status do conteúdo financiado","Comentário de dados",Data,Visualizações,"Visualizações de Posts orgânicos","Visualizações de Posts turbinados",Alcance,"Alcance de Posts orgânicos","Alcance de Posts turbinados","Visualizações de 3 segundos do vídeo","Visualizações do vídeo de 1 minuto","Visualizadores de 3 segundos","Visualizadores de 1 minuto","Visualizações do vídeo de 3 segundos de Posts turbinados","Visualizações do vídeo de 3 segundos de Posts orgânicos","Reações, comentários e compartilhamentos",Reações,Comentários,Compartilhamentos,"Segundos de visualização","Média de Segundos de visualização"
1524999756329636,100064588783898,"Federação Paulista de Futebol - FPF","VISITANTE INDIGESTO!
O Verdão se tornou a equipe que mais venceu fora de casa no século pela @libertadoresbr.
#PaulistasEmCampo #Palmeiras #Libertadores",,0,"08/21/2026 13:00",N/A,https://www.facebook.com/futebolpaulista/posts/pfbid02NRsgGeKAw9xvutMZZ841CfRhihmdJSZKBfoExtyc4eyLafj3TyscMVXSvWSwsZP1l,0,0,Fotos,,,,,Total,31436,31436,0,21200,21200,0,0,0,0,0,0,0,465,422,23,20,,
1524999899662955,100064588783898,"Federação Paulista de Futebol - FPF","Carlos Miguel foi decisivo para o Verdão nas oitavas da @libertadoresbr! 
#FutebolPaulista #Libertadores #Verdão
🎥 Libertadores","Carlos Miguel foi decisivo para o Verdão nas oitavas da @libertadoresbr! 
#FutebolPaulista #Libertadores #Verdão
🎥 Libertadores",12,"08/21/2026 13:00",N/A,https://www.facebook.com/reel/1539283874041433/,0,0,Vídeos,,,,,Total,33222,33205,0,28057,28057,0,16576,0,16073,0,0,16576,441,401,37,3,183409.848,6.847
1525023902993888,100064588783898,"Federação Paulista de Futebol - FPF","O MATHEUZINHO É A RAÇA ALVINEGRA! 
#Corinthians #Libertadores #FutebolPaulista 
🎥 CONMEBOL Libertadores","O MATHEUZINHO É A RAÇA ALVINEGRA! 
#Corinthians #Libertadores #FutebolPaulista 
🎥 CONMEBOL Libertadores",8,"08/21/2026 13:42",N/A,https://www.facebook.com/reel/911941794945495/,1,0,Vídeos,,,,,Total,18970,18960,0,13119,13119,0,6776,0,6776,0,0,6776,154,148,5,1,78612.357,6.273
1525045486325063,100064588783898,"Federação Paulista de Futebol - FPF","RESTA UMA RODADA!
Vem ver como está a classificação da Copa Paulista Rivalo antes da última rodada da primeira fase!
#CopaPaulistaRivalo",,0,"08/21/2026 14:24",N/A,https://www.facebook.com/futebolpaulista/posts/pfbid02fKhznyo8GXy4pc7TTuqczzzuZjm1vDeUgxCrMcTAtXeJ76dQrfgLhivAXrgaMuLxl,0,0,Fotos,,,,,Total,10334,10334,0,6301,6301,0,0,0,0,0,0,0,85,72,5,8,,
1525062869656658,100064588783898,"Federação Paulista de Futebol - FPF","É O CAPITÃO, GUSTAVO GÓMEZ, O XERIFE DO VERDÃO!
São nove edições seguidas marcando gols na @libertadoresbr - o primeiro jogador a atingir essa marca.
#PaulistasEmCampo #Palmeiras","É O CAPITÃO, GUSTAVO GÓMEZ, O XERIFE DO VERDÃO!
São nove edições seguidas marcando gols na @libertadoresbr - o primeiro jogador a atingir essa marca.
#PaulistasEmCampo #Palmeiras",90,"08/21/2026 15:00",auto,https://www.facebook.com/reel/2351670315366678/,0,0,Vídeos,,,,,Total,206969,206719,0,207490,207490,0,146833,31875,142690,31128,0,146833,7392,7108,105,179,4192964.512,21.454
1525557146273897,100064588783898,"Federação Paulista de Futebol - FPF","NÃO VAI FALTAR EMOÇÃO NA ÚLTIMA RODADA DA PRIMEIRA FASE DA COPA PAULISTA RIVALO!
#CopaPaulistaRivalo",,0,"08/22/2026 05:00",N/A,https://www.facebook.com/futebolpaulista/posts/pfbid035LaEX3KpXstLzJr7dvoeqNsMLJWA5Wrpc2L8Mi5aTNqvTeX8Mm73fG67tRnp7Rixl,0,0,Fotos,,,,,Total,16253,16253,0,11931,11931,0,0,0,0,0,0,0,139,123,4,12,,
1525611529601792,100064588783898,"Federação Paulista de Futebol - FPF","DOSE DUPLA!
Ituano e Guarani vão a campo pela penúltima rodada da @cbfseriec.
#PaulistasEmCampo",,0,"08/22/2026 06:00",N/A,https://www.facebook.com/futebolpaulista/posts/pfbid0ac8vLX5r8e4JavCU3gUHMmykZ6nSWNRPZvBsV6fqSNvNoXfZUt9rDobNvCtm97dwl,0,0,Fotos,,,,,Total,11530,11530,0,8361,8361,0,0,0,0,0,0,0,71,61,3,7,,
1525935502902728,100064588783898,"Federação Paulista de Futebol - FPF","ELEFANTE CLASSIFICADO!
O Linense liderou o grupo 1 e está garantido na próxima fase da Copa Paulista Rivalo!
#CopaPaulistaRivalo",,0,"08/22/2026 13:24",N/A,https://www.facebook.com/futebolpaulista/posts/pfbid02REbcecsNCxE9ZefXcWDYrWwD4sKek3cvVNGv6KYd7sFZGgAU4r2N7EnSAXW6bsQil,0,0,Fotos,,,,,Total,4838,4838,0,3499,3499,0,0,0,0,0,0,0,38,27,3,8,,
1525936636235948,100064588783898,"Federação Paulista de Futebol - FPF","NORUSCA CLASSIFICADO!
O Noroeste liderou o Grupo 2 e está garantido na próxima fase da Copa Paulista Rivalo!
#CopaPaulistaRivalo",,0,"08/22/2026 13:26",N/A,https://www.facebook.com/futebolpaulista/posts/pfbid03HeQ9YaUZVT824uetN6fLY8nBqToodWyhJs6Z4FW4c7djM1RVaPpHoVwvRwQrQG4l,0,0,Fotos,,,,,Total,8630,8630,0,6240,6240,0,0,0,0,0,0,0,149,125,14,10,,
1525937219569223,100064588783898,"Federação Paulista de Futebol - FPF","MOLEQUE TRAVESSO CLASSIFICADO!
O Juventus liderou o Grupo 3 e está garantido na próxima fase da Copa Paulista Rivalo!
#CopaPaulistaRivalo",,0,"08/22/2026 13:27",N/A,https://www.facebook.com/futebolpaulista/posts/pfbid026E82fvTc9tU4R2Z7qK1gA4jjG3G7DPHfZsmPqN5RJYsZXoauUc6doy8SaNJpT64Rl,0,0,Fotos,,,,,Total,13392,13392,0,9504,9504,0,0,0,0,0,0,0,81,68,1,12,,
1525937986235813,100064588783898,"Federação Paulista de Futebol - FPF","ÁGUIA DO VALE LASSIFICADA!
O São José liderou o Grupo 4 e está garantido na próxima fase da Copa Paulista Rivalo!
#CopaPaulistaRivalo",,0,"08/22/2026 13:28",N/A,https://www.facebook.com/futebolpaulista/posts/pfbid0T82Z89eohn1Z77aQvaZKx5YpVEi2LiBwZd4jZ8UfovyhjcsPMESrwqQPdGQZSxB1l,0,0,Fotos,,,,,Total,4537,4537,0,3278,3278,0,0,0,0,0,0,0,37,22,0,15,,
1525942656235346,100064588783898,"Federação Paulista de Futebol - FPF","PLAY IN!
Oito equipes seguem de olho nas quatro vagas restantes para as quartas de final da Copa Paulista Rivalo 2026!
CopaPaulistaRivalo",,0,"08/22/2026 13:35",N/A,https://www.facebook.com/futebolpaulista/posts/pfbid02jdMwtH7vXBr8DyZgwzMe2KRwtrLyPPf4EZYWF9DR31pk6SpdTUCXM1xSqLcr4XmJl,0,0,Fotos,,,,,Total,41753,41753,0,29795,29795,0,0,0,0,0,0,0,398,302,67,29,,
1525975649565380,100064588783898,"Federação Paulista de Futebol - FPF","PONTO FINAL!
Assim ficou a classificação final da primeira fase da Copa Paulista Rivalo!
#CopaPaulistaRivalo",,0,"08/22/2026 14:33",N/A,https://www.facebook.com/futebolpaulista/posts/pfbid0zjmrMumU7fycJ1FRcLipE3n8AQM9cRMfCoVFqsRRxCrGWkp2FzKGeNPubnPQsLqdl,0,0,Fotos,,,,,Total,32715,32715,0,19095,19095,0,0,0,0,0,0,0,265,219,37,9,,
1525996629563282,100064588783898,"Federação Paulista de Futebol - FPF","Guarani leva a virada na Paraíba e é superado pelo Botafogo.
#PaulistasEmCampo
📷João Neto/Botafogo-PB",,0,"08/22/2026 15:16",N/A,https://www.facebook.com/futebolpaulista/posts/pfbid031erENRJsiJEdkrhGL1E2HqhqCbvPipoYMmmhhZ7NYwC7hp9cB9oyEPShYcjwC5PKl,0,0,Fotos,,,,,Total,17752,17752,0,12455,12455,0,0,0,0,0,0,0,143,96,38,9,,
1525997246229887,100064588783898,"Federação Paulista de Futebol - FPF","Ituano sofreu gol no finzinho da partida e não consegue pontuar em casa.
#PaulistasEmCampo
📷Flavio Torres/Ituano",,0,"08/22/2026 15:17",N/A,https://www.facebook.com/futebolpaulista/posts/pfbid0GNsgqj8nRp3CtPPWJoCPFet9pZ71P3y7t51HDfPyW8sAvqQJJJ4ZrbhPTBCiJCUKl,0,0,Fotos,,,,,Total,8761,8761,0,6501,6501,0,0,0,0,0,0,0,31,25,0,6,,
1526011322895146,100064588783898,"Federação Paulista de Futebol - FPF","Sábado sem vitórias para o futebol paulista.
#PaulistasEmCampo",,0,"08/22/2026 15:45",N/A,https://www.facebook.com/futebolpaulista/posts/pfbid0Ahw7qHscBJHkRcNbTgz21ZudbN5aw6bAVRQMnTGTwjuNPH8TTCPFUAp8WVPgNVbal,0,0,Fotos,,,,,Total,16692,16692,0,11699,11699,0,0,0,0,0,0,0,120,96,11,13,,
1526410939521851,100064588783898,"Federação Paulista de Futebol - FPF","PARABÉNS, @fpfutbol!
Feliz Aniversário para a Federação Peruana pelos 104 anos de história!
#Aniversário",,0,"08/23/2026 03:00",N/A,https://www.facebook.com/futebolpaulista/posts/pfbid0341udnmW2pEc1yQpdTkcQRhQpYqvw1vYij5PnPhgYNqVxY35LYsfy1vpjPRKwxZqbl,0,0,Fotos,,,,,Total,4946,4946,0,3542,3542,0,0,0,0,0,0,0,44,37,2,5,,
1526543156175296,100064588783898,"Federação Paulista de Futebol - FPF","DOMINGÃO LO-TA-DO DE FUTEBOL PAULISTA! 🔥
Vem conferir os confrontos das minhas equipes nas três divisões do @brasileirao!
#PaulistasEmCampo",,0,"08/23/2026 06:00",N/A,https://www.facebook.com/futebolpaulista/posts/pfbid0bHTFaiRpBeMFTvd2FVzvSodBvXkkdw8Rv5qbWhBhu7YbaMkKQjoysd4JMk8Djryxl,0,0,Fotos,,,,,Total,31761,31761,0,22849,22849,0,0,0,0,0,0,0,306,286,2,18,,
1526644692831809,100064588783898,"Federação Paulista de Futebol - FPF","PEIXÃO E LEÃO SE ENFRENTAM NA VILA!
Quem vai levar a melhor no duelo entre Santos e Mirassol no @brasileirao?
#PaulistasEmCampo",,0,"08/23/2026 08:00",N/A,https://www.facebook.com/futebolpaulista/posts/pfbid02tgt5NkYXg3SRThPVhkCU3snsZDpPtvWaqBVyR7Vo5ke7RP87R7xojaBoXJqkYjxUl,0,0,Fotos,,,,,Total,12530,12530,0,9289,9289,0,0,0,0,0,0,0,141,118,17,6,,
1526902762806002,100064588783898,"Federação Paulista de Futebol - FPF","O Bernô ficou no empate contra o Náutico.
#PaulistasEmCampo
📷Janes Carvalho/Divulgação/São bernardo",,0,"08/23/2026 14:00",N/A,https://www.facebook.com/futebolpaulista/posts/pfbid09vB6SNe3BxzCCQqZMtsNT4yojZyjhvczyJuMK2pPxoVZ11VL4sM7pHDqyNz8DxRQl,0,0,Fotos,,,,,Total,8377,8377,0,6427,6427,0,0,0,0,0,0,0,33,27,2,4,,
1526903926139219,100064588783898,"Federação Paulista de Futebol - FPF","A Ponte Preta voltou a tropeçar na disputa da Série B.
#PaulistasEmCampo
📷Marcos Ribolli/Ponte Preta/Arquivo",,0,"08/23/2026 14:02",N/A,https://www.facebook.com/futebolpaulista/posts/pfbid02y6KiKZEHHmVrbur6DfiAyYTztaEqVexwWcUKzP2zqyQSUR4Nu1Fh6Vf9Le6uUTPsl,0,0,Fotos,,,,,Total,37590,37590,0,25493,25493,0,0,0,0,0,0,0,481,305,163,13,,
1526905046139107,100064588783898,"Federação Paulista de Futebol - FPF","O placar não saiu do zero no Limeirão.
#PaulistasEmCampo
📷Rogério Rueda/Inter de Limeira",,0,"08/23/2026 14:04",N/A,https://www.facebook.com/futebolpaulista/posts/pfbid02bQfDwdhgBoegbJ6HLcXGy547WRZBtJgyQWNcdVftQcmkQMshUz5sPAHXYQddL79vl,0,0,Fotos,,,,,Total,11631,11631,0,8228,8228,0,0,0,0,0,0,0,112,96,12,4,,
1526906056139006,100064588783898,"Federação Paulista de Futebol - FPF","VAI, MASSA BRUTA!
Com gol no finzinho, Red Bull Bragantino garante os três pontos contra o Grêmio.
#PaulistasEmCampo
📷Ari Ferreira/Red Bull Bragantino",,0,"08/23/2026 14:05",N/A,https://www.facebook.com/futebolpaulista/posts/pfbid06uSPx74doPBX5RKVew6sRRxFtcrByscoz61dyG8m7RgWubvRurbfrTtKqKQj7htjl,0,0,Fotos,,,,,Total,12520,12520,0,9066,9066,0,0,0,0,0,0,0,74,68,4,2,,
1526920746137537,100064588783898,"Federação Paulista de Futebol - FPF","AVANTI, PALESTRA!
Palmeiras deslancha no segundo tempo e goleia o Vasco no Nubank Parque.
#PaulistasEmCampo
📷Cesar Greco/Palmeiras",,0,"08/23/2026 14:31",N/A,https://www.facebook.com/futebolpaulista/posts/pfbid0rL9jaEWrncZ5WgJoc4bTYy4DjGfCNWPzcAS6fobQmyEAARH7dKxijGL7eCZDHsTNl,0,0,Fotos,,,,,Total,15783,15783,0,11433,11433,0,0,0,0,0,0,0,535,474,20,41,,
1526986439464301,100064588783898,"Federação Paulista de Futebol - FPF","A Ferroviária tropeçou fora de casa.
#PaulistasEmCampo
📷Guilherme Moro/Ferroviária",,0,"08/23/2026 16:32",N/A,https://www.facebook.com/futebolpaulista/posts/pfbid02E47EzQtjPJhfKiXvWRK774LTp73u1T8HQ2BQdHDtx5FsSCnbbhpFxikPqmmTFEf2l,0,0,Fotos,,,,,Total,8639,8639,0,6552,6552,0,0,0,0,0,0,0,34,32,2,0,,
1526987989464146,100064588783898,"Federação Paulista de Futebol - FPF","Jogando na Arena Condá, o São Paulo foi superado pela Chapecoense.
#PaulistasEmCampo
📷João Pedro Zatta Grolli/Chapecoense",,0,"08/23/2026 16:35",N/A,https://www.facebook.com/futebolpaulista/posts/pfbid031PESdSP6xMa66VytJmAfrXJTTL1a4towUps6222nDpBfpc9NnoFWwc9SNX5aRbk3l,0,0,Fotos,,,,,Total,16106,16106,0,11377,11377,0,0,0,0,0,0,0,291,235,45,11,,
1526989082797370,100064588783898,"Federação Paulista de Futebol - FPF","TUDO IGUAL!
O duelo paulista acabou empatado na Vila Belmiro.
#PaulistasEmCampo
📷Pedro Zacchi/Ag. Mirassol",,0,"08/23/2026 16:37",N/A,https://www.facebook.com/futebolpaulista/posts/pfbid02LSDoKFgwdVuRnTQA6ubz8Zn2w4kKCRknmMMkSnYX7JYLUWm548XN7sz4TAHjfr7Fl,0,0,Fotos,,,,,Total,15245,15245,0,11198,11198,0,0,0,0,0,0,0,132,109,10,13,,
1527017612794517,100064588783898,"Federação Paulista de Futebol - FPF","Corinthians marca no fim, mas não consegue pontuar diante do Coritiba.
#PaulistasEmCampo
📷JP Pacheco/Coritiba",,0,"08/23/2026 17:35",N/A,https://www.facebook.com/futebolpaulista/posts/pfbid0CqT5nWUiANq6hiKzrvtFJKP8J5MSmPR1tW8xD8KxFUTqDuyK2QnGz8tdd335PC1pl,0,0,Fotos,,,,,Total,24131,24131,0,17194,17194,0,0,0,0,0,0,0,274,225,36,13,,
1527030946126517,100064588783898,"Federação Paulista de Futebol - FPF","Palmeiras e Red Bull Bragantino garantira as vitórias do #FutebolPaulista neste domingo. Se liga nos resultados do dia.
#PaulistasEmCampo",,0,"08/23/2026 18:00",N/A,https://www.facebook.com/futebolpaulista/posts/pfbid02MW2wyxsP6A3QxzKDQc3eT6P4or3g1p42B8L7Lbh5AVG3weBPskcdhz4zPag7eAArl,0,0,Fotos,,,,,Total,50753,50753,0,33950,33950,0,0,0,0,0,0,0,416,377,15,24,,
1527366676092944,100064588783898,"Federação Paulista de Futebol - FPF","PARABÉNS, DENÍLSON!
O bicampeão paulista e campeão do mundo em 2002 completa 49 anos nessa segunda-feira (24)
#FutebolPaulista #Aniversário",,0,"08/24/2026 04:00",N/A,https://www.facebook.com/futebolpaulista/posts/pfbid0T82Z89eohks7MLMNGPuVdokaVCEbqyL4Lg2nTMKZYXrArsaaJR9Ra3u8TpF5MANbl,0,0,Fotos,,,,,Total,10773,10773,0,7742,7742,0,0,0,0,0,0,0,74,69,2,3,,
1527450272751251,100064588783898,"Federação Paulista de Futebol - FPF","EM FRENTE, TIGRE VALENTE! 🐯
O Novorizontino visita o Athletic em busca da vitória no @brasileiraob!
#PaulistasEmCampo",,0,"08/24/2026 06:00",N/A,https://www.facebook.com/futebolpaulista/posts/pfbid0cm5Fhc982cJFBpDNMQxpk78emShfdtKAwuQk6vDAbPZAF6darFiokva6TMbA9xWTl,0,0,Fotos,,,,,Total,9974,9974,0,7387,7387,0,0,0,0,0,0,0,42,39,0,3,,
1527644756065136,100064588783898,"Federação Paulista de Futebol - FPF","FIM DA PENÚLTIMA RODADA NA @cbfseriec!
Vem conferir como está a tabela de classificação!
#PaulistasEmCampo",,0,"08/24/2026 10:25",N/A,https://www.facebook.com/futebolpaulista/posts/pfbid02xoPwRNtKEY7wHcJQwZWBo9Dzpf74A97gTNWGguipv8gBKqzDRCDxicyaWJtZLzQyl,0,0,Fotos,,,,,Total,36173,36173,0,23697,23697,0,0,0,0,0,0,0,173,155,12,6,,
1527808466048765,100064588783898,"Federação Paulista de Futebol - FPF","O TERCEIRO QUE MAIS VENCEU NO COMANDO DO VERDÃO! 🐷🌟
Abel Ferreira segue fazendo história no Palmeiras e se consagrou como o terceiro técnico mais vitorioso da história do clube!
#PaulistasEmCampo",,0,"08/24/2026 14:11",N/A,https://www.facebook.com/futebolpaulista/posts/pfbid02w7mBCC9oGjuo3EwNxjdArjR5Pys3FEXs3ZxQJ6fiofKN7LH1FPK6UrXN23qPMXf4l,0,0,Fotos,,,,,Total,26429,26429,0,18476,18476,0,0,0,0,0,0,0,665,625,21,19,,
1527842152712063,100064588783898,"Federação Paulista de Futebol - FPF","QUE HOMENAGEM PARA O CAPITÃO!🐷💚
#PaulistasEmCampo #Palmeiras #GustavoGómez 
📷Cesar Greco/Palmeiras",,0,"08/24/2026 15:00",N/A,https://www.facebook.com/futebolpaulista/posts/pfbid0UKhmMTB21EMyFvNivEMmHacDEgzGeGnPrAeMydV2Dm5hCdhvgGR6cHuzPgqM6TuFl,0,0,Fotos,,,,,Total,9210,9210,0,6575,6575,0,0,0,0,0,0,0,294,280,10,4,,
1527920419370903,100064588783898,"Federação Paulista de Futebol - FPF","MAIS TRÊS!
O Tigre garante mais uma vitória na conta no @brasileiraob.
#PaulistasEmCampo
📷 Ozzair Jr/Novorizontino",,0,"08/24/2026 17:26",N/A,https://www.facebook.com/futebolpaulista/posts/pfbid0zsxwWM1fasSggE2tQJWHHxvq9sAd2i8SLkgFG9Te9vRiydsaKJSLL8qwmjp8GdM8l,0,0,Fotos,,,,,Total,37550,37550,0,26773,26773,0,0,0,0,0,0,0,287,242,25,20,,
1528366335992978,100064588783898,"Federação Paulista de Futebol - FPF","PANTERA VAI EM BUSCA DA VITÓRIA!
Fora de casa, o Botafogo quer os três pontos para subir na tabela do @brasileiraob!
#PaulistasEmCampo",,0,"08/25/2026 06:00",N/A,https://www.facebook.com/futebolpaulista/posts/pfbid0LnRgbyDQowrxhMcMvLxa5sFq4QcV2opwFuRcShTcpgTfWndtpSrQ5TRpPZWvnZv1l,0,0,Fotos,,,,,Total,9743,9743,0,7094,7093,0,0,0,0,0,0,0,58,54,2,2,,
1528410235988588,100064588783898,"Federação Paulista de Futebol - FPF","EQUILÍBRIO NO CLÁSSICO DA SAUDADE! 🐳🐷🌟
Em mata-matas, o Santos leva vantagem sobre o Palmeiras, mas a disputa entre os dois está acirrada! Quem será que vai vencer o duelo na @copadobrasilcbf? 👀
#PaulistasEmCampo",,0,"08/25/2026 07:00",N/A,https://www.facebook.com/futebolpaulista/posts/pfbid028NqfqNNEMUqEf7Pnn4DsjabDNiYad3Ff6ueyi4174tsC42DXrnUReV8QRQKGNdekl,0,0,Fotos,,,,,Total,19543,19543,0,13101,13114,0,0,0,0,0,0,0,203,177,21,5,,
1528410719321873,100064588783898,"Federação Paulista de Futebol - FPF","O QUE É O PLAY-IN? 🤔
A primeira fase da Copa Paulista Rivalo terminou e, com isso, chegaram os confrontos do Play-In. Vem entender melhor como funciona. 
#CopaPaulistaRivalo",,0,"08/25/2026 07:00",N/A,https://www.facebook.com/futebolpaulista/posts/pfbid02fmosHRBG9RHfm9r4sGUe1v4T7fvjSjC47BzzSCR7zNSKC1HRqndEVgk9C6UFQYxKl,0,0,Fotos,,,,,Total,3628,3628,0,2447,2447,0,0,0,0,0,0,0,23,20,0,3,,
1528617839301161,100064588783898,"Federação Paulista de Futebol - FPF","CHEGOU A HORA DO PLAY-IN DA COPA PAULISTA RIVALO!
Confira os confrontos, datas e horários!
#CopaPaulistaRivalo",,0,"08/25/2026 11:45",N/A,https://www.facebook.com/futebolpaulista/posts/pfbid0memFsNMox6qNmy4KetdugHhpGWmTv2vchd1J6vmgiBPtFb4zNo4GGj1wLLa19DaCl,0,0,Fotos,,,,,Total,11431,11431,0,7553,7553,0,0,0,0,0,0,0,124,109,3,12,,
1528642232632055,100064588783898,"Federação Paulista de Futebol - FPF","Como está o seu time na classificação do @brasileirao? 👀
#FutebolPaulista #PaulistasEmCampo",,0,"08/25/2026 12:24",N/A,https://www.facebook.com/futebolpaulista/posts/pfbid06Bq3fesQFYxLDaad1rU3fSvGBrupS4bZcCvSn3GpRCTi3c1VXJqevGMZtiCcRrHRl,0,0,Fotos,,,,,Total,30327,30327,0,20336,20336,0,0,0,0,0,0,0,205,190,7,8,,
1528814535948158,100064588783898,"Federação Paulista de Futebol - FPF","A terça-feira não foi favorável para a equipe de Ribeirão Preto.
#PaulistasEmCampo
📷Carlos Costa/Ag. Botafogo",,0,"08/25/2026 17:28",N/A,https://www.facebook.com/futebolpaulista/posts/pfbid033spuTmei7ijajUcW3fEFFPuZPJ43nmfFds9unkYE7bz9nBdSgj7VVeXH56mNHhn3l,0,0,Fotos,,,,,Total,24563,24563,0,17758,17758,0,0,0,0,0,0,0,122,90,23,9,,
1528896579273287,100064588783898,"Federação Paulista de Futebol - FPF","SÃO 112 ANOS DE HISTÓRIAS, DE LUTAS E DE GLÓRIAS! 🐷💚
Passam-se os anos, passam-se os jogadores, e o Palmeiras continua ostentando a sua fibra e jogando com alma e coração. Feliz aniversário, Verdão! 🌟
#FutebolPaulista #Aniversário",,0,"08/25/2026 20:05",N/A,https://www.facebook.com/futebolpaulista/posts/pfbid0q9TXnkncqpUiFNyC3wjoWrzQJaA4LuRgnm3FcTyEUfaj1V46u1cCmvyou3CACTczl,0,0,Fotos,,,,,Total,95514,95514,0,68690,68690,0,0,0,0,0,0,0,4540,4008,274,258,,
1529208959242049,100064588783898,"Federação Paulista de Futebol - FPF","QUANDO SURGE O ALVIVERDE IMPONENTE! 🏆🐷
HOJE É ANIVERSÁRIO DO ATUAL CAMPEÃO DO PAULISTÃO CASAS BAHIA! 
#PaulistãoCasasBahia
📷Jhony Inácio/Ag.Paulistão/Sua Foto No Jogo",,0,"08/26/2026 05:00",N/A,https://www.facebook.com/futebolpaulista/posts/pfbid05w5xRXcvkyYsx3UNbGjyJiLPSi5koszKG6rS3booNrxGHt9e5jkCC2SRx7y5kepol,0,0,Fotos,,,,,Total,55501,55501,0,40749,40749,0,0,0,0,0,0,0,2941,2770,108,63,,
1529250439237901,100064588783898,"Federação Paulista de Futebol - FPF","É DIA DE CLÁSSICO, É DIA DE DECISÃO!
Palmeiras e Santos entram em campo para os primeiros 90 minutos na @copadobrasilcbf. Jogão que vocês queriam? 👀🔥
#CopaDoBrasil #PaulistasEmCampo",,0,"08/26/2026 06:00",N/A,https://www.facebook.com/futebolpaulista/posts/pfbid035SFazLvzyBVkukRdWPrXUYoE6PaDRQgWW4UZnfGVuD6v1AjJXc51siiYpULGyYe1l,0,0,Fotos,,,,,Total,24598,24598,0,16222,16222,0,0,0,0,0,0,0,195,161,30,4,,
1529297725899839,100064588783898,"Federação Paulista de Futebol - FPF","O PRIMEIRO DO MASSA BRUTA!🏆
No dia 26 de agosto de 1990, o Red Bull Bragantino conquistava seu primeiro título do @paulistao!
#FutebolPaulista #BaúDoPaulistão",,0,"08/26/2026 07:00",N/A,https://www.facebook.com/futebolpaulista/posts/pfbid0ysyToVcEnDG5aNQ4fPbydsfz525m91C6wgtfcgA3rsEuQATyG72TPdATQTXMnuy5l,0,0,Fotos,,,,,Total,11390,11390,0,7812,7812,0,0,0,0,0,0,0,92,80,10,2,,
1529339562562322,100064588783898,"Federação Paulista de Futebol - FPF","CHEGOU A HORA DE MONTAR O MELHOR PALMEIRAS QUE VOCÊ JÁ VIU! 🐷💚
Para comemorar o aniversário do Verdão, deixe aqui nos comentários qual é o melhor Palmeiras de todos os tempos!
#Palmeiras #Aniversário",,0,"08/26/2026 08:00",N/A,https://www.facebook.com/futebolpaulista/posts/pfbid031H1PotMx3CgShFTRtdPcmkREtzGWTtCSrGy9rb1sDtcwCJVrpDFuDxkP7FeMR7w5l,0,0,Fotos,,,,,Total,4210,4210,0,2917,2917,0,0,0,0,0,0,0,73,57,14,2,,
1529457305883881,100064588783898,"Federação Paulista de Futebol - FPF","DOIS GOLS DO VERDÃO E UM DO PEIXE! 🐷🐳⚽️
O saldo do #ClássicoDaSaudade em 2026 foi uma vitória do Palmeiras no Paulistão Casas Bahia e um empate no Brasileirão! 
👀 E vem aí mais um duelo na Copa do Brasil… 
#PaulistasEmCampo #CopaDoBrasil 
🎥CazéTV e TV Globo","DOIS GOLS DO VERDÃO E UM DO PEIXE! 🐷🐳⚽️
O saldo do #ClássicoDaSaudade em 2026 foi uma vitória do Palmeiras no Paulistão Casas Bahia e um empate no Brasileirão! 
👀 E vem aí mais um duelo na Copa do Brasil… 
#PaulistasEmCampo #CopaDoBrasil 
🎥CazéTV e TV Globo",65,"08/26/2026 10:43",auto,https://www.facebook.com/reel/1730389425754456/,1,0,Vídeos,,,,,Total,7706,7696,0,7801,7801,0,4464,236,4324,236,0,4464,132,129,3,0,69292.558,9.4
1529511872545091,100064588783898,"Federação Paulista de Futebol - FPF","A CAMPANHA DO VERDÃO NA COPA DO BRASIL!
Vem conferir os números do Palmeiras até aqui na @copadobrasilcbf!
#PaulistasEmCampo",,0,"08/26/2026 12:00",N/A,https://www.facebook.com/futebolpaulista/posts/pfbid02aJfR474r165dnJg6JPwv36NUivUWAinhHZ1oSPi7Ru1HMFbxUmmrvVEQ7qPz5Sqpl,0,0,Fotos,,,,,Total,6971,6971,0,4986,4986,0,0,0,0,0,0,0,93,91,0,2,,
1529531289209816,100064588783898,"Federação Paulista de Futebol - FPF","PEIXÃO INVICTO NA @copadobrasilcbf!
O Santos não perdeu e não tomou nenhum gol na competição até aqui!
#PaulistasEmCampo",,0,"08/26/2026 12:30",N/A,https://www.facebook.com/futebolpaulista/posts/pfbid02Pvv3oQUeghGdHYthMk5fdTDd9zXxYAttFskgJ6HvdEk5nRGED1F6ELaA84qDH2g5l,0,0,Fotos,,,,,Total,12527,12527,0,9187,9187,0,0,0,0,0,0,0,144,132,7,5,,
1529568822539396,100064588783898,"Federação Paulista de Futebol - FPF","O cachorro mais carismático do Futebol Paulista está passando para desejar um Feliz Dia Mundial do Cachorro! 🐶🌟
#Fanaticão #DiaMundialDoCachorro
📷Ag.Paulistão",,0,"08/26/2026 13:32",N/A,https://www.facebook.com/futebolpaulista/posts/pfbid0AQMKCfMtiEC2VmYsz1hjqXkfdgSnHLAWQkyyPVdEqBWCr7C1CwPNqhBjhCmhjmDvl,0,0,Fotos,,,,,Total,2486,2486,0,1790,1790,0,0,0,0,0,0,0,17,15,0,2,,
1529668012529477,100064588783898,"Federação Paulista de Futebol - FPF","QUE ÍDOLO NÃO PODE FALTAR? 
Perguntamos pra alguns torcedores qual jogador não poderia faltar no Palmeiras de todos os tempos. Sentiu falta de alguém? 👀
#Palmeiras #PaulistasEmCampo #CopaDoBrasil","QUE ÍDOLO NÃO PODE FALTAR? 
Perguntamos pra alguns torcedores qual jogador não poderia faltar no Palmeiras de todos os tempos. Sentiu falta de alguém? 👀
#Palmeiras #PaulistasEmCampo #CopaDoBrasil",97,"08/26/2026 16:38",N/A,https://www.facebook.com/reel/1408591691234404/,1,0,Vídeos,,,,,Total,2313,2309,0,2325,2325,0,1032,74,1028,74,0,1032,65,61,1,3,18821.615,8.466
1529696152526663,100064588783898,"Federação Paulista de Futebol - FPF","DE SAÍDA! 🥺
Vendido ao Manchester City, Allan recebeu uma homenagem no gramado do Nubank Parque antes da partida contra o Santos pela @copadobrasilcbf!
#PaulistasEmCampo #Palmeiras #Allan
📷Diego Rodrigues/Ag.Paulistão",,0,"08/26/2026 17:28",N/A,https://www.facebook.com/futebolpaulista/posts/pfbid0CR6ZRKAy8vjY3cY1UNdWFEf58tWv4WhZwjRGpSd3r37dH4sqRiSmfYsKRdYv5EDol,0,0,Fotos,,,,,Total,11452,11452,0,7977,7977,0,0,0,0,0,0,0,298,273,11,14,,
1529722295857382,100064588783898,"Federação Paulista de Futebol - FPF","GOOOOOOOOLLL DO PALMEIRAS José Manuel López","GOOOOOOOOLLL DO PALMEIRAS José Manuel López",35,"08/26/2026 18:11",N/A,https://www.facebook.com/reel/1415511553762278/,1,0,Vídeos,,,,,Total,26659,26632,0,27132,27132,0,12570,0,12570,0,0,12570,1057,1008,25,24,184724.804,7.283
1529740545855557,100064588783898,"Federação Paulista de Futebol - FPF","GOOOOOOOOOL DO PALMEIRAS Andreas Pereira","GOOOOOOOOOL DO PALMEIRAS Andreas Pereira",33,"08/26/2026 18:36",N/A,https://www.facebook.com/reel/28295359646765554/,1,0,Vídeos,,,,,Total,10291,10283,0,10211,10211,0,5107,0,5107,0,0,5107,405,383,16,6,85137.72,8.86
1529741122522166,100064588783898,"Federação Paulista de Futebol - FPF","Dizem que usar roupa nova no aniversário traz sorte. Não que o José Manuel López precise desse tipo de superstição para justificar a fase que vem vivendo. Mas o fato é que o argentino marcou mais uma vez: seu sexto gol em nove jogos pós Copa do Mundo. Hoje, o aniversário é do Palmeiras, mas quem ganha o presente são todos os torcedores que tem a chance de ver Flaco López em campo vestindo defendendo as cores do Palmeiras 🌟🎂🐷
#PaulistasEmCampo #CopaDoBrasil #Palmeiras #FlacoLopez",,0,"08/26/2026 18:37",N/A,https://www.facebook.com/futebolpaulista/posts/pfbid04F1rfXsK5qpt2oHT4gv5Hw4wh1PwvAQfEmJohy4kB5e36Cvz8taEe3FmkKwipqXal,0,0,Fotos,,,,,Total,45367,45367,0,30310,30310,0,0,0,0,0,0,0,2460,2352,39,69,,
1529751125854499,100064588783898,"Federação Paulista de Futebol - FPF","MAIS UM DO GREENGO!
José Manuel López deixa mais um na #CopaDoBrasil ⚽️
#PaulistasEmCampo #Palmeiras","MAIS UM DO GREENGO!
José Manuel López deixa mais um na #CopaDoBrasil ⚽️
#PaulistasEmCampo #Palmeiras",29,"08/26/2026 18:53",N/A,https://www.facebook.com/reel/1591900496048421/,1,0,Vídeos,,,,,Total,14993,14985,0,13270,13270,0,8096,0,8096,0,0,8096,633,602,12,19,149428.823,11.59
1529765725853039,100064588783898,"Federação Paulista de Futebol - FPF","PARABÉNS PRA VOCÊ, NESTA DATA QUERIDA!
A torcida do Verdão canta homenageia a equipe pelo seu aniversário 🥳🎊
#Palmeiras #PaulistasEmCampo","PARABÉNS PRA VOCÊ, NESTA DATA QUERIDA!
A torcida do Verdão canta homenageia a equipe pelo seu aniversário 🥳🎊
#Palmeiras #PaulistasEmCampo",15,"08/26/2026 19:16",N/A,https://www.facebook.com/reel/1066320723035695/,1,0,Vídeos,,,,,Total,8157,8152,0,6778,6778,0,3200,0,3200,0,0,3200,370,359,5,6,41184.577,6.176
1529769672519311,100064588783898,"Federação Paulista de Futebol - FPF","VITÓRIA ALVIVERDE!
O Palmeiras conquista uma vantagem importante contra o Santos na @copadobrasilcbf!
#PaulistaEmCampo     
📷Diego Rodrigues/Ag.Paulistão",,0,"08/26/2026 19:24",N/A,https://www.facebook.com/futebolpaulista/posts/pfbid02t2176brmB7QRiTvrb7WMPzMMMBFXsoqZBJE3Dd57R2MfYWWi3TSDiUjH3cMC5u9ml,0,0,Fotos,,,,,Total,51686,51686,0,35868,35868,0,0,0,0,0,0,0,1480,1225,90,165,,
1529773415852270,100064588783898,"Federação Paulista de Futebol - FPF","Festa (de aniversário) no chiqueiro! 🐷🌟🎂
#PaulistasEmCampo #CopaDoBrasil #Palmeiras #FlacoLopez
📷Diego Rodrigues/Ag.Paulistão",,0,"08/26/2026 19:29",N/A,https://www.facebook.com/futebolpaulista/posts/pfbid08YfnKbZ1VtgiChNvq6Mnk3PBcEAqLGkNFCJq6xDRdbGDDhpYbr3x5jhLRMnps6JQl,0,0,Fotos,,,,,Total,24034,24034,0,17099,17099,0,0,0,0,0,0,0,1312,1150,12,150,,
1529774989185446,100064588783898,"Federação Paulista de Futebol - FPF","QUE FASE DO ARGENTINO DO VERDÃO! 🔥
O Flaco tá VO-AN-DO nos últimos jogos do Palmeiras!
#PaulistasEmCampo #Palmeiras #FlacoLópez",,0,"08/26/2026 19:32",N/A,https://www.facebook.com/futebolpaulista/posts/pfbid0ioJxvKwFU6ESGePn6bFvV8JndP91Gky7UpZQ4S46wL6wiVacqpoMQJNTWQaFgwY5l,0,0,Fotos,,,,,Total,8946,8946,0,6631,6631,0,0,0,0,0,0,0,313,287,5,21,,
1529784062517872,100064588783898,"Federação Paulista de Futebol - FPF","Mais um dele José Manuel López 🌟 Pra felicidade de muitos, pra surpresa de poucos!
#PaulistasEmCampo #CopaDoBrasil #FlacoLopez","Mais um dele José Manuel López 🌟 Pra felicidade de muitos, pra surpresa de poucos!
#PaulistasEmCampo #CopaDoBrasil #FlacoLopez",29,"08/26/2026 19:47",N/A,https://www.facebook.com/reel/1574311717719555/,1,0,Vídeos,,,,,Total,94751,94557,0,80782,80782,0,53892,0,53360,0,0,53892,5060,4909,69,82,1056028.743,13.428
1529790365850575,100064588783898,"Federação Paulista de Futebol - FPF","Vitória na @copadobrasilcbf 🤝 vitória no @paulistaof!
Que presentão de aniversário para o Palmeiras!
#PaulistasEmCampo #Palmeiras",,0,"08/26/2026 19:59",N/A,https://www.facebook.com/futebolpaulista/posts/pfbid02sdqGPTeWiTwP6z1MfHr3u2T7UYBdK87miNCTvwoxjExwCFS8Z895G9Wc3UWowyXMl,0,0,Fotos,,,,,Total,12991,12991,0,9507,9507,0,0,0,0,0,0,0,332,325,2,5,,
1530218792474399,100064588783898,"Federação Paulista de Futebol - FPF","SE LIGA NA CLASSIFICAÇÃO! 👀
Assim estão minhas equipes no @brasileiraob!
#PaulistasEmCampo",,0,"08/27/2026 08:00",N/A,https://www.facebook.com/futebolpaulista/posts/pfbid027XobX8rKg9C2mPpaQqfyckmoWuwBhpPjjVKg7cww5L3FiHq4AGXhfQpHw2cvvS1Gl,0,0,Fotos,,,,,Total,32830,32830,0,21924,21924,0,0,0,0,0,0,0,219,188,23,8,,
1530443342451944,100064588783898,"Federação Paulista de Futebol - FPF","O TALENTO DE ARIAS E A FRIEZA DE ANDREAS PEREIRA! 🐷💚
#Palmeiras #Verdão #CopaDoBrasil","O TALENTO DE ARIAS E A FRIEZA DE ANDREAS PEREIRA! 🐷💚
#Palmeiras #Verdão #CopaDoBrasil",51,"08/27/2026 13:38",auto,https://www.facebook.com/reel/4399083050305476/,0,0,Vídeos,,,,,Total,42817,42785,0,43369,43369,0,25629,0,24937,0,0,25629,1768,1699,17,52,582745.405,14.239
1530548669108078,100064588783898,"Federação Paulista de Futebol - FPF","QUE LANCE FOI ESSE?!
Que jogada mágica do Maurício para a finalização do Arias!
#Palmeiras #Verdão #CopaDoBrasil","QUE LANCE FOI ESSE?!
Que jogada mágica do Maurício para a finalização do Arias!
#Palmeiras #Verdão #CopaDoBrasil",21,"08/27/2026 17:00",auto,https://www.facebook.com/reel/945062478643938/,0,0,Vídeos,,,,,Total,14401,14398,0,12448,12448,0,6263,0,6261,0,0,6263,345,333,7,5,105506.674,8.665
1530915109071434,100064588783898,"Federação Paulista de Futebol - FPF","ANIVERSÁRIO DO VELÃO! 🔴🟢
Parabéns pelos 116 anos de história, Velo Clube!
#FutebolPaulista #Aniversário",,0,"08/28/2026 03:00",N/A,https://www.facebook.com/futebolpaulista/posts/pfbid02kPUyyPfyRMUKjBTepFNmyJPBsnRnjnEdsXUbd8wPUHrZ4vcVZtSyya5329UpyCzml,0,0,Fotos,,,,,Total,18535,18535,0,12964,12964,0,0,0,0,0,0,0,496,399,67,30,,
1531040012392277,100064588783898,"Federação Paulista de Futebol - FPF","SEXTOU COM @brasileiraob!
Bernô joga fora e o Tigre recebe seu adversário do Jorjão!
#PaulistasEmCampo",,0,"08/28/2026 06:00",N/A,https://www.facebook.com/futebolpaulista/posts/pfbid0jLeuDjBfkTy2L2Qg3vr8x8MpocLSoQMdaJ66erywxbLgPb9ykZ3QPTWqiAM6KSmQl,0,0,Fotos,,,,,Total,15396,15396,0,11262,11262,0,0,0,0,0,0,0,87,73,3,11,,
1531288199034125,100064588783898,"Federação Paulista de Futebol - FPF","𝑭𝒍𝒂𝒄𝒐 𝑳𝒐́𝒑𝒆𝒛 𝒆𝒎 𝟐𝟎𝟐𝟔 🌟⚽🐷
#PaulistasEmCampo #Palmeiras",,0,"08/28/2026 12:00",N/A,https://www.facebook.com/futebolpaulista/posts/pfbid02PsXfVtSY4io1Aipcq8eCAuGURadhQYK7cg6enhwmCU2TaqrAZARMPJPD5SAMNJyYl,0,0,Fotos,,,,,Total,8728,8728,0,6298,6298,0,0,0,0,0,0,0,180,167,1,12,,
1531385572357721,100064588783898,"Federação Paulista de Futebol - FPF","O PLAY-IN VAI COMEÇAR!
Os jogos de ida do Play-In da Copa Paulista Rivalo vão rolar entre sábado e segunda-feira!
#CopaPaulistaRivalo",,0,"08/28/2026 15:00",N/A,https://www.facebook.com/futebolpaulista/posts/pfbid02QD5WTQBJ5rZ2re8zJQMyUT8gRw4AVTzV89vJgRtSChyXjADc7LwiiW5nSzVDJSpal,0,0,Fotos,,,,,Total,13986,13986,0,10301,10301,0,0,0,0,0,0,0,101,90,4,7,,
1531473512348927,100064588783898,"Federação Paulista de Futebol - FPF","Fora de casa, São Bernardo é superado pelo Goiás no @brasileiraob!
#PaulistasEmCampo #FutebolPaulista
📷Rosiron Rodrigues/Divulgação/São Bernardo",,0,"08/28/2026 17:43",N/A,https://www.facebook.com/futebolpaulista/posts/pfbid02a39xhKtrAu5vz5AEWUxvo5aiPHyiM73nTw2EneTuWHU3aRRJGZdQYN3vBKvFiy5Ml,0,0,Fotos,,,,,Total,13700,13700,0,10195,10195,0,0,0,0,0,0,0,77,65,6,6,,
1531497539013191,100064588783898,"Federação Paulista de Futebol - FPF","TIGRE VENCE O LEÃO E ASSUME A TERCEIRA POSIÇÃO DO @brasileiraob!
#PaulistasEmCampo #FutebolPaulista #Novorizontino
📷Juan Rodrigues/Novorizontino",,0,"08/28/2026 18:33",N/A,https://www.facebook.com/futebolpaulista/posts/pfbid0251np9QQkHWhg8Eqa93rB8wa2Tr1UhhV26yWHjWiDpZ21urDcR4HzhrKfmTp2ZDmKl,0,0,Fotos,,,,,Total,44479,44479,0,32173,32173,0,0,0,0,0,0,0,433,393,27,13,,
1531499272346351,100064588783898,"Federação Paulista de Futebol - FPF","Uma vitória e uma derrota para o Futebol Paulista nesta noite de @brasileiraob!
#PaulistasEmCampo #FutebolPaulista",,0,"08/28/2026 18:36",N/A,https://www.facebook.com/futebolpaulista/posts/pfbid0rXQA17FeQbLjxhyF6vqvv5sPYh6V9uKQxY3yLAodFTYGgUuphHa2J9iS3qnmup6Vl,0,0,Fotos,,,,,Total,10737,10737,0,7852,7852,0,0,0,0,0,0,0,64,57,4,3,,
1531751635654448,100064588783898,"Federação Paulista de Futebol - FPF","POR MAIS AMOR E RESPEITO!
Celebramos o Dia Nacional da Visibilidade Lésbica neste sábado (29) 🤝🏳️🌈
#FPF #DiaNacionalDaVisibilidadeLésbica",,0,"08/29/2026 02:00",N/A,https://www.facebook.com/futebolpaulista/posts/pfbid027XhG8w6YkKs3VRARXynaFrB5UtAXHAV35ggfGamC7MnzwbJQFfneyBYTckM1hAZKl,0,0,Fotos,,,,,Total,6431,6431,0,3802,3802,0,0,0,0,0,0,0,356,236,118,2,,
1531786838984261,100064588783898,"Federação Paulista de Futebol - FPF","FELIZ DIA INTERNACIONAL DO GAMER! 
Para comemorar, fiquem com os paulistas versão ""Um Olhar Estendido"" 🎮
#PaulistãoCasasBahia #DiaDoGamer",,0,"08/29/2026 03:00",N/A,https://www.facebook.com/futebolpaulista/posts/pfbid02PpMyQ1Z59G5R9DnYmJbnQMRuF6cfMXmGsj9Ypf9KGvhevJXdk6ZY3A6mpcmaUHLul,0,0,Fotos,,,,,Total,12629,12629,0,8658,8658,0,0,0,0,0,0,0,45,43,1,1,,
1531864102309868,100064588783898,"Federação Paulista de Futebol - FPF","DOSE DUPLA PARA INAUGURAR O PLAY-IN!
O São Caetano enfrenta o Primavera, enquanto o União São João encara o Bandeirante.
#CopaPaulistaRivalo",,0,"08/29/2026 05:00",N/A,https://www.facebook.com/futebolpaulista/posts/pfbid0KDTJj9X9UkNam7fbSZaYKU7BY58E4QTuF7ESV5zD5dTBPKUgWGoo2DtCKsAcKjuCl,0,0,Fotos,,,,,Total,4588,4588,0,3441,3441,0,0,0,0,0,0,0,27,24,2,1,,
1531885012307777,100064588783898,"Federação Paulista de Futebol - FPF","ÚLTIMA RODADA NA ÁREA!
Os classificados para a próxima fase da @cbfseriec vão ser definidos nesse sábado!
#PaulistasEmCampo",,0,"08/29/2026 05:30",N/A,https://www.facebook.com/futebolpaulista/posts/pfbid02anBdXBG3xBPWZw9mtLo5BabAdyWCndSNQmtu8ijj6rwfSBAw14Mxr5VddBrooyusl,0,0,Fotos,,,,,Total,9782,9782,0,7317,7317,0,0,0,0,0,0,0,82,75,3,4,,
1531904928972452,100064588783898,"Federação Paulista de Futebol - FPF","SABADOU COM SÉRIE A, B E C!
Minhas equipes tem compromissos no @brasileirao, @brasileiraob e na @cbfseriec!
#PaulistasEmCampo",,0,"08/29/2026 06:00",N/A,https://www.facebook.com/futebolpaulista/posts/pfbid0azk81hxJ9NabjMqumtp6tDi6yRurQzPANqsgG2RXPRZ8x9aoC79iMvhmpdY2jpLgl,0,0,Fotos,,,,,Total,12237,12237,0,8793,8793,0,0,0,0,0,0,0,144,129,1,14,,
1531998162296462,100064588783898,"Federação Paulista de Futebol - FPF","O @paulistao TÁ DE VOLTA? 😅
Fim de semana cheio de duelos paulistas no @brasileirao para você matar a saudade do Paulistão Casas Bahia!
#PaulistasEmCampo",,0,"08/29/2026 08:00",N/A,https://www.facebook.com/futebolpaulista/posts/pfbid02Tce3x2VbWGY6XWkZG1LzfopqeUqt4eqyyMjpa7K8eZeBvjxrcia8N77oNyn6YCxnl,0,0,Fotos,,,,,Total,46080,46080,0,32682,32682,0,0,0,0,0,0,0,297,270,5,22,,
1532096082286670,100064588783898,"Federação Paulista de Futebol - FPF","TRICOLOR E MASSA BRUTA SE ENFRENTAM! 🔥
São Paulo e Red Bull Bragantino querem os três pontos para subir na tabela do @brasileirao!
#PaulistasEmCampo",,0,"08/29/2026 10:00",N/A,https://www.facebook.com/futebolpaulista/posts/pfbid0oBmeHn7EQeUsMK1tyb5o5V6LcEP8MFnUujEHuT6GbR737DQzVkBMs9durN372stKl,0,0,Fotos,,,,,Total,9044,9044,0,6597,6597,0,0,0,0,0,0,0,69,65,2,2,,
1532230332273245,100064588783898,"Federação Paulista de Futebol - FPF","GOLEADA DO FANTASMA!
Primavera vence o São Caetano fora de casa e fica muito próximo de um lugar nas quartas de final da Copa Paulista Rivalo!
#CopaPaulistaRivalo 
📷Tainá Araújo/Divulgação/Primavera",,0,"08/29/2026 13:34",N/A,https://www.facebook.com/futebolpaulista/posts/pfbid02hWPgHJvo1k7VUTCQ5UoYhvaGk6LcAYveRKEDdm9gtAbE6TxuwEuXBKz3Nfx3KWETl,0,0,Fotos,,,,,Total,31992,31992,0,22591,22591,0,0,0,0,0,0,0,191,169,14,8,,
1532280838934861,100064588783898,"Federação Paulista de Futebol - FPF","Ituano se despede da Série C com derrota para o Floresta.
#PaulistasEmCampo
📷Lenilson Santos/Floresta",,0,"08/29/2026 15:19",N/A,https://www.facebook.com/futebolpaulista/posts/pfbid0AbviLuiuH4nuseujdMCaZFqtozesZwM3fBWeTpEJ3voreKiDTkmkkiUm6FUXBTYVl,0,0,Fotos,,,,,Total,10284,10284,0,7489,7489,0,0,0,0,0,0,0,38,36,0,2,,
1532281262268152,100064588783898,"Federação Paulista de Futebol - FPF","Guarani busca o empate contra o Brusque, mas não consegue a classificação para a próxima fase da Série C.
#PaulistasEmCampo
📷Raphael Silvestre/Guarani",,0,"08/29/2026 15:20",N/A,https://www.facebook.com/futebolpaulista/posts/pfbid02znHW8asDsmZcUNH5sJt7sd4kvdAvrDwgvYq4KQB1QQJCwaxZcGdxwdfJ79sk7X36l,0,0,Fotos,,,,,Total,9431,9431,0,6363,6363,0,0,0,0,0,0,0,160,105,48,7,,
1532281845601427,100064588783898,"Federação Paulista de Futebol - FPF","LEÃO CLASSIFICADO!
A Inter de Limeira segue sonhando com o acesso para a Série B!
#PaulistasEmCampo
📷Divulgação/Caxias",,0,"08/29/2026 15:21",N/A,https://www.facebook.com/futebolpaulista/posts/pfbid02VFYSAuieR7CBvpxhjR8iWNmf3p7uKY6xKS1AL1hvqxRy1FVLhEQzkjE66pP3s5atl,0,0,Fotos,,,,,Total,16362,16362,0,11519,11519,0,0,0,0,0,0,0,196,165,13,18,,
1532282315601380,100064588783898,"Federação Paulista de Futebol - FPF","ACELERA, LOCOMOTIVA!
A Ferroviária garante a classificação e segue firme da disputa por uma vaga na Série B de 2027!
#PaulistasEmCampo
📷Guilherme Moro/Ferroviária",,0,"08/29/2026 15:21",N/A,https://www.facebook.com/futebolpaulista/posts/pfbid0Z7Cw4RxLzTNgCDLRdEv4K7pJzjSkdwnwqMfUP6pgPuArHTRa2AHE9PA1RxagMp1jl,0,0,Fotos,,,,,Total,8638,8638,0,6332,6332,0,0,0,0,0,0,0,143,116,18,9,,
1532286102267668,100064588783898,"Federação Paulista de Futebol - FPF","DE OLHO NA SÉRIE B!
Ferroviária e Inter de Limeira seguem em busca do acesso!
#FutebolPaulista",,0,"08/29/2026 15:29",N/A,https://www.facebook.com/futebolpaulista/posts/pfbid0DJ6dBxdigqU7nN8idijVqPpFiqQqucLq4enFxDz2FzjbW69BWTcECpTXdYL3dAsPl,0,0,Fotos,,,,,Total,17493,17493,0,11763,11763,0,0,0,0,0,0,0,259,210,32,17,,
1532334988929446,100064588783898,"Federação Paulista de Futebol - FPF","O Botafogo não conseguiu pontuar diante do Cuiabá.
#PaulistasEmCampo
📷João Victor Menezes De Souza/Ag. Botafogo",,0,"08/29/2026 16:55",N/A,https://www.facebook.com/futebolpaulista/posts/pfbid0B8Pyagw88iiVarArS5vd8nXXcaueYSfa7D4Cc7RNEhPmxYnSGVqiB2UTceijTAXkl,0,0,Fotos,,,,,Total,15080,15080,0,11015,11015,0,0,0,0,0,0,0,47,45,0,2,,
1532347442261534,100064588783898,"Federação Paulista de Futebol - FPF","TÁ NA REDE!
Gustavo Santana aproveitou a sobra e anotou o primeiro gol com a camisa do São Paulo.
#PaulistasEmCampo
🎥SporTV","TÁ NA REDE!
Gustavo Santana aproveitou a sobra e anotou o primeiro gol com a camisa do São Paulo.
#PaulistasEmCampo
🎥SporTV",18,"08/29/2026 17:19",auto,https://www.facebook.com/reel/1066966589595137/,0,0,Vídeos,,,,,Total,169665,168205,0,117645,117645,0,74217,0,71554,0,0,74217,4239,4134,59,46,1438645.01,12.198
1532377688925176,100064588783898,"Federação Paulista de Futebol - FPF","DEU UNIÃO SÃO JOÃO!
A equipe de Araras fez o dever de casa e deu um passo importante rumo à classificação!
#CopaPaulistaRivalo
📷Lucas Vieira Portes/Divulgação/União São João",,0,"08/29/2026 18:16",N/A,https://www.facebook.com/futebolpaulista/posts/pfbid02SMFUhqK3e1aDioePCFkMCkrBXPgYWzXsVCXextrkRDgKkezJpLBi5geEhRmAtsXWl,0,0,Fotos,,,,,Total,29312,29312,0,22688,22688,0,0,0,0,0,0,0,191,174,10,7,,
1532378642258414,100064588783898,"Federação Paulista de Futebol - FPF","TRÊS PONTOS PARA O TRICOLOR!
O São Paulo levou a melhor no primeiro duelo paulista do fim de semana e venceu o Red Bull Bragantino.
#PaulistasEmCampo
📷Rubens Chiri/São Paulo",,0,"08/29/2026 18:18",N/A,https://www.facebook.com/futebolpaulista/posts/pfbid0m3bg3LyUrRcfJkJksQmHA2GrQBR3DrW5WJwBeUhk8DGp9KjUjEyRSCeZfc4cRjtel,0,0,Fotos,,,,,Total,15646,15646,0,11193,11193,0,0,0,0,0,0,0,418,352,35,31,,
1532380155591596,100064588783898,"Federação Paulista de Futebol - FPF","Primavera e União São João deram o primeiro passo rumo às quartas de final da Copa Paulista Rivalo!
#CopaPaulistaRivalo",,0,"08/29/2026 18:20",N/A,https://www.facebook.com/futebolpaulista/posts/pfbid02VMLAttMoTd5Bi9VwFgg3vMXwEzUXcE2L9oqgp4pRwe4uyfEQXn8ycPrvHg1YfFVpl,0,0,Fotos,,,,,Total,18689,18689,0,13057,13057,0,0,0,0,0,0,0,117,97,14,6,,
1532389928923952,100064588783898,"Federação Paulista de Futebol - FPF","Com as classificações da Inter de Limeira e da Ferroviária para a segunda fase da Série C, além da vitória do São Paulo no duelo Paulista, foi assim que terminou o sabadão de futebol.
#PaulistasEmCampo",,0,"08/29/2026 18:40",N/A,https://www.facebook.com/futebolpaulista/posts/pfbid02NfXUZDJ6pcq517wrw38Wie8yEF2A3C8NTG6ysT4y5MZCxSADRwnp7uXnjLBPsrrpl,0,0,Fotos,,,,,Total,38107,38107,0,26517,26517,0,0,0,0,0,0,0,206,187,6,13,,
1532438992252379,100064588783898,"Federação Paulista de Futebol - FPF","DIA DE CLÁSSICO ALVINEGRO NO @brasileirao! 🔥
A Neo Química Arena vai receber o duelo entre Corinthians e Santos nesse domingo! Quem vai sair com os três pontos?
#PaulistasEmCampo #ClássicoAlvinegro",,0,"08/29/2026 20:05",N/A,https://www.facebook.com/futebolpaulista/posts/pfbid0udAE6hYgWNqX9N3YnwSTH2LDCSP298kEqD2LZ3J6GzvWvrP7XQ33bPZVX7os9q1el,0,0,Fotos,,,,,Total,10784,10784,0,8070,8070,0,0,0,0,0,0,0,124,114,3,7,,
1532696102226668,100064588783898,"Federação Paulista de Futebol - FPF","A PRIMEIRA LIBERTADORES DO PEIXÃO! 🏆🐳
No dia 30 de agosto de 1962, o Santos conquistava a Glória Eterna pela primeira vez na sua história!
#BaúDoPaulistão",,0,"08/30/2026 03:00",N/A,https://www.facebook.com/futebolpaulista/posts/pfbid07WPLSxaWsnQ8taWGMgW94ALWBp2duR3Dqd44wjJRQcXWqqpamy5CkuLz81Xz7htTl,0,0,Fotos,,,,,Total,18060,18060,0,12964,12964,0,0,0,0,0,0,0,387,366,11,10,,
1532826842213594,100064588783898,"Federação Paulista de Futebol - FPF","DOMINGO COM CLÁSSICO ALVINEGRO!
O @brasileirao tem dois duelos paulistas nesse domingo, enquanto a Ponte Preta viaja no @brasileiraob em busca da vitória!
#PaulistasEmCampo",,0,"08/30/2026 06:00",N/A,https://www.facebook.com/futebolpaulista/posts/pfbid02z2AU3UKAycyf7ZbSDtz2f9w5wEimGo1a3DrRbjJvLvZjxkLVoTb49wkEmaHjTaYAl,0,0,Fotos,,,,,Total,22046,22046,0,15969,15969,0,0,0,0,0,0,0,135,127,1,7,,
1532927792203499,100064588783898,"Federação Paulista de Futebol - FPF","LEÃO E VERDÃO NO EMBATE! 🔥
O Mirassol precisa da vitória para subir na tabela do @brasileirao, enquanto o Palmeiras quer somar três pontos para se manter na liderança!
#PaulistasEmCampo",,0,"08/30/2026 08:00",N/A,https://www.facebook.com/futebolpaulista/posts/pfbid02u9XcnChYCLo22Fhr4YBPVRsoLp6wQb6JrCoVcWrNwUKmbQSMRr5n8RWVz8szcgQDl,0,0,Fotos,,,,,Total,5710,5710,0,4211,4211,0,0,0,0,0,0,0,53,52,1,0,,
1533096155519996,100064588783898,"Federação Paulista de Futebol - FPF","O NEYMAR TÁ NA ÁREA PARA O CLÁSSICO ALVINEGRO! 
#Santos #Brasileirão","O NEYMAR TÁ NA ÁREA PARA O CLÁSSICO ALVINEGRO! 
#Santos #Brasileirão",17,"08/30/2026 11:24",N/A,https://www.facebook.com/reel/901423132723360/,1,0,Vídeos,,,,,Total,7645,7633,0,6560,6560,0,3099,0,2993,0,0,3099,94,83,10,1,39382.618,5.962
1533102602186018,100064588783898,"Federação Paulista de Futebol - FPF","NEYMAR 🤝 CARRILLO
#Brasileirão #PaulistasEmCampo","NEYMAR 🤝 CARRILLO
#Brasileirão #PaulistasEmCampo",6,"08/30/2026 11:33",N/A,https://www.facebook.com/reel/1280083660809116/,1,0,Vídeos,,,,,Total,221901,221073,0,140705,140705,0,80973,0,77918,0,0,80973,647,637,5,5,711359.275,5.104
1533111582185120,100064588783898,"Federação Paulista de Futebol - FPF","Yuri Alberto 🤝 Neymar! #PaulistasEmCampo #Corinthians #Santos","Yuri Alberto 🤝 Neymar! #PaulistasEmCampo #Corinthians #Santos",5,"08/30/2026 11:46",N/A,https://www.facebook.com/reel/1054818167344666/,1,0,Vídeos,,,,,Total,101434,101264,0,67565,67565,0,34121,0,32830,0,0,34121,327,318,5,4,291276.429,4.49
1533122858850659,100064588783898,"Federação Paulista de Futebol - FPF","A amizade… 🎶 #PaulistasEmCampo #Neymar #Memphis","A amizade… 🎶 #PaulistasEmCampo #Neymar #Memphis",8,"08/30/2026 12:02",auto,https://www.facebook.com/reel/1615599953264071/,1,0,Vídeos,,,,,Total,227793,223686,0,137152,137152,0,70951,0,70951,0,0,70951,3136,3089,24,23,1026569.671,8.38
1533124725517139,100064588783898,"Federação Paulista de Futebol - FPF","MOSAICO DA FIEL PARA O CLÁSSICO ALVINEGRO! 
#Corinthians #PaulistasEmCampo","MOSAICO DA FIEL PARA O CLÁSSICO ALVINEGRO! 
#Corinthians #PaulistasEmCampo",19,"08/30/2026 12:05",N/A,https://www.facebook.com/reel/28010343475288501/,1,0,Vídeos,,,,,Total,2542,2534,0,2319,2319,0,923,0,904,0,0,923,75,59,12,4,10516.466,4.566
1533126858850259,100064588783898,"Federação Paulista de Futebol - FPF","AQUELE ABRAÇO DOS JOGADORES DO SANTOS NO PROFESSOR FERNANDO DINIZ! 
#Santos #Corinthians #Brasileirão","AQUELE ABRAÇO DOS JOGADORES DO SANTOS NO PROFESSOR FERNANDO DINIZ! 
#Santos #Corinthians #Brasileirão",15,"08/30/2026 12:09",N/A,https://www.facebook.com/reel/38402392349407002/,1,0,Vídeos,,,,,Total,892738,860911,0,621573,621573,0,282406,0,282406,0,0,282406,12495,12035,255,205,6240412.628,11.745
1533145228848422,100064588783898,"Federação Paulista de Futebol - FPF","OLIVA APROVEITA O REBOTE E O PEIXÃO ABRE O PLACAR NA NEO QUÍMICA ARENA! 
#Santos #Brasileirão #PaulistasEmCampo","OLIVA APROVEITA O REBOTE E O PEIXÃO ABRE O PLACAR NA NEO QUÍMICA ARENA! 
#Santos #Brasileirão #PaulistasEmCampo",38,"08/30/2026 12:40",N/A,https://www.facebook.com/reel/3584484791733255/,1,0,Vídeos,,,,,Total,21831,21775,0,20593,20593,0,11431,0,11431,0,0,11431,695,647,31,17,228440.013,11.39
1533187985510813,100064588783898,"Federação Paulista de Futebol - FPF","OLIVA QUASE MARCA O SEU SEGUNDO GOL NO CLÁSSICO! 
#Santos #Brasileirão #PaulistasEmCampo","OLIVA QUASE MARCA O SEU SEGUNDO GOL NO CLÁSSICO! 
#Santos #Brasileirão #PaulistasEmCampo",13,"08/30/2026 14:01",N/A,https://www.facebook.com/reel/2194765557734202/,1,0,Vídeos,,,,,Total,53796,53386,0,39447,39447,0,26810,0,26418,0,0,26810,613,582,21,10,390426.719,10.436
1533188618844083,100064588783898,"Federação Paulista de Futebol - FPF","A Ponte Preta foi superada em Minas Gerais.
#PaulistasEmCampo
📷Mourão Panda/América-MG",,0,"08/30/2026 14:02",N/A,https://www.facebook.com/futebolpaulista/posts/pfbid02vHP7BBAYANeaMR6o5NkJTmnuaC558QtWfw72ZJJEidTXoT5T579s8YEmi74E1baLl,0,0,Fotos,,,,,Total,20754,20754,0,14846,14846,0,0,0,0,0,0,0,243,165,68,10,,
1533189815510630,100064588783898,"Federação Paulista de Futebol - FPF","VITÓRIA SANTISTA!
O Peixe ficou com os três pontos no Clássico Alvinegro!
#PaulistasEmCampo
📷Raul Baretta/Santos",,0,"08/30/2026 14:05",N/A,https://www.facebook.com/futebolpaulista/posts/pfbid0Abi51jrTFxofGebtVcBAAAsfYVzkLrQyu6RyiXAvLWDKT8aaHdAfbk5Cv9EDgZCMl,0,0,Fotos,,,,,Total,33976,33976,0,24344,24344,0,0,0,0,0,0,0,910,776,88,46,,
1533208192175459,100064588783898,"Federação Paulista de Futebol - FPF","Neymar presenteou uma criança torcedora do Corinthians no fim do jogo! #PaulistasEmCampo #Neymar","Neymar presenteou uma criança torcedora do Corinthians no fim do jogo! #PaulistasEmCampo #Neymar",8,"08/30/2026 14:41",N/A,https://www.facebook.com/reel/2139083904151089/,1,0,Vídeos,,,,,Total,568814,556886,0,398680,398680,0,149680,0,149680,0,0,149680,8112,7383,434,295,2749830.699,8.503
1533267578836187,100064588783898,"Federação Paulista de Futebol - FPF","TEVE GOL DO LEÃO!
Eduardo fez de cabeça e garantiu a alegria do Mirassol.
#PaulistasEmCampo","TEVE GOL DO LEÃO!
Eduardo fez de cabeça e garantiu a alegria do Mirassol.
#PaulistasEmCampo",6,"08/30/2026 16:24",N/A,https://www.facebook.com/reel/830641966741718/,0,0,Vídeos,,,,,Total,13018,12997,0,9219,9219,0,4323,0,4323,0,0,4323,100,92,4,4,41851.751,4.721
1533268385502773,100064588783898,"Federação Paulista de Futebol - FPF","TEVE GOL DO VERDÃO!
A bola sobrou livre pro Maurício, que não perdoou e deixou tudo igual.
#PaulistasEmCampo","TEVE GOL DO VERDÃO!
A bola sobrou livre pro Maurício, que não perdoou e deixou tudo igual.
#PaulistasEmCampo",22,"08/30/2026 16:25",N/A,https://www.facebook.com/reel/3574342652731859/,0,0,Vídeos,,,,,Total,17712,17689,0,14962,14962,0,8363,0,8359,0,0,8363,373,357,8,8,150207.247,10.512
1533276035502008,100064588783898,"Federação Paulista de Futebol - FPF","EMPATE NO MAIÃO!
Terminou tudo igual no duelo paulista.
#PaulistasEmCampo
📷Cesar Greco/Palmeiras",,0,"08/30/2026 16:38",N/A,https://www.facebook.com/futebolpaulista/posts/pfbid02Ekqtn1Qffm7cMNQz8qS7iRrr1Btfzi8CiAfESshmRgGNZbnHFraUsGu6B6wNATApl,0,0,Fotos,,,,,Total,17416,17416,0,11988,11988,0,0,0,0,0,0,0,159,138,11,10,,
1533286232167655,100064588783898,"Federação Paulista de Futebol - FPF","A cobrança de falta (quase) perfeita de Neymar, seguida do gol de Oliva! 
#Santos #Brasileirão #Neymar #PaulistasEmCampo","A cobrança de falta (quase) perfeita de Neymar, seguida do gol de Oliva! 
#Santos #Brasileirão #Neymar #PaulistasEmCampo",13,"08/30/2026 16:55",N/A,https://www.facebook.com/reel/1600350881872236/,1,0,Vídeos,,,,,Total,8969,8947,0,7185,7185,0,3154,0,3085,0,0,3154,197,191,3,3,45069.539,6.475
1533289018834043,100064588783898,"Federação Paulista de Futebol - FPF","Ponto final em mais um domingo de #PaulistasEmCampo.
#FutebolPaulista",,0,"08/30/2026 17:01",N/A,https://www.facebook.com/futebolpaulista/posts/pfbid0ogvsVtd4HXNTKCZpUaKPcUMZhPD3M9JzfT2C2n53M2vrD96J4T38TGCvDiqJi74Zl,0,0,Fotos,,,,,Total,29853,29853,0,20674,20674,0,0,0,0,0,0,0,216,190,14,12,,
1533293805500231,100064588783898,"Federação Paulista de Futebol - FPF","Não tem jeito, o Neymar é muito ídolo!
#Neymar #Santos #PaulistasEmCampo #Brasileirão","Não tem jeito, o Neymar é muito ídolo!
#Neymar #Santos #PaulistasEmCampo #Brasileirão",10,"08/30/2026 17:08",N/A,https://www.facebook.com/reel/1406764804732515/,1,0,Vídeos,,,,,Total,108298,106328,0,62403,62403,0,36833,0,36186,0,0,36833,1576,1503,47,26,630646.886,10.882
1533612508801694,100064588783898,"Federação Paulista de Futebol - FPF","PARA FECHAR OS JOGOS DE IDA DO PLAY-IN!
Chegou a hora de Grêmio Prudente, Paulista, Comercial e São Bernardo começarem a disputa pelas vagas na Copa Paulista Rivalo!
#CopaPaulistaRivalo",,0,"08/31/2026 03:00",N/A,https://www.facebook.com/futebolpaulista/posts/pfbid0EPYnbi8n4zweAXxNLXLnBn72ktKh9WcT46z5WrS9da2LG4oYw8iUmeYfs8xL1vF1l,0,0,Fotos,,,,,Total,5870,5870,0,4389,4389,0,0,0,0,0,0,0,37,34,0,3,,
1533646845464927,100064588783898,"Federação Paulista de Futebol - FPF","O ZAGUEIRO DO PENTA CINQUENTOU!
Desejamos felicidades para o campeão paulista e campeão do mundo em 2002, Roque Júnior! 
#FutebolPaulista #Aniversário",,0,"08/31/2026 04:00",N/A,https://www.facebook.com/futebolpaulista/posts/pfbid02DmWRNNXtSCBkMt8wGc6ja5HCSejtset1nvWKfoeUA7weMHx5vSAQvv68zRgh4qPDl,0,0,Fotos,,,,,Total,11755,11755,0,8423,8423,0,0,0,0,0,0,0,113,100,9,4,,
1533875035442108,100064588783898,"Federação Paulista de Futebol - FPF","#VemPraEAFI! 😉 Nossas árbitras FIFA tem um recado pra quem deseja seguir carreira na arbitragem 🎙️

✍️ Inscreva-se na edição de 2027 do Curso de Árbitros da Federação Paulista de Futebol! Link na bio com mais informações!

#FPFAcademia #Curso #Arbitragem #FPF EAFI","#VemPraEAFI! 😉 Nossas árbitras FIFA tem um recado pra quem deseja seguir carreira na arbitragem 🎙️

✍️ Inscreva-se na edição de 2027 do Curso de Árbitros da Federação Paulista de Futebol! Link na bio com mais informações!

#FPFAcademia #Curso #Arbitragem #FPF EAFI",35,"08/31/2026 09:05",N/A,https://www.facebook.com/reel/2119039632365927/,1,0,Vídeos,,,,,Total,2391,2375,0,2328,2328,0,720,0,714,0,0,720,24,21,1,2,12452.258,5.502
1533956888767256,100064588783898,"Federação Paulista de Futebol - FPF","JOGA DE TERNO!
Arthur é o novo reforço do Peixão para a temporada 2026! Aprovado, torcedor?
#Santos #PaulistasEmCampo 
📷Raul Baretta/Santos",,0,"08/31/2026 10:44",N/A,https://www.facebook.com/futebolpaulista/posts/pfbid0273X4ot1o4sY5MRYZBX4QAPcDUoAdbmZZqRMcEZ98xkBxPF8gNfeaTXpnygQzaCsAl,0,0,Fotos,,,,,Total,23838,23838,0,15341,15341,0,0,0,0,0,0,0,262,229,32,1,,
1534007088762236,100064588783898,"Federação Paulista de Futebol - FPF","NINGUÉM SEGURA O TIGRE! 🐯
O Novorizontino engatou a terceira no @brasileiraob.
#PaulistasEmCampo",,0,"08/31/2026 12:00",N/A,https://www.facebook.com/futebolpaulista/posts/pfbid02DqL7mTwzvrRUeE8AsX5xWdQJPZoFf3GoU7kf5mutTyQhcBPPvjFaPyJNT8RdFDt5l,0,0,Fotos,,,,,Total,25718,25718,0,18427,18427,0,0,0,0,0,0,0,226,206,18,2,,
1534080285421583,100064588783898,"Federação Paulista de Futebol - FPF","DENTRO OU FORA DO ALÇAPÃO!
Ninguém segura o Peixão nos clássicos neste século 🔥🐳
#PaulistasEmCampo #Santos",,0,"08/31/2026 14:00",N/A,https://www.facebook.com/futebolpaulista/posts/pfbid0m1Jf168DMn6EcvownAB816YSPqrDgJTQd3BFssXCBHUHLQKU3s1mrTmwmCdzoKT7l,0,0,Fotos,,,,,Total,95401,95401,0,63318,63318,0,0,0,0,0,0,0,1279,1064,168,47,,
1534116638751281,100064588783898,"Federação Paulista de Futebol - FPF","O Corinthians é a vítima preferida na carreira do Gabigol!
#Santos #PaulistasEmCampo",,0,"08/31/2026 15:12",N/A,https://www.facebook.com/futebolpaulista/posts/pfbid0WmEr2sfqLEQHkKzQtiSTGvLArEXLrHpssmYMyoqZw5pMYUWW5eeqRgAEScsdgMxxl,0,0,Fotos,,,,,Total,11593,11593,0,8429,8429,0,0,0,0,0,0,0,134,127,3,4,,
1534203715409240,100064588783898,"Federação Paulista de Futebol - FPF","GOLEADA DO CARCARÁ!⚽⚽⚽⚽
Em casa, Grêmio Prudente abre bela vantagem sobre o Paulista em busca da classificação no Play-In da Copa Paulista Rivalo!
#CopaPaulistaRivalo
📷Divulgação/Paulista FC",,0,"08/31/2026 17:59",N/A,https://www.facebook.com/futebolpaulista/posts/pfbid02UfaXZ7dqXyehCRnSyTrKveAeoqKp4BHCVAWB1ahdSrXqADGdtXkCEPeQaB6WKS2yl,0,0,Fotos,,,,,Total,12862,12862,0,9798,9798,0,0,0,0,0,0,0,113,101,10,2,,
1534205775409034,100064588783898,"Federação Paulista de Futebol - FPF","COMERCIAL NA FRENTE! 🤩
O Leão aproveitou o fator casa e garantiu vantagem no play-in da #CopaPaulistaRivalo! 
📷 @comercialfcoficial",,0,"08/31/2026 18:03",N/A,https://www.facebook.com/futebolpaulista/posts/pfbid08e8VTjHjv6g1sgodPsHerCf9aQQer5keMt8BezPjRgAFc6kUNeqg4zkBB4bWrekFl,0,0,Fotos,,,,,Total,19880,19880,0,15441,15441,0,0,0,0,0,0,0,118,105,10,3,,
1534210612075217,100064588783898,"Federação Paulista de Futebol - FPF","Fim dos jogos de ida do play-in da #CopaPaulistaRivalo! 👀",,0,"08/31/2026 18:11",N/A,https://www.facebook.com/futebolpaulista/posts/pfbid021x76KfTRpqN2S1485K8TWmayZ2NkporoBqaczKrpdoCEFagToLrYc6a8GBLJV1sJl,0,0,Fotos,,,,,Total,16877,16877,0,11118,11118,0,0,0,0,0,0,0,125,109,11,5,,
1534272065402405,100064588783898,"Federação Paulista de Futebol - FPF","O CAMPEÃO DOS CAMPEÕES!
Teu passado é uma bandeira, teu presente, uma lição. Sempre figurando entre os primeiros, o Corinthians completa 116 anos de muitas histórias e conquistas. Parabéns!
#Aniversário",,0,"08/31/2026 20:05",N/A,https://www.facebook.com/futebolpaulista/posts/pfbid0BcTrxmuCir4EcoLjkMeXp6N3MPEoYWAaZSaZmYSF9BE9AELiYfWedP3khFKamuEYl,0,0,Fotos,,,,,Total,104847,104847,0,75981,75981,0,0,0,0,0,0,0,3812,3244,201,367,,
1534286378734307,100064588783898,"Federação Paulista de Futebol - FPF","NO PEITO E NA RAÇA, COM GARRA E AMOR...
Há 116 anos que o Noroeste escreve sua história no #FutebolPaulista. Hoje é dia de celebrar mais um ano do clube.
#Aniversário",,0,"08/31/2026 20:30",N/A,https://www.facebook.com/futebolpaulista/posts/pfbid0M8xV8qTwWNDqAdbBUW1UqWsfgKBfahfcyBgqZP9QYQSYJdWoYP8bhB5XGZKboff6l,0,0,Fotos,,,,,Total,5822,5822,0,4235,4247,0,0,0,0,0,0,0,92,78,8,6,,
1534639555365656,100064588783898,"Federação Paulista de Futebol - FPF","E AÍ, TORCEDOR? CONTA PRA GENTE! 🦅🗣️
Em 116 anos de história, comenta aí qual é a sua escalação do Corinthians de todos os tempos?
#Corinthians #Aniversário",,0,"09/01/2026 06:00",N/A,https://www.facebook.com/futebolpaulista/posts/pfbid02Yr8kmEuHSdZ9mFYB2UPMhZzCMG5ogPtitCwgYFFQg6Yjsy3ijUhdFf8nSCedVmcEl,0,0,Fotos,,,,,Total,1829,1829,0,1326,1326,0,0,0,0,0,0,0,29,17,12,0,,
1534732545356357,100064588783898,"Federação Paulista de Futebol - FPF","FLACO E GABIGOL NO TOPO!
Esses foram os atletas dos clubes paulistas que mais marcaram até aqui no @brasileirao!
#PaulistasEmCampo",,0,"09/01/2026 08:00",N/A,https://www.facebook.com/futebolpaulista/posts/pfbid0Upkdk8Hy7LWJyAGQfwf37bqn4bNyXGEoCcPJu2b6aKyqoA4SX2kX4sW51oPx3npvl,0,0,Fotos,,,,,Total,0,0,0,0,0,0,0,0,0,0,0,0,5,4,1,0,,
1524961003000178,100064588783898,"Federação Paulista de Futebol - FPF","ADVERSÁRIO ANTIGO!
São Paulo e Boca Juniors se enfrentaram na @sudamericanabr em 2007 e o Tricolor levou a melhor. Lembra desses confrontos, torcedor?
#PaulistasEmCampo",,0,"08/21/2026 12:00",N/A,https://www.facebook.com/futebolpaulista/posts/pfbid02CmQdiZ1nYPawbXvbDBchgwx4GWypZrYcr8UCz9H131jrv9HBLgJugSVMCxT5f6SDl,0,0,Fotos,,,,,Total,22472,22472,0,15610,15610,0,0,0,0,0,0,0,231,222,4,5,,
1524967006332911,100064588783898,"Federação Paulista de Futebol - FPF","O MEMPHIS TEM UM RECADO IMPORTANTE! 
#Corinthians #FutebolPaulista #Libertadores 
🎥 GE","O MEMPHIS TEM UM RECADO IMPORTANTE! 
#Corinthians #FutebolPaulista #Libertadores 
🎥 GE",18,"08/21/2026 12:08",uploaded,https://www.facebook.com/reel/2574718869697152/,1,0,Vídeos,,,,,Total,17523,17501,0,15240,15240,0,6920,0,6759,0,0,6920,504,436,44,24,118871.471,8.312
1522029836626628,100064588783898,"Federação Paulista de Futebol - FPF","DUELO DE ALVINEGROS!
Comercial e XV de Piracicaba fazem mais um jogo da quinta rodada da Copa Paulista Rivalo nesta terça-feira. 
#CopaPaulistaRivalo",,0,"08/18/2026 07:00",N/A,https://www.facebook.com/futebolpaulista/posts/pfbid02jdUJhiWoHjQ2oLaYtFJDPwzB7FMp7ntcgYgrfPmLkgSv97djRuj8b3pvbo59z18Nl,0,0,Fotos,,,,,Total,7329,7329,0,5464,5464,0,0,0,0,0,0,0,53,48,3,2,,
1521988763297402,100064588783898,"Federação Paulista de Futebol - FPF","VAMOS, SÃO PAULO! 🇾🇪
O Tricolor precisa da vitória para avançar para as quartas da @sudamericanabr e vai contar com o apoio da torcida no MorumBIS!
#PaulistasEmCampo #Sulamericana",,0,"08/18/2026 06:00",N/A,https://www.facebook.com/futebolpaulista/posts/pfbid0YWuzrny7V268NYVvkjdWP7jFQyEysth1CxAraBXUiXmGeDKLt5Xevw83mtU7f6pDl,0,0,Fotos,,,,,Total,14206,14206,0,10422,10422,0,0,0,0,0,0,0,339,312,18,9,,
1524365169726428,100064588783898,"Federação Paulista de Futebol - FPF","Essa foi a quinta-feira dos paulistas! #PaulistasEmCampo",,0,"08/20/2026 20:10",N/A,https://www.facebook.com/futebolpaulista/posts/pfbid0LAH4ttQ1XDp9Gqytspvv9kxYK7hGZyambBKdmbm7h9jvBLSXgXUhEbhcXtzCAMhYl,0,0,Fotos,,,,,Total,32147,32147,0,21709,21709,0,0,0,0,0,0,0,164,146,4,14,,
1524351263061152,100064588783898,"Federação Paulista de Futebol - FPF","Palmeiras, Corinthians, São Paulo e Santos seguem vivos na @libertadoresbr e na @sudamericanabr! 🤝 #PaulistasEmCampo #Libertadores #Sudamericana",,0,"08/20/2026 19:48",N/A,https://www.facebook.com/futebolpaulista/posts/pfbid0mkYzbLzxzT2HjXMjaG7oCLxPsQ5JYa8goinLJEBggFUvY4jdS5Lck64S4Gyr6xT6l,0,0,Fotos,,,,,Total,56557,56557,0,38139,38139,0,0,0,0,0,0,0,514,475,26,13,,
1524347363061542,100064588783898,"Federação Paulista de Futebol - FPF","ATÉ O FINAL! 😮💨🔥
Com gol de Bidon, o Corinthians tá nas quartas de final da @libertadoresbr! #PaulistasEmCampo #Libertadores #Corinthians
📷 Rodrigo Coca/Ag. Corinthians",,0,"08/20/2026 19:41",N/A,https://www.facebook.com/futebolpaulista/posts/pfbid0aUyzkvDSUjFXUgtN29A1LNdDzzcnL6X8Guu4W6VRrVVf6BAQVWnhn9Wcv1xm4DKl,0,0,Fotos,,,,,Total,19364,19364,0,14038,14038,0,0,0,0,0,0,0,790,739,31,20,,
1524340256395586,100064588783898,"Federação Paulista de Futebol - FPF","CONFRONTO DEFINIDO! ⚫⚪
O Timão enfrenta o Estudiantes nas quartas de final da @libertadoresbr! #PaulistasEmCampo #Libertadores #Corinthians",,0,"08/20/2026 19:30",N/A,https://www.facebook.com/futebolpaulista/posts/pfbid02M16PYFs751XbL7F7Rh3xNG3V2rKXrEeMdVntGRpsvMxT26NFyum3ozFjt1YvWkcsl,0,0,Fotos,,,,,Total,3792,3792,0,2577,2577,0,0,0,0,0,0,0,88,82,4,2,,
1524338406395771,100064588783898,"Federação Paulista de Futebol - FPF","O CORINTHIANS TÁ CLASSIFICADO PRAS QUARTAS DE FINAL DA LIBERTADORES!!! ⚫⚪🦅 #PaulistasEmCampo #Libertadores #Corinthians",,0,"08/20/2026 19:27",N/A,https://www.facebook.com/futebolpaulista/posts/pfbid031QYTDsSQ6YzDD2fVx5jyn3Qu8RnW7TTMioJ7hZCMgqMDYciYPQsreiXsZbWFZgbkl,0,0,Fotos,,,,,Total,12243,12243,0,8705,8705,0,0,0,0,0,0,0,440,408,15,17,,
1524299199733025,100064588783898,"Federação Paulista de Futebol - FPF","TIGRE NO G4! 🐯
O Novorizontino venceu o América-MG e garantiu a 4ª posição na tabela do @brasileiraob! #PaulistasEmCampo
📷 Juan Rodrigues/Novorizontino",,0,"08/20/2026 18:26",N/A,https://www.facebook.com/futebolpaulista/posts/pfbid0Ln6gTMx62Y1UxedZ2bPj49iD31e7jjQEFeFEVPw9R5tfPmZzpXcKZzTq7ezgVbYkl,0,0,Fotos,,,,,Total,18557,18557,0,13689,13689,0,0,0,0,0,0,0,229,207,12,10,,
1524259146403697,100064588783898,"Federação Paulista de Futebol - FPF","CONFRONTO DEFINIDO! 🟢⚪
O Palmeiras encara a LDU nas quartas de final da @libertadoresbr! #PaulistasEmCampo #Libertadores #Palmeiras",,0,"08/20/2026 17:14",N/A,https://www.facebook.com/futebolpaulista/posts/pfbid02Nv3vUAg8J7sxKyrmFYxLp9ES6k4hwh5wbmje4qGemHedFNBRmX9az4Rg98WNoRazl,0,0,Fotos,,,,,Total,3781,3781,0,2670,2670,0,0,0,0,0,0,0,140,129,5,6,,
1524258273070451,100064588783898,"Federação Paulista de Futebol - FPF","FORAM GIGANTES! 👏
O Mirassol lutou até o fim, mas deixou a Libertadores nos pênaltis diante da LDU! 🥲 #PaulistasEmCampo #Libertadores #Mirassol
📷 Pedro Zacchi/Agência Mirassol",,0,"08/20/2026 17:12",N/A,https://www.facebook.com/futebolpaulista/posts/pfbid042M6G2KTPt5GNNyuvNg1i5tvQNg1ZkbzcqjThTQoDgcoRDNS8avAxyNxBYqnKo35l,0,0,Fotos,,,,,Total,59601,59601,0,41444,41444,0,0,0,0,0,0,0,806,679,106,21,,
1524255173070761,100064588783898,"Federação Paulista de Futebol - FPF","NAS QUARTAS! 🤩
O Santos segurou o empate fora de casa e avançou às quartas de final no placar agregado! #PaulistasEmCampo #Sudamericana #Santos
📷 Raul Baretta/Santos",,0,"08/20/2026 17:06",N/A,https://www.facebook.com/futebolpaulista/posts/pfbid02xrfxuTXZ5mYMf6d9PgJkPcjhUGKuLaKyxCryBrirhATKbFseSZGyfqNjKdfcnAsZl,0,0,Fotos,,,,,Total,18084,18084,0,13216,13216,0,0,0,0,0,0,0,430,412,11,7,,
1524251739737771,100064588783898,"Federação Paulista de Futebol - FPF","CONFRONTO BRASILEIRO! ⚪⚫
O Santos encara o Atlético-MG nas quartas de final da @sudamericanabr! #PaulistasEmCampo #Sudamericana #Santos",,0,"08/20/2026 17:01",N/A,https://www.facebook.com/futebolpaulista/posts/pfbid0yqgSmEkyHb8WQtyUUh6xta1yrEppapV6uWJURWDPkybck13PUEQyGfbLgq5srdgCl,0,0,Fotos,,,,,Total,2206,2206,0,1619,1619,0,0,0,0,0,0,0,57,53,3,1,,
1524248673071411,100064588783898,"Federação Paulista de Futebol - FPF","O SANTOS TÁ CLASSIFICADO PRAS QUARTAS DE FINAL DA SUDAMERICANA!!! ⚪⚫🐳 #PaulistasEmCampo #Sudamericana #Santos",,0,"08/20/2026 16:56",N/A,https://www.facebook.com/futebolpaulista/posts/pfbid0EiYwCyTZbxaQpzC63gnWy2yv1k5S9Wc7nAq9UCZge1xag46FecJTL6Pbr7HYh54ul,0,0,Fotos,,,,,Total,4095,4095,0,3053,3053,0,0,0,0,0,0,0,149,146,0,3,,
1524102069752738,100064588783898,"Federação Paulista de Futebol - FPF","O LUCIANO É 10/10!  🤩
O camisa 10 do São Paulo se consagrou como maior artilheiro do Tricolor na @sudamericanabr com 10 gols marcados!
#PaulistasEmCampo #Sulamericana",,0,"08/20/2026 12:30",N/A,https://www.facebook.com/futebolpaulista/posts/pfbid02Pys3heDTustcqHPDLmqXFYS7FCRhn4TZU6ekUNXydTt6Ptae29dAzxDRSYyJpxN1l,0,0,Fotos,,,,,Total,11683,11683,0,8248,8248,0,0,0,0,0,0,0,261,248,5,8,,
1524043489758596,100064588783898,"Federação Paulista de Futebol - FPF","O CARLOS MIGUEL PROMETEU E CUMPRIU! 🐷💚
#Palmeiras #FutebolPaulista 
🎥 ESPN","O CARLOS MIGUEL PROMETEU E CUMPRIU! 🐷💚
#Palmeiras #FutebolPaulista 
🎥 ESPN",5,"08/20/2026 11:12",uploaded,https://www.facebook.com/reel/2094428871468113/,1,0,Vídeos,,,,,Total,15167,15161,0,9171,9171,0,4966,0,4966,0,0,4966,158,151,2,5,44620.224,4.982
1524029063093372,100064588783898,"Federação Paulista de Futebol - FPF","BOAS LEMBRANÇAS CONTRA EQUIPES ARGENTINAS 👀
Nas oitavas de 2022 contra o Boca Juniors, em 2026 contra o Rosario Central. O que resta pro Timão é repetir a dose, vencer os hermanos e avançar para as quartas de final mais uma vez!
#PaulistasEmCampo",,0,"08/20/2026 11:00",N/A,https://www.facebook.com/futebolpaulista/posts/pfbid0Z4uv2B75VjSV7yh3xeALMyWBL7g5Y7JADwfrB7kMqaampHWreu6KwLsijf9JQLVwl,0,0,Fotos,,,,,Total,18003,18003,0,12714,12714,0,0,0,0,0,0,0,112,108,3,1,,
1524006176428994,100064588783898,"Federação Paulista de Futebol - FPF","No último encontro entre Corinthians e Rosario Central na @libertadoresbr, o Timão levou a melhor! Vem conferir os gols do confronto que rolou nas oitavas de final de 2000 🦅👀
#PaulistasEmCampo #Libertadores
🎥ESPN","No último encontro entre Corinthians e Rosario Central na @libertadoresbr, o Timão levou a melhor! Vem conferir os gols do confronto que rolou nas oitavas de final de 2000 🦅👀
#PaulistasEmCampo #Libertadores
🎥ESPN",69,"08/20/2026 10:30",auto,https://www.facebook.com/reel/1362984059257552/,0,0,Vídeos,,,,,Total,8014,8011,0,7484,7484,0,4224,888,4112,888,0,4224,98,96,1,1,104018.217,13.616
1523996789763266,100064588783898,"Federação Paulista de Futebol - FPF","EM BUSCA DA CLASSIFICAÇÃO!
O Peixe já venceu o jogo de ida, agora quer a vaga na @sudamericanabr.
#PaulistasEmCampo",,0,"08/20/2026 10:17",N/A,https://www.facebook.com/futebolpaulista/posts/pfbid0YEKBEkcGXerSdDmL1xtomgWG79h86WPvzp4HbFJ57B2vaxLrvaN5hMYGk7ucAXLvl,0,0,Fotos,,,,,Total,10054,10054,0,7307,7307,0,0,0,0,0,0,0,85,84,1,0,,
1523985823097696,100064588783898,"Federação Paulista de Futebol - FPF","DO PAULISTÃO A2 À LIBERTADORES DA AMÉRICA!
Muita coisa pode mudar em dez anos, né, @mirassolfc? 🥺
#PaulistasEmCampo
📷Ag.Paulistão e Divulgação/Mirassol",,0,"08/20/2026 10:00",N/A,https://www.facebook.com/futebolpaulista/posts/pfbid0saLcAxknbpRvhTyLFCUciqEVJQouJ7oziAeDSSF7FJHjw5xmRXV8Z5wfP34roWNpl,0,0,Fotos,,,,,Total,19752,19752,0,12142,12142,0,0,0,0,0,0,0,259,234,18,7,,
1523944819768463,100064588783898,"Federação Paulista de Futebol - FPF","MAIS UMA PÁGINA DA HISTÓRIA A SER ESCRITA!
O Mirassol visita o Equador em busca da classificação para as quartas de final da @libertadoresbr!
#PaulistasEmCampo",,0,"08/20/2026 09:00",N/A,https://www.facebook.com/futebolpaulista/posts/pfbid02wSKzGeTV6V8p26GuoNhBSNtD9Ft1PWZpvPohapKBS55UJGbXMKJ1KEFmjey1A5eKl,0,0,Fotos,,,,,Total,11306,11306,0,8199,8199,0,0,0,0,0,0,0,42,40,1,1,,
1523861303110148,100064588783898,"Federação Paulista de Futebol - FPF","VAAAAAAAAAAI, CORINTHIANS! 🦅
O objetivo é um só: avançar para as quartas de final da @libertadoresbr!
#PaulistasEmCampo",,0,"08/20/2026 07:00",N/A,https://www.facebook.com/futebolpaulista/posts/pfbid02WfEQWWG4qXnVKA9DQNbUpkxCmfeFXFyZDAPSAt6KVE74njN9q6ByENvTayDXGkeCl,0,0,Fotos,,,,,Total,10847,10847,0,7869,7869,0,0,0,0,0,0,0,251,222,26,3,,
1523819169781028,100064588783898,"Federação Paulista de Futebol - FPF","@libertadoresbr 🤝 @sudamericanabr 🤝 @brasileiraob
Dia lotado de confrontos importantes para as minhas equipes!
#PaulistasEmCampo",,0,"08/20/2026 06:00",N/A,https://www.facebook.com/futebolpaulista/posts/pfbid0hahsvyZnXLtbv9BfT3B4bDiW8tZ1AbLtZj7xmRHvYPP8PZqreK97Eo9gmxkAHpyl,0,0,Fotos,,,,,Total,17256,17256,0,12256,12256,0,0,0,0,0,0,0,172,160,1,11,,
1523440456485566,100064588783898,"Federação Paulista de Futebol - FPF","GOL DO PANTERA NO ÚLTIMO LANCE!
O Botafogo busca o empate contra o Criciúma no @brasileiraob!
#PaulistasEmCampo
📷João Victor Menezes de Souza/Agência Botafogo",,0,"08/19/2026 19:49",N/A,https://www.facebook.com/futebolpaulista/posts/pfbid0gpCksx5toihrm2FaTyNPUq1DvzxV7xCCVa1fiejg58Y216obyuvdryzSSYQPyVanl,0,0,Fotos,,,,,Total,13039,13039,0,9509,9509,0,0,0,0,0,0,0,172,157,11,4,,
1523434656486146,100064588783898,"Federação Paulista de Futebol - FPF","QUARTA-FEIRA MOVIMENTADA!
Com Palmeiras classificado, esses foram os resultados dos confrontos de hoje.
#PaulistasEmCampo",,0,"08/19/2026 19:40",N/A,https://www.facebook.com/futebolpaulista/posts/pfbid0314SwMLvmSJGLDg7HJ5rBkNnqLuZBK2BS99ZWFZWhc1H5QXJM4fqpPnAgNLaobeMyl,0,0,Fotos,,,,,Total,48940,48940,0,31545,31545,0,0,0,0,0,0,0,233,214,13,6,,
1523353493160929,100064588783898,"Federação Paulista de Futebol - FPF","TUDO IGUAL!
O São Bernardo soma um ponto fora de casa contra o Fortaleza no @brasileiraob!
#PaulistasEmCampo
📷Andreison Castro/Divulgação/São Bernardo",,0,"08/19/2026 17:33",N/A,https://www.facebook.com/futebolpaulista/posts/pfbid0rFM2jKJmwTMHM9CcwZJsp7pUoDruFEKXryyEvdnjNQWBYb1TQ5qQa9whRBraFvDhl,0,0,Fotos,,,,,Total,8658,8658,0,6407,6407,0,0,0,0,0,0,0,44,42,0,2,,
1523351809827764,100064588783898,"Federação Paulista de Futebol - FPF","O primeiro jogador da história a marcar em 9️⃣ edições consecutivas da CONMEBOL Libertadores. 🌟💚
#PaulistasEmCampo #GustavoGomez #Palmeiras 
📷Cesar Greco/Palmeiras",,0,"08/19/2026 17:30",N/A,https://www.facebook.com/futebolpaulista/posts/pfbid02YU5FSJSoutZhZskEtN1a8y7Pc7RLdD4StL2xy9DYwjtFUE2d5xm1fYvnHtVcRbuul,0,0,Fotos,,,,,Total,11178,11178,0,7979,7979,0,0,0,0,0,0,0,569,517,23,29,,
1523343709828574,100064588783898,"Federação Paulista de Futebol - FPF","𝑨𝒃𝒔𝒐𝒍𝒖𝒕𝒆 𝑮𝒖𝒔𝒕𝒂𝒗𝒐 𝑮𝒐́𝒎𝒆𝒛.
#PaulistasEmCampo #Palmeiras #Libertadores 
🎥@libertadoresbr","𝑨𝒃𝒔𝒐𝒍𝒖𝒕𝒆 𝑮𝒖𝒔𝒕𝒂𝒗𝒐 𝑮𝒐́𝒎𝒆𝒛.
#PaulistasEmCampo #Palmeiras #Libertadores 
🎥@libertadoresbr",32,"08/19/2026 17:14",N/A,https://www.facebook.com/reel/1797580908260704/,0,0,Vídeos,,,,,Total,334006,333494,0,308236,308236,0,171998,0,171998,0,0,171998,18009,16677,479,853,4025871.997,13.935
1523340816495530,100064588783898,"Federação Paulista de Futebol - FPF","FIM DE PAPO!
Assim terminou a 5ª rodada da Copa Paulista Rivalo!
#CopaPaulistaRivalo",,0,"08/19/2026 17:09",N/A,https://www.facebook.com/futebolpaulista/posts/pfbid0vwH9uxbbaUi3d9jKtn9wnEoqQyxrxPtgGvvk1iniE4vP5qZUhHbRXZosgvwAPsDXl,0,0,Fotos,,,,,Total,14361,14361,0,10121,10121,0,0,0,0,0,0,0,80,73,3,4,,
1523339736495638,100064588783898,"Federação Paulista de Futebol - FPF","UM GOL PARA CADA LADO!
União São João e Noroeste encerram a rodada da Copa Paulista Rivalo com um empate!
#CopaPaulistaRivalo
📷Luiz Malavolta Jr./Noroeste SAF",,0,"08/19/2026 17:07",N/A,https://www.facebook.com/futebolpaulista/posts/pfbid02xZrUX1fAH3YYvFjXKKFU78WFXNNBoen7pxAYLzLzCSmvQekG2RFcoLDaUQizy9hRl,0,0,Fotos,,,,,Total,11335,11335,0,8811,8811,0,0,0,0,0,0,0,48,46,0,2,,
1523338106495801,100064588783898,"Federação Paulista de Futebol - FPF","Apesar do empate, o Red Bull Bragantino se despede da @sudamericanabr.
#PaulistasEmCampo
📷Ari Ferreira/Red Bull Bragantino",,0,"08/19/2026 17:05",N/A,https://www.facebook.com/futebolpaulista/posts/pfbid0QVThM2Hemk8cBTKduBrjvEVsiy8N7cJXVnPcShYu8ySH9Fy5oGZFtcGfLSSbGo2Kl,0,0,Fotos,,,,,Total,11736,11736,0,8574,8574,0,0,0,0,0,0,0,60,47,6,7,,
1523333579829587,100064588783898,"Federação Paulista de Futebol - FPF","VITÓRIA E CLASSIFICAÇÃO DO VERDÃO!
Com gol de Gustavo Gómez, o Palmeiras vence o Cerro Porteño no Paraguai!
#PaulistasEmCampo
📷Cesar Greco/Palmeiras",,0,"08/19/2026 16:57",N/A,https://www.facebook.com/futebolpaulista/posts/pfbid02Y7Kkho3dXJbaTJYoYrZERJwBkmanhxRV1Dg8HbTfpev1a5xRwsz73ya22UntcBEel,0,0,Fotos,,,,,Total,24892,24892,0,17843,17843,0,0,0,0,0,0,0,700,620,49,31,,
1523333486496263,100064588783898,"Federação Paulista de Futebol - FPF","PALMEIRAS NA LIBERTADORES É SINÔNIMO DE TRADIÇÃO! 🐷🌟
Coloca mais uma quartas de final de CONMEBOL Libertadores na conta do Verdão!
#PaulistasEmCampo",,0,"08/19/2026 16:57",N/A,https://www.facebook.com/futebolpaulista/posts/pfbid02aXzBkq9MG8PMDbouyNagKz26wj5tfwUTFHn25dFRHV2q6Nc3t64m7Y7WuLvJd1sEl,0,0,Fotos,,,,,Total,14865,14865,0,10253,10253,0,0,0,0,0,0,0,644,527,30,87,,
1523316866497925,100064588783898,"Federação Paulista de Futebol - FPF","DEIXA QUE O CAPITÃO RESOLVE!
Gustavo Gómez coloca o Palmeiras na vantagem na @libertadoresbr!
#PaulistasEmCampo
🎥Paramount+","DEIXA QUE O CAPITÃO RESOLVE!
Gustavo Gómez coloca o Palmeiras na vantagem na @libertadoresbr!
#PaulistasEmCampo
🎥Paramount+",57,"08/19/2026 16:26",auto,https://www.facebook.com/reel/1389029109909741/,0,0,Vídeos,,,,,Total,48899,48819,0,45497,45497,0,27561,0,25789,0,0,27561,2831,2593,66,172,618861.801,14.074
1523313559831589,100064588783898,"Federação Paulista de Futebol - FPF","GOL DO RED BULL BRAGANTINO!
Eric Ramires abre o placar para o Massa Bruta na @sudamericanabr!
#PaulistasEmCampo
🎥sportscenterbr","GOL DO RED BULL BRAGANTINO!
Eric Ramires abre o placar para o Massa Bruta na @sudamericanabr!
#PaulistasEmCampo
🎥sportscenterbr",30,"08/19/2026 16:20",N/A,https://www.facebook.com/reel/1538828797453995/,0,0,Vídeos,,,,,Total,28007,27999,0,25962,25962,0,18162,0,17808,0,0,18162,124,124,0,0,251817.936,10.115
1523156853180593,100064588783898,"Federação Paulista de Futebol - FPF","EM BUSCA DA VIRADA!
O Massa Bruta vai com foco total em garantir a vaga para a próxima fase da @sudamericanabr.
#PaulistasEmCampo #RedBullBragantino",,0,"08/19/2026 12:00",N/A,https://www.facebook.com/futebolpaulista/posts/pfbid02K6TrkxKQdfgajLkN5NFHEnTwBpTNFMroF2Vs8McoSkfThQMmxWrcw9V3WacALfbfl,0,0,Fotos,,,,,Total,4759,4759,0,3485,3485,0,0,0,0,0,0,0,20,20,0,0,,
1523115736518038,100064588783898,"Federação Paulista de Futebol - FPF","É TRADIÇÃO QUE FALA? 😮💨
O Palmeiras anda batendo ponto nas quartas de final da @libertadoresbr nos últimos dez anos! 
#PaulistasEmCampo #Libertadores #Verdão",,0,"08/19/2026 11:00",N/A,https://www.facebook.com/futebolpaulista/posts/pfbid0YknR3JBPYfhYAnEm9VmQyUJtYRTu1buxzscWbWw4Bum8WB8kPbfD5YL3fewhz9nRl,0,0,Fotos,,,,,Total,13798,13798,0,9701,9701,0,0,0,0,0,0,0,574,523,32,19,,
1523074549855490,100064588783898,"Federação Paulista de Futebol - FPF","DIA MUNDIAL DA FOTOGRAFIA COM REGISTROS HISTÓRICOS DO PRÍNCIPE 👑🤍🖤
#DiaMundialDaFotografia #Neymar 
📷 Ricardo Nogueira | Ricardo Nogueira | Fotógrafo de futebol",,0,"08/19/2026 09:57",N/A,https://www.facebook.com/futebolpaulista/posts/pfbid0NzrgnJnNaFc3aS9qxk6Bda8cDds24edCNsnXjdhipRvpvunXwYvvG2ZgzXU5eN7Ll,0,0,Fotos,,,,,Total,25531,25531,0,16471,16471,0,0,0,0,0,0,0,1177,719,13,445,,
1523035976526014,100064588783898,"Federação Paulista de Futebol - FPF","A TAÇA LIBERTADORES, OBSESSÃO! 🐷🔥
O Palmeiras vai buscar a vitória no Paraguai para avançar às quartas de final da @libertadoresbr!
#PaulistasEmCampo",,0,"08/19/2026 09:00",N/A,https://www.facebook.com/futebolpaulista/posts/pfbid0mFPjwzr3H2fbPPs9KpWLxPruf1aGaj8QAxoYwn6eeZFFnXjerKGFmt7crASWUPCLl,0,0,Fotos,,,,,Total,16116,16116,0,11673,11673,0,0,0,0,0,0,0,465,435,19,11,,
1522990829863862,100064588783898,"Federação Paulista de Futebol - FPF","FELIZ DIA MUNDIAL DA FOTOGRAFIA! 📸🌟
Para comemorar, reunimos os melhores cliques do Paulistão Casas Bahia desse ano de acordo com a ARFOC-SP! Qual é o seu favorito? 
#PaulistãoCasasBahia #DiaMundialDaFotografia 
📷Werther Santana

📷Pedro Zacchi

📷Abraão Soares

📷Abraão Soares

📷Victor Monteiro

📷Matheus Dahsan

📷Jhony Inácio 

📷Daniel Kfouri 

📷Victor Froes 

📷Tiago Dias

📷Ronaldo Barreto",,0,"08/19/2026 08:00",N/A,https://www.facebook.com/futebolpaulista/posts/pfbid0Eo2cU3mDpxrg6R9cnagX3ZbhmcXiVVAuXiwCbWzHpcG5uUsqArUHBnJm2N8ciAwDl,0,0,Fotos,,,,,Total,8074,8074,0,5204,5204,0,0,0,0,0,0,0,197,189,4,4,,
1522924703203808,100064588783898,"Federação Paulista de Futebol - FPF","PARA FECHAR!
União São João e Noroeste encerram a rodada da #CopaPaulistaRivalo, com transmissão do YouTube do @paulistao.",,0,"08/19/2026 07:00",N/A,https://www.facebook.com/futebolpaulista/posts/pfbid023sPdQBXmqTTFLzeqg4FayLEQZ14rpDcrLFgQcq3dACFqYqpyJkcc1NCF5cQUBTiel,0,0,Fotos,,,,,Total,4463,4463,0,3381,3381,0,0,0,0,0,0,0,41,32,7,2,,
1522880293208249,100064588783898,"Federação Paulista de Futebol - FPF","DIA CHEIO!
Tem decisão na @libertadoresbr e na @sudamericanabr, tem trio paulista querendo os três pontos no @brasileiraob.
#PaulistasEmCampo",,0,"08/19/2026 06:00",N/A,https://www.facebook.com/futebolpaulista/posts/pfbid0265PGcUSY3XjvDVzx5paXcxPLcoHTV85diMVimyDkio2topA4yoDo2Xi5VEBy5PJsl,0,0,Fotos,,,,,Total,23817,23817,0,16680,16680,0,0,0,0,0,0,0,215,196,4,15,,
1522503013245977,100064588783898,"Federação Paulista de Futebol - FPF","FECHANDO A CONTA!
Sabino subiu mais que a marcação e marcou o terceiro gol do Tricolor no MorumBIS nesta noite.
#PaulistasEmCampo
🎥 @sudamericanabr","FECHANDO A CONTA!
Sabino subiu mais que a marcação e marcou o terceiro gol do Tricolor no MorumBIS nesta noite.
#PaulistasEmCampo
🎥 @sudamericanabr",25,"08/18/2026 19:45",N/A,https://www.facebook.com/reel/27928221543501255/,0,0,Vídeos,,,,,Total,14536,14532,0,13331,13331,0,8384,0,8384,0,0,8384,219,208,3,8,112227.546,8.718
1522500939912851,100064588783898,"Federação Paulista de Futebol - FPF","DA MARCA DA CAL!
Calleri também deixou o dele para seguir em busca da Grande Conquista.
#PaulistasEmCampo
🎥 @sudamericanabr","DA MARCA DA CAL!
Calleri também deixou o dele para seguir em busca da Grande Conquista.
#PaulistasEmCampo
🎥 @sudamericanabr",26,"08/18/2026 19:42",N/A,https://www.facebook.com/reel/956085370834912/,0,0,Vídeos,,,,,Total,33037,33020,0,31404,31404,0,20213,0,20213,0,0,20213,574,554,7,13,239753.055,7.986
1522498866579725,100064588783898,"Federação Paulista de Futebol - FPF","É LUCIANO!
O camisa 10 do Tricolor iniciou a contagem no marcador com esse gol.
#PaulistasEmCampo
🎥 @sudamericanabr","É LUCIANO!
O camisa 10 do Tricolor iniciou a contagem no marcador com esse gol.
#PaulistasEmCampo
🎥 @sudamericanabr",21,"08/18/2026 19:38",N/A,https://www.facebook.com/reel/1402279242092735/,0,0,Vídeos,,,,,Total,16563,16560,0,14857,14857,0,8483,0,8483,0,0,8483,285,265,11,9,119522.363,8.415
1522496659913279,100064588783898,"Federação Paulista de Futebol - FPF","O MORUMBIS É PARA QUEM ACREDITA!
O São Paulo venceu em casa e está classificado para a próxima fase da @sudamericanabr.
#PaulistasEmCampo #AGrandeConquista
📷 Staff Images/Conmebol",,0,"08/18/2026 19:35",N/A,https://www.facebook.com/futebolpaulista/posts/pfbid029MQn8MKVFS7BizSFonehU4pP9S5aME59ZgJz8gMsHg4oRS1ZmXwk9HQBe39PPaqHl,0,0,Fotos,,,,,Total,31423,31423,0,22483,22483,0,0,0,0,0,0,0,1028,959,44,25,,
1522493309913614,100064588783898,"Federação Paulista de Futebol - FPF","BRASIL ⚔️ ARGENTINA!
Teremos simplesmente um São Paulo e Boca Juniors nas quartas de final da @sudamericanabr.
#PaulistasEmCampo",,0,"08/18/2026 19:28",N/A,https://www.facebook.com/futebolpaulista/posts/pfbid087mb3PUPq1FoJiCgHpt2RJwBDaFdqxSQazASy2d4JEdvTnuH3HqpDQVU6WMcQGxvl,0,0,Fotos,,,,,Total,4920,4920,0,3595,3595,0,0,0,0,0,0,0,114,110,1,3,,
1522492316580380,100064588783898,"Federação Paulista de Futebol - FPF","O TRICOLOR SEGUE EM BUSCA DA GRANDE CONQUISTA! 🌟🏆
#PaulistasEmCampo",,0,"08/18/2026 19:26",N/A,https://www.facebook.com/futebolpaulista/posts/pfbid0DRrMNMDibmenjemsm8cNx8of2yuiK7TCEPn33KELmHHn6bc7YWZ18F3wsEcWPbPQl,0,0,Fotos,,,,,Total,2649,2649,0,1975,1975,0,0,0,0,0,0,0,77,75,0,2,,
1522475926582019,100064588783898,"Federação Paulista de Futebol - FPF","ARTILHEIROS DA NOITE! ⭐
#PaulistasEmCampo
📷 Staff Images/Conmebol",,0,"08/18/2026 18:58",N/A,https://www.facebook.com/futebolpaulista/posts/pfbid0CpuQsVhqX8goEHfUj3uX45LV2txyCxN3BJyn9zHHZRbz5oFrjTtjTggLYQfjJFbol,0,0,Fotos,,,,,Total,8496,8496,0,6165,6165,0,0,0,0,0,0,0,229,215,8,6,,
1522456989917246,100064588783898,"Federação Paulista de Futebol - FPF","QUE DUPLA! 🤝🇾🇪
#PaulistasEmCampo
🎥 @sudamericanabr","QUE DUPLA! 🤝🇾🇪
#PaulistasEmCampo
🎥 @sudamericanabr",30,"08/18/2026 18:23",N/A,https://www.facebook.com/reel/3257136924484919/,0,0,Vídeos,,,,,Total,14777,14768,0,13905,13905,0,4706,0,4706,0,0,4706,503,479,12,12,83074.546,6.288
1522444553251823,100064588783898,"Federação Paulista de Futebol - FPF","NHÔ QUIM VENCE!
Com gol no primeiro tempo, o @xvpiracicaba leva a melhor nesta noite na #CopaPaulistaRivalo.
📷 Mariana Kasten/XV de Piracicaba",,0,"08/18/2026 18:01",N/A,https://www.facebook.com/futebolpaulista/posts/pfbid02EgFqGG52qXBFMmDuvBX7HZFAPibBu4TrYrLoEQCMPjANrY26VtUzCAAMAXj6c16Pl,0,0,Fotos,,,,,Total,19688,19688,0,14314,14314,0,0,0,0,0,0,0,205,168,28,9,,
1522250459937899,100064588783898,"Federação Paulista de Futebol - FPF","ELE VAI BUSCAR MAIS! 🏆
Memphis já conquistou três títulos com a camisa do Timão e agora continua sua história em busca de mais taças! ⚫⚪ #PaulistãoCasasBahia #Corinthians #Memphis",,0,"08/18/2026 12:05",N/A,https://www.facebook.com/futebolpaulista/posts/pfbid0344kKk38AxJnBSk6TdWtVFQM8MvYpVXzHiBTs7wafr3ifUMdYZN9aeViX58Uj7UnXl,0,0,Fotos,,,,,Total,9210,9210,0,6638,6638,0,0,0,0,0,0,0,328,303,18,7,,
1522242383272040,100064588783898,"Federação Paulista de Futebol - FPF","O CHEFE TÁ DE VOLTA! 👉🦁👈
O Corinthians chegou a um acordo com Memphis e anunciou oficialmente sua renovação! Feliz, torcedor? ⚫⚪ #PaulistãoCasasBahia #Corinthians #Memphis",,0,"08/18/2026 11:52",N/A,https://www.facebook.com/futebolpaulista/posts/pfbid02EPz4fJFiMHePKJocVB45TArwGkJkEuUmaFmqfWstMZcQK4WfTTNNXqHMgeMdwWHsl,0,0,Fotos,,,,,Total,19179,19179,0,13076,13076,0,0,0,0,0,0,0,611,503,98,10,,
1522217336607878,100064588783898,"Federação Paulista de Futebol - FPF","DE MATA-MATA, O HOMEM ENTENDE! 🔥😮💨
Dorival Jr tá mais que acostumado a disputar (e vencer) confrontos eliminatórios... Será que vem mais uma classificação por aí na @sudamericanabr? 
#PaulistasEmCampo #SãoPaulo #Tricolor #Sulamericana",,0,"08/18/2026 11:18",N/A,https://www.facebook.com/futebolpaulista/posts/pfbid0332aAP8dFamQvYRKmTxEqsJ9aJrV4kFawpWYcyW8wQjxiL16UxSXRpBR9ZafUUHgUl,0,0,Fotos,,,,,Total,13389,13389,0,9673,9673,0,0,0,0,0,0,0,73,57,15,1,,
1522163173279961,100064588783898,"Federação Paulista de Futebol - FPF","LEMBRA DESSA GOLEADA DO SÃO PAULO CONTRA O BOLÍVAR? 🇾🇪
Na @libertadoresbr de 2013, o Tricolor enfrentou o time boliviano no MorumBIS. Vem conferir os gols do duelo e aproveita para deixar nos comentários seu palpite para o reencontro de hoje na @sudamericanabr! 👀
#PaulistasEmCampo #Libertadores #Sulamericana 
🎥TV Globo","LEMBRA DESSA GOLEADA DO SÃO PAULO CONTRA O BOLÍVAR? 🇾🇪
Na @libertadoresbr de 2013, o Tricolor enfrentou o time boliviano no MorumBIS. Vem conferir os gols do duelo e aproveita para deixar nos comentários seu palpite para o reencontro de hoje na @sudamericanabr! 👀
#PaulistasEmCampo #Libertadores #Sulamericana 
🎥TV Globo",91,"08/18/2026 10:00",auto,https://www.facebook.com/reel/2024495154838930/,0,0,Vídeos,,,,,Total,15361,15336,0,15099,15099,0,8988,1007,8636,979,0,8988,466,428,15,23,183549.227,12.63
