"Identificação do post","Identificação da Página","Nome da Página",Título,Descrição,"Duração (s)","Horário de publicação","Tipo de legenda","Link permanente","É um post cruzado","É compartilhado","Tipo de post",Idiomas,"Rótulos personalizados","Status do conteúdo financiado","Comentário de dados",Data,Visualizações,Alcance,"Reações, comentários e compartilhamentos",Reações,Comentários,Compartilhamentos,"Total de cliques","Outros cliques","Consumo por direcionamento de público correspondente (Photo Click)","Feedbacks negativos dos usuários: Ocultar tudo","Segundos de visualização","Média de Segundos de visualização","Ganhos estimados (USD)","CPM do anúncio (USD)","Impressões do anúncio"
1356905469936423,100068509496158,Copinha,"FIM DE PAPO!
Chegou a hora de conferir os resultados da rodada 12 do #PaulistaSub20SérieA 👀",,0,"08/19/2026 10:31",N/A,https://www.facebook.com/copinha/posts/pfbid023CjYoZ7TkKwqY5zn68r7HY4CsFo6rZ8c2YwfnXDDwdR3pQR7S9zegBBPgTnYixfpl,0,0,Fotos,,,,,Total,10660,7378,79,74,1,4,234,112,122,,,,,,
1372070821753221,100068509496158,Copinha,"CONFRONTOS DEFINIDOS!
Assim ficaram os duelos das quartas de final do Paulista Sub-20 Série B:

Cosmopolitano x Brasilis
Paulista x Rio Branco
Comercial Tietê x Penapolense
Real Soccer x Taubaté

#PaulistaSub20SérieB",,0,"09/06/2026 13:27",N/A,https://www.facebook.com/copinha/posts/pfbid0GBjpiAugHgZcPjn4vBuqac75ogZQeiX25WQxJEZhGxMbgMGDidcA1juAPBSvrmqyl,0,0,Fotos,,,,,Total,10723,8064,88,62,6,20,183,108,75,,,,,,
1372057868421183,100068509496158,Copinha,"E lá se foram as oitavas de final do Paulista Sub-20 Série B! Confira os resultados das partidas de volta.
#PaulistaSub20SérieB",,0,"09/06/2026 13:04",N/A,https://www.facebook.com/copinha/posts/pfbid0gw61UbkW1VgNg6NPL3QXijGqjU8VS66t93fzG4gp3mxt2KL2s8qtUMR2qAKgRPNBl,0,0,Fotos,,,,,Total,4949,3681,27,25,1,1,58,27,31,,,,,,
1371915688435401,100068509496158,Copinha,"Rodada movimentada no Paulista Sub-12!
#PaulistaSub12",,0,"09/06/2026 09:25",N/A,https://www.facebook.com/copinha/posts/pfbid0nLJWEKcLFbv4EVE7mdKidk9i4ThycKmV6F6XqiaiBsEGE7xd5iZQgTNZG6VTa51al,0,0,Fotos,,,,,Total,2100,1220,31,16,2,13,162,30,132,,,,,,
1371915251768778,100068509496158,Copinha,"Hora de conferir os resultados da 13ª rodada do Paulista Sub-11!
#PaulistaSub11",,0,"09/06/2026 09:24",N/A,https://www.facebook.com/copinha/posts/pfbid0s9fL1WajBZRyjVJcGMrTgYRJq3wyXojTYxxBuahb1ZQdWfiYhePX73Y8QX1aysual,0,0,Fotos,,,,,Total,1537,962,31,13,3,15,115,18,97,,,,,,
1371333528493617,100068509496158,Copinha,"Mais uma rodada do Paulista Sub-17 concluída.
#PaulistaSub17",,0,"09/05/2026 17:23",N/A,https://www.facebook.com/copinha/posts/pfbid02vGBgKJG2Lzir71LoAJsxeC3gfHbDpJp9GoacahD3fgoTkoq6RL3HUchWuBpFJuZgl,0,0,Fotos,,,,,Total,2748,1533,29,24,1,4,195,37,158,,,,,,
1371332715160365,100068509496158,Copinha,"A 17ª rodada do Paulista Sub-15 chegou ao fim. Se liga nos resultados.
#PaulistaSub15",,0,"09/05/2026 17:22",N/A,https://www.facebook.com/copinha/posts/pfbid0f6VsJ2mZm8UQnAynMT6xgimiTSLM7rsbePHqthq2sXMpqhzMeQWWJbWxbUWLwS4Dl,0,0,Fotos,,,,,Total,2794,1709,31,24,2,5,192,39,153,,,,,,
1370865818540388,100068509496158,Copinha,"FIM DE SEMANA CHEIO!
A primeira fase do Paulista Sub-11 e Sub-12 está chegando ao fim... Confira os jogos dessa rodada!
#PaulistaSub11 #PaulistaSub12",,0,"09/05/2026 04:00",N/A,https://www.facebook.com/copinha/posts/pfbid06wdJXGv2vRpScFeaoPg3DnKJ1E9wq1TKMJVgHWHzTYNeKvW2LYKhZhXBrvtafwFxl,0,0,Fotos,,,,,Total,3063,2026,37,30,1,6,110,16,94,,,,,,
1370537451906558,100068509496158,Copinha,"É CAMPEÃO! É CAMPEÃO! 🏆💢
As #CriasDaColina conquistam o Brasileirão Sub-20!
#BrasileiroSub20 
🎥@vascobase","É CAMPEÃO! É CAMPEÃO! 🏆💢
As #CriasDaColina conquistam o Brasileirão Sub-20!
#BrasileiroSub20 
🎥@vascobase",30,"09/04/2026 18:32",N/A,https://www.facebook.com/reel/2006754419990826/,0,0,Vídeos,,,,,Total,2804,2598,67,60,2,5,41,41,,,16430.756,6.435,0,0,0
1370490361911267,100068509496158,Copinha,"VAMOS TODOS CANTAR DE CORAÇÃO! 🏆💢
O Vasco da Gama é o grande campeão do Brasileiro Sub-20 2026!
#BrasileiroSub20",,0,"09/04/2026 16:59",N/A,https://www.facebook.com/copinha/posts/pfbid03KiyLWg6ksqibEStYpXG6yTNvCuSjzBfd8vCZmghw2rSsbyjsxoWWvENcr1HQ235l,0,0,Fotos,,,,,Total,7355,5381,294,212,6,76,153,99,54,,,,,,
1370375125256124,100068509496158,Copinha,"SABE O QUE FAZ! 
O Angelo abriu o placar para o Tricolor no Paulista Sub-20 Série A com categoria 🤩🔥
#PaulistaSub20SérieA","SABE O QUE FAZ! 
O Angelo abriu o placar para o Tricolor no Paulista Sub-20 Série A com categoria 🤩🔥
#PaulistaSub20SérieA",46,"09/04/2026 13:01",auto,https://www.facebook.com/reel/2866464383730303/,1,0,Vídeos,,,,,Total,2323,2246,18,17,1,0,27,27,,,16402.891,7.428,0,0,0
1370332095260427,100068509496158,Copinha,"AS CRIAS DA ACADEMIA ESTÃO ON 🐷🔥
A final de hoje é a quinta seguida do Palmeiras no Brasileirão Sub-20. Será que vem mais um título para conta?
#BrasileirãoSub20",,0,"09/04/2026 11:52",N/A,https://www.facebook.com/copinha/posts/pfbid02R5RnqwsJcqZN2M6pukAgWEhdvbnFiRvvyi3npQBbwXpgmxUJi3tZW9u4agLnewYxl,0,0,Fotos,,,,,Total,27146,19098,361,332,23,6,569,305,264,,,,,,
1370081868618783,100068509496158,Copinha,"VALE TAÇA!
Diretamente do Nubank Parque, Palmeiras e Vasco vão em busca do título do Brasileiro Sub-20.
#BrasileiroSub20",,0,"09/04/2026 06:00",N/A,https://www.facebook.com/copinha/posts/pfbid02GbyxDwZUxRszUqKgiAzL6Y3VA3c93eGaAX3K9YUhuWfvdR6w7teEoa6AnWVuTAPhl,0,0,Fotos,,,,,Total,2814,1910,14,12,0,2,33,12,21,,,,,,
1369960148630955,100068509496158,Copinha,"CHEGOU A HORA DE DEFINIR OS CLASSIFICADOS PARA AS QUARTAS DE FINAL DO PAULISTA SUB-20 SÉRIE B!
#PaulistaSub20SérieB",,0,"09/04/2026 03:00",N/A,https://www.facebook.com/copinha/posts/pfbid0kWFz6J84y2xBPUNhhzTjmvU7fAGdDa3Z9aAEbReDHRyAePGubga6mmLthRh8hRZ1l,0,0,Fotos,,,,,Total,1872,1303,11,9,1,1,14,8,6,,,,,,
1369527138674256,100068509496158,Copinha,"PRIMEIRA FASE CHEGANDO AO FIM!
Vem conferir os confrontos da 14ª rodada do Paulista Sub-20 Série A!
#PaulistaSub20SérieA",,0,"09/03/2026 14:16",N/A,https://www.facebook.com/copinha/posts/pfbid031bU6RFfmVJNwEdw9hi17eXa4XDpW4C3cteJg1xxqWCQatUi26gauDGVJm2JTkwukl,0,0,Fotos,,,,,Total,7783,5617,74,69,2,3,149,59,90,,,,,,
1366222622338041,100068509496158,Copinha,"Vamos aos resultados do Paulista Sub-14!
#PaulistaSub14",,0,"08/30/2026 13:53",N/A,https://www.facebook.com/copinha/posts/pfbid0Aty6QsrkVwuMjkTkxyBvYTkSTsU5QwVcX3nP9m3b7rxHG3YKUJWDSCEyVM3DEgqgl,0,0,Fotos,,,,,Total,2255,1254,37,24,2,11,178,32,146,,,,,,
1366144839012486,100068509496158,Copinha,"Assim termina mais uma rodada do Paulista Sub-13!
#PaulistaSub13",,0,"08/30/2026 11:37",N/A,https://www.facebook.com/copinha/posts/pfbid027pxJyJjwprLApvDCPsDDoWMQspLpRd7HyhH5X7SdjfMScGPqZsSTgMsmYFN8KWPgl,0,0,Fotos,,,,,Total,1768,992,28,17,2,9,144,28,116,,,,,,
1365775195716117,100068509496158,Copinha,"VEM MAIS SUB-13 E SUB-14 POR AÍ! 
Se liga nos confrontos da 13ª rodada do Paulista Sub-13 e do Paulista Sub-14!
#PaulistaSub13 #PaulistaSub14",,0,"08/30/2026 02:00",N/A,https://www.facebook.com/copinha/posts/pfbid0GiY4fKk864jG5aZuX8z4hYJxneb4JoRqnyPn2VLYgjMa5UC4oSy5M9FhWGr1BZy8l,0,0,Fotos,,,,,Total,2473,1593,28,23,2,3,104,17,87,,,,,,
1365461669080803,100068509496158,Copinha,"Vamos aos resultados dos jogos de ida do Paulista Sub-20 Série B.
#PaulistaSub20SerieB",,0,"08/29/2026 16:04",N/A,https://www.facebook.com/copinha/posts/pfbid0ngiwwkTzBR4BXDQN3tQPTKLWyETSDHqGWob96HZsmE4J12N1E7H9dkb4WzgtiNjHl,0,0,Fotos,,,,,Total,10834,7958,45,37,3,5,135,53,82,,,,,,
1365418052418498,100068509496158,Copinha,"PASSOU POR QUATRO!
O Luis Fhelipe saiu driblando geral da defesa do XV de Jaú pra marcar esse golaço pro Palmeiras. Nem o goleirão escapou.
#PaulistaSub15 
🎥TV Palmeiras","PASSOU POR QUATRO!
O Luis Fhelipe saiu driblando geral da defesa do XV de Jaú pra marcar esse golaço pro Palmeiras. Nem o goleirão escapou.
#PaulistaSub15 
🎥TV Palmeiras",29,"08/29/2026 14:26",N/A,https://www.facebook.com/reel/1744073410253127/,0,0,Vídeos,,,,,Total,5243,4896,80,77,0,3,54,54,,,32066.38,6.693,0,0,0
1365276822432621,100068509496158,Copinha,"FOI PRA REDE!
O Kauan Basile precisou de poucos segundos pra anotar esse golaço pra cima do Marília no Paulista Sub-15!
#PaulistaSub15 
🎥SantosTV
📷Reinaldo Campos/Santos","FOI PRA REDE!
O Kauan Basile precisou de poucos segundos pra anotar esse golaço pra cima do Marília no Paulista Sub-15!
#PaulistaSub15 
🎥SantosTV
📷Reinaldo Campos/Santos",39,"08/29/2026 10:04",auto,https://www.facebook.com/reel/2571324139962708/,0,0,Vídeos,,,,,Total,6116,6153,82,81,0,1,69,69,,,43257.262,7.4,0,0,0
1364150789211891,100068509496158,Copinha,"CHEGOU A HORA DAS OITAVAS DE FINAL DO #PaulistaSub20SérieB!",,0,"08/28/2026 03:00",N/A,https://www.facebook.com/copinha/posts/pfbid0B5tWh9LDLM1w2Z841dJA7CQsFRxzVmKXQVXKnezxEuNuhHC3j4QRSvfhutTbihnql,0,0,Fotos,,,,,Total,8732,6539,38,30,2,6,130,47,83,,,,,,
1360389402921363,100068509496158,Copinha,"Bora conferir os resultados da 12ª rodada do Paulista Sub-12!
#PaulistaSub12",,0,"08/23/2026 15:04",N/A,https://www.facebook.com/copinha/posts/pfbid0ymXy8eqSZgb3zyUEhigJGjCXaJW8i8CS8AvwAAJqVv6i18c4WZZQHjoT5kXGMZQLl,0,0,Fotos,,,,,Total,1714,878,26,21,0,5,110,19,91,,,,,,
1360313499595620,100068509496158,Copinha,"BORA PARA AS OITAVAS!
Assim ficaram os confrontos do #PaulistaSub20SérieB 🔥",,0,"08/23/2026 12:54",N/A,https://www.facebook.com/copinha/posts/pfbid0as6x8dsyiTR2WWq7gSmMyVjFbhVpENdWtviTRY4FWSqKKLqe1KUDT1uYaZ3sfH5Ul,0,0,Fotos,,,,,Total,7905,5892,51,29,0,22,111,57,54,,,,,,
1360303719596598,100068509496158,Copinha,"Mais uma rodada completa pelo Paulista Sub-11!
#PaulistaSub11",,0,"08/23/2026 12:39",N/A,https://www.facebook.com/copinha/posts/pfbid023cKi46VgSRAcJKGGYwRjTkPjKKmvtcJ3PppEmt4t9hLp2eMZdmfw4HyiHC6pLeGkl,0,0,Fotos,,,,,Total,3001,1770,35,21,2,12,222,31,191,,,,,,
1360303272929976,100068509496158,Copinha,"Para fechar a primeira fase do Paulista Sub-20 Série B, estes foram os resultados. 
#PaulistaSub20SérieB",,0,"08/23/2026 12:39",N/A,https://www.facebook.com/copinha/posts/pfbid0d4YvRv1sHRPaW6gj8p4EQoC8qoeeVn1pGb5zBJRdYqUHyk8B5wzxucgfDEhiUL1Ml,0,0,Fotos,,,,,Total,20275,14960,85,74,3,8,372,172,200,1,,,,,
1359141969712773,100068509496158,Copinha,"O fim de semana vem com tudo no Paulista Sub-11 e Sub-12!
#PaulistaSub11 #PaulistaSub12",,0,"08/22/2026 04:00",N/A,https://www.facebook.com/copinha/posts/pfbid02TsVivhtrKVQ1vTMuvPLbtMNqdk1fQCmEMx5j769VCAk1T4RyyMY2TabGpYpf1euHl,0,0,Fotos,,,,,Total,1787,1023,25,20,1,4,101,19,82,,,,,,
1357509756542661,100068509496158,Copinha,"MAIS UMA RODADA!
O Paulista Sub-20 Série A segue com TUDO por aqui! Vem conferir os jogos desta rodada 🤩
#PaulistaSub20SérieA",,0,"08/20/2026 05:00",N/A,https://www.facebook.com/copinha/posts/pfbid0334ym9wdJQRUfV6TTeMMnHFonbYhaivDjtgL7hBnQNyGod3L71zXQBwi2TZiAiwK1l,0,0,Fotos,,,,,Total,2022,1314,26,23,1,2,38,16,22,,,,,,
1357472809879689,100068509496158,Copinha,"ÚLTIMA RODADA!
VALE TUDO NO PAULISTA SUB-20 SÉRIE B 🔥
#PaulistaSub20SérieB",,0,"08/20/2026 04:00",N/A,https://www.facebook.com/copinha/posts/pfbid02DGu7RdBwbhUtdd9DPCVrURxdnCb9d8jRffbQgmG3jMe6v24SoYhjZAsreSSQ1k41l,0,0,Fotos,,,,,Total,3868,2711,25,21,2,2,43,19,24,,,,,,
