"Identificação do post","Identificação da Página","Nome da Página",Título,Descrição,"Duração (s)","Horário de publicação","Tipo de legenda","Link permanente","É um post cruzado","É compartilhado","Tipo de post",Idiomas,"Rótulos personalizados","Status do conteúdo financiado","Comentário de dados",Data,Visualizações,Alcance,"Reações, comentários e compartilhamentos",Reações,Comentários,Compartilhamentos,"Total de cliques","Outros cliques","Consumo por direcionamento de público correspondente (Photo Click)","Cliques no link","Segundos de visualização","Média de Segundos de visualização","Ganhos estimados (USD)","CPM do anúncio (USD)","Impressões do anúncio"
1016104231135586,100082080567569,"Paulistão F","SÁBADO MOVIMENTADO!
Tem mais uma rodada do Paulista F Sub-15 @petrobras chegando 🤩
#PaulistaFSub15Petrobras",,0,"08/01/2026 04:00",N/A,https://www.facebook.com/paulistaof/posts/pfbid0wrEjsYrH3ibTvEZjDAAzBiXeScwVT1MgzdeiabARh5sqHkgu1Bnh6owVcA92MzjCl,0,0,Fotos,,,,,Total,13024,9540,53,50,0,3,199,73,126,,,,,,
1016184357794240,100082080567569,"Paulistão F","MAIS TRÊS!
As minhas equipes jogam fora de casa pelo Brasileirão A1 e pelo Brasileirão A3.
#ElasEmCampo",,0,"08/01/2026 06:00",N/A,https://www.facebook.com/paulistaof/posts/pfbid0NuiV65Wx9foXFhxNJWMiKHVYDWgZw8KkxQnYMQ59UZSucrCYyeiLznvK2NBqGyB6l,0,0,Fotos,,,,,Total,9125,6547,80,75,0,5,131,46,85,,,,,,
1016466644432678,100082080567569,"Paulistão F","O Realidade Jovem foi superado no primeiro jogo das quartas de final do Brasileiro Feminino A3.
#ElasEmCampo
📷Luana Perdoncini/Coritiba",,0,"08/01/2026 13:17",N/A,https://www.facebook.com/paulistaof/posts/pfbid0jYE4smVhsBJrJ5hHr8CTRpdSMjY9dSS4KnEa8i19xSPPFc9WvBz3NupCifyPp8zl,0,0,Fotos,,,,,Total,4945,3672,24,22,0,2,55,21,34,,,,,,
1016467987765877,100082080567569,"Paulistão F","Fora de casa, o Red Bull Bragantino sofreu o revés diante do Fluminense.
#ElasEmCampo
📷Marina Garcia/Fluminense",,0,"08/01/2026 13:19",N/A,https://www.facebook.com/paulistaof/posts/pfbid033zv8eEv3fsNz5z8CXZ4U49EYQzsGyyqEG4hiFQGjxZW3LQAou7bWnhkNWZhDyBmZl,0,0,Fotos,,,,,Total,9223,6957,39,37,0,2,54,17,37,,,,,,
1016474721098537,100082080567569,"Paulistão F","Mais uma rodada pra conta do Paulista F Sub-15 Petrobras!
#PaulistaFSub15Petrobras",,0,"08/01/2026 13:33",N/A,https://www.facebook.com/paulistaof/posts/pfbid0aDJadTYwK15gp4tNfRqsnGMEXErrm6nitHURDps68viDMJZm9v5KNnWB8nSXj3j2l,0,0,Fotos,,,,,Total,19810,14060,105,85,2,18,265,112,153,,,,,,
1016644637748212,100082080567569,"Paulistão F","TRICOLOR NO TOPO!
São Paulo vence em Salvador e assume a liderança do Brasileirão Feminino de forma provisória.
#ElasEmCampo
📷Divulgação/São Paulo",,0,"08/01/2026 19:22",N/A,https://www.facebook.com/paulistaof/posts/pfbid02Erd7N3ci5iKkcicbwKJvTvE3P1NPTHnfzhhrKusPobJiLa4deHyPPTgYAd53c9hGl,0,0,Fotos,,,,,Total,141235,101867,4418,4155,184,79,1465,834,631,,,,,,
1016658717746804,100082080567569,"Paulistão F","Com destaque para a vitória do São Paulo fora de casa, este foi o sábado com #ElasEmCampo.
#FutebolPaulista",,0,"08/01/2026 19:47",N/A,https://www.facebook.com/paulistaof/posts/pfbid05jq1riT2WM9N6UhRnbARpppxtuWjuYeTLNQmyvLPZDR23AwtF83QBHmRzcMa8ntul,0,0,Fotos,,,,,Total,41270,28017,171,166,1,4,562,254,308,,,,,,
1017021827710493,100082080567569,"Paulistão F","DIA CHEIO! 🥰
Hoje tem @brfeminino A1 e A2 e para as minhas equipes, só a vitória interessa!
#ElasEmCampo",,0,"08/02/2026 06:00",N/A,https://www.facebook.com/paulistaof/posts/pfbid02r8M64RK2JKPoqD2hAF6by4CPXTryGJyaPfppcw1HMJd1Ej4iSq1zNc8XNRjipTavl,0,0,Fotos,,,,,Total,11996,8670,80,78,1,1,179,56,123,,,,,,
1017155807697095,100082080567569,"Paulistão F","DEVER DE CASA!
Palmeiras leva a melhor pra cima do Internacional e volta a vencer no Brasileirão Feminino!
#ElasEmCampo
📷Paloma Cassiano/Palmeiras",,0,"08/02/2026 09:17",N/A,https://www.facebook.com/paulistaof/posts/pfbid02M2BEfacqZWhzSo6d9TtPsMSVuidDhTKUuY7UxdFuHJPKrsuKauqWcVtVQeaeKP3sl,0,0,Fotos,,,,,Total,23718,17106,846,780,24,42,344,191,153,,,,,,
1017157561030253,100082080567569,"Paulistão F","GOLEADA ALVINEGRA!
Santos goleia do Juventude e garante mais três pontos na conta do Brasileirão Feminino!
#ElasEmCampo
📷Reinaldo Campos/Santos",,0,"08/02/2026 09:20",N/A,https://www.facebook.com/paulistaof/posts/pfbid0oGgBpCH5PnaysyDDhimxqLxkMmYXVsN3iHuozXpPMdt7MF7fdbPH1YSXgfKAwkzJl,0,0,Fotos,,,,,Total,15121,11291,266,250,8,8,137,51,86,,,,,,
1017317684347574,100082080567569,"Paulistão F","GOLEADA TAUBATEANA!
A equipe do interior leva a melhor e volta ao G8 do Brasileirão Feminino A2!
#ElasEmCampo
📷Divulgação/Taubaté",,0,"08/02/2026 13:53",N/A,https://www.facebook.com/paulistaof/posts/pfbid08dTzToy5Z8jgxzz2d1yS4VPS76cBLytE9CVW8Ro5VYQt4nEigGQrkqkTpKemmevfl,0,0,Fotos,,,,,Total,16199,12294,85,82,1,2,111,37,74,,,,,,
1017383014341041,100082080567569,"Paulistão F","ACELERA, LOCOMOTIVA!
Ferroviária vence Bahia e aumenta a sequencia invicta no Brasileirão Feminino.
#ElasEmCampo
📷Rafael Zocco/Ferroviária",,0,"08/02/2026 16:09",N/A,https://www.facebook.com/paulistaof/posts/pfbid02FGydjEvT7813UMvcL9HACVkyYrwHUTtWE2VAPcsK4ikmNeQdDXVvBxvGJvG1YGG3l,0,0,Fotos,,,,,Total,8034,5883,67,65,0,2,48,12,36,,,,,,
1017395624339780,100082080567569,"Paulistão F","Um domingo com 100% de aproveitamento para o #FutebolPaulista!
#ElasEmCampo",,0,"08/02/2026 16:35",N/A,https://www.facebook.com/paulistaof/posts/pfbid0g7TcPemwjYDkkZU4wNb7WvtSfJUKL1xZ6z9aJkWTwdmJDQG2WDWXqibzwPwh8s1fl,0,0,Fotos,,,,,Total,74970,52079,214,211,1,2,797,297,500,,,,,,
1017853030960706,100082080567569,"Paulistão F","PARA CIMA DELAS, BRABAS!
O Corinthians recebe o Flamengo para mais um duelo no @brfeminino!
#ElasEmCampo",,0,"08/03/2026 06:00",N/A,https://www.facebook.com/paulistaof/posts/pfbid038Ja5jYEqvUADWNfoj3rpdPchXqD1aiztXdAmketWCSrjRXGrYjFmfUkkDdhrE3Ltl,0,0,Fotos,,,,,Total,23475,16664,289,264,19,6,584,336,248,,,,,,
1017950387617637,100082080567569,"Paulistão F","YORELI CRAQUE DA RODADA!
A colombiana das Sereias da Vila foi eleita o destaque da 5ª rodada do Paulistão F @petrobras!
#PaulistãoFPetrobras #CraqueDaRodada",,0,"08/03/2026 08:16",N/A,https://www.facebook.com/paulistaof/posts/pfbid02fL2Xg7uY6onsXWHnVWcLXHzf3E7LKtpuJYCHVYFKSsJRktoqsMDCoCo1cM2j7QYfl,0,0,Fotos,,,,,Total,2111,1558,16,16,0,0,12,4,8,,,,,,
1017997680946241,100082080567569,"Paulistão F","Vem conferir os resultados da 8ª rodada do Paulista F Sub-20 @petrobras!
#PaulistaFSub20Petrobras",,0,"08/03/2026 09:27",N/A,https://www.facebook.com/paulistaof/posts/pfbid03617jP7bMJA5REoP8k4PZDRLRMcbTLhKUekWsxtcCDXosY2PpZEPCSh4oVwpHduaWl,0,0,Fotos,,,,,Total,8766,5976,56,55,0,1,102,49,53,,,,,,
1018055967607079,100082080567569,"Paulistão F","O coração da adm é assim e o de vocês também, né? 👀❤️
#PaulistãoFPetrobras",,0,"08/03/2026 11:00",N/A,https://www.facebook.com/paulistaof/posts/pfbid0vtRwpkYLovK8NGYxLFJaUNC1tEnBEmeai163jXUyPio76NZfTy9niMA3mJqzfFQRl,0,0,Fotos,,,,,Total,630,425,7,6,0,1,3,2,1,,,,,,
1018132804266062,100082080567569,"Paulistão F","VEM CONFERIR A TABELA!
Assim ficou a tabela do Paulista F Sub-20 Petrobras depois da 8ª rodada!
#PaulistaFSub20Petrobras",,0,"08/03/2026 13:00",N/A,https://www.facebook.com/paulistaof/posts/pfbid0A5tLoi1y2TUURiEvhguA4VkJK2nQUPNRMr7E91SaEJ84ssHwHZLGGWeYqkzUYYiXl,0,0,Fotos,,,,,Total,19638,11995,182,178,1,3,407,207,200,,,,,,
1018163854262957,100082080567569,"Paulistão F","CLASSIFICAÇÃO NA ÁREA!
Ao fim da 5ª rodada, assim ficou a tabela do Paulista F Sub-15 @petrobras!
#PaulistaFSub15Petrobras",,0,"08/03/2026 14:00",N/A,https://www.facebook.com/paulistaof/posts/pfbid0AVFrj5XjhJj62hXWCqvj4ydLe4D69KjcVWSFqZUEwceHRLPH66oJvq4s9PH3AToBl,0,0,Fotos,,,,,Total,47048,31918,204,193,4,7,1206,636,570,,,,,,
1018207200925289,100082080567569,"Paulistão F","PRESENÇA CONFIRMADA NAS QUARTAS DO @brfeminino! 🔥
Corinthians, Palmeiras e São Paulo estçao com a vaga garantida nas quartas de final do Brasileirão Feminino!
#ElasEmCampo",,0,"08/03/2026 15:30",N/A,https://www.facebook.com/paulistaof/posts/pfbid02SoEX7N9PoWXusnJgm3WpW9yT98EL7x6Qr3RoTKk2HZdmZmT4bPTS1WFQUZNuAc8pl,0,0,Fotos,,,,,Total,18856,12113,470,443,19,8,285,149,136,,,,,,
1018240894255253,100082080567569,"Paulistão F","DE VOLTA AO TOPO!
Corinthians vence o Flamengo e reassume a liderança do Brasileirão Feminino.
#ElasEmCampo
📷Divulgação/Corinthians",,0,"08/03/2026 16:43",N/A,https://www.facebook.com/paulistaof/posts/pfbid02EPKZfNw3zG7MbsLzCSH2SYLjKTNrvT1EaiP9BVBsPfY7ewBR3cU1ncGFgc6S1AG5l,0,0,Fotos,,,,,Total,13930,10244,505,469,22,14,165,88,77,,,,,,
1019009890845020,100082080567569,"Paulistão F","DO FUTEBOL PAULISTA PARA O TOPO!
Kerolin chega ao Barcelona como a venda mais cara de uma atleta brasileira. Você sabia que ela começou a carreira nos gramados do Estado? 👀
#ElasEmCampo #Kerolin",,0,"08/04/2026 14:26",N/A,https://www.facebook.com/paulistaof/posts/pfbid02jAbbqA4E7k4NXCSQFT76ejzryz9e7kDWseAqtrPaRnProJdoScBNDBzUPXATs4vrl,0,0,Fotos,,,,,Total,2737,1744,60,51,6,3,180,36,144,,,,,,
1019502244129118,100082080567569,"Paulistão F","BORA PARA A 9ª RODADA!
Confira os confrontos dessa etapa do Paulista F Sub-20 Petrobras!
#PaulistaFSub20Petrobras",,0,"08/05/2026 04:00",N/A,https://www.facebook.com/paulistaof/posts/pfbid02CgvTkmv7XfovEQY19eoqANGyw1PCt9cW5DFGPWMzSqyJTVf1TYtPEBJNyM347Rrkl,0,0,Fotos,,,,,Total,10222,7330,69,65,2,2,203,77,126,,,,,,
1019681984111144,100082080567569,"Paulistão F","AS ASSISTENTES DO PAULISTÃO F @petrobras! 😮💨
Elas estão servindo muito, ok? 🤩👏 #PaulistãoFPetrobras #Sil",,0,"08/05/2026 07:55",N/A,https://www.facebook.com/paulistaof/posts/pfbid02xNhvCsXEdZ4NaLh8QYrDAVvzNQP14gDeeFUF23WqEYtvztEnSR7mesPEWmajsTXUl,0,0,Fotos,,,,,Total,5406,3828,34,31,2,1,44,26,18,,,,,,
1019885517424124,100082080567569,"Paulistão F","GOLAÇO DAS BRABINHAS!
Carol Melo fez o segundo gol da partida entre Corinthians e Red Bull Bragantino no Paulista F Sub-20 @petrobras com essa bomba!
#PaulistaFSub20Petrobras","GOLAÇO DAS BRABINHAS!
Carol Melo fez o segundo gol da partida entre Corinthians e Red Bull Bragantino no Paulista F Sub-20 @petrobras com essa bomba!
#PaulistaFSub20Petrobras",33,"08/05/2026 13:00",auto,https://www.facebook.com/reel/2360720787668107/,0,0,Vídeos,,,,,Total,9945,9723,440,422,8,10,164,164,,,81734.146,8.579,0,0,0
1019918647420811,100082080567569,"Paulistão F","E ESSA PINTURA DA MIKA NO PAULISTA F SUB-20 PETROBRAS?
Que golaço da jogadora da Portuguesa que abriu o placar do jogo contra o Audax!
#PaulistaFSub20Petrobras","E ESSA PINTURA DA MIKA NO PAULISTA F SUB-20 PETROBRAS?
Que golaço da jogadora da Portuguesa que abriu o placar do jogo contra o Audax!
#PaulistaFSub20Petrobras",44,"08/05/2026 14:00",auto,https://www.facebook.com/reel/3572100939610470/,0,0,Vídeos,,,,,Total,4289,4243,60,55,4,1,65,65,,,35730.527,8.668,0,0,0
1019948437417832,100082080567569,"Paulistão F","DE COBERTURA!
A Sophia Salasar ajudou a cravar a vitória do Centro Olímpico contra o Referência no Paulista F Sub-15 @petrobras com esse lindo gol encobrindo a goleira!
#PaulistaFSub15Petrobras","DE COBERTURA!
A Sophia Salasar ajudou a cravar a vitória do Centro Olímpico contra o Referência no Paulista F Sub-15 @petrobras com esse lindo gol encobrindo a goleira!
#PaulistaFSub15Petrobras",44,"08/05/2026 15:00",auto,https://www.facebook.com/reel/1117595224285367/,0,0,Vídeos,,,,,Total,3894,3778,52,50,1,1,39,39,,,33467.435,9.059,0,0,0
1019977350748274,100082080567569,"Paulistão F","QUE CRUZAMENTO, QUE NADA!
A Ana Carolina mandou essa direto pro gol e marcou o segundo do Flamengo de Guarulhos contra o São Bento no #PaulistaFSub15Petrobras!","QUE CRUZAMENTO, QUE NADA!
A Ana Carolina mandou essa direto pro gol e marcou o segundo do Flamengo de Guarulhos contra o São Bento no #PaulistaFSub15Petrobras!",42,"08/05/2026 16:00",auto,https://www.facebook.com/reel/1386577626714927/,0,0,Vídeos,,,,,Total,2381,2124,32,32,0,0,24,24,,,18070.709,8.165,0,0,0
1020517137360962,100082080567569,"Paulistão F","NOVIDADE NAS PALESTRINAS!
O Palmeiras anunciou a contratação da Antonia, zagueira da Seleção Brasileira e que estava no Real Madrid. Bem-vinda ao #FutebolPaulista 💚
#ElasEmCampo 
📷 Reprodução/@palmeirasfeminino",,0,"08/06/2026 07:18",N/A,https://www.facebook.com/paulistaof/posts/pfbid02L16R8hffURxPWzhafd8Gx5kuJFgaG3ecu65Joa8M3bkS2WGm2YXLid5hwSsU4w79l,0,0,Fotos,,,,,Total,35568,23292,2053,1937,82,34,783,467,316,,,,,,
1020613597351316,100082080567569,"Paulistão F","ANOTA AÍ!
Tudo pronto para a última rodada do Paulistão F Petrobras. Confira datas e horários!
#PaulistãoFPetrobras",,0,"08/06/2026 09:33",N/A,https://www.facebook.com/paulistaof/posts/pfbid02gEzcLQxEMr9E3pwib4AkrjbSv5CTUaxLh853v3XXZfNtoqZp455QJFQwVAZMakGyl,0,0,Fotos,,,,,Total,35719,23730,279,260,6,13,1163,547,616,,,,,,
1021409747271701,100082080567569,"Paulistão F","A 6ª rodada do Paulistão F @petrobras no estilo Minecraft! 🎮🌟
#PaulistãoFPetrobras #Minecraft #trend",,0,"08/07/2026 08:00",N/A,https://www.facebook.com/paulistaof/posts/pfbid02x8BUHv9DA7DNvrAy9jCYpTFkTYsLXhtsEDp2qrEYywushW5mTdYK1k89BwuZXfVMl,0,0,Fotos,,,,,Total,2030,1422,29,29,0,0,52,14,38,,,,,,
1022235207189155,100082080567569,"Paulistão F","SABADÃO DE FUTEBOL!
Se liga quais partidas movimentam o sábado deo futebol paulista!
#ElasEmCampo",,0,"08/08/2026 08:22",N/A,https://www.facebook.com/paulistaof/posts/pfbid02x2HRcyPP2VtL6fWMtXKr1UHLhw5fKRRmJ23iNV9B6Z5xVAgMEcAjpNKFGgm78Pb1l,0,0,Fotos,,,,,Total,6676,4655,62,56,3,3,112,38,74,,,,,,
1022406553838687,100082080567569,"Paulistão F","ACESSO GARANTIDO!
O Realidade Jovem vai jogar o Brasileirão Feminino A2 em 2027!
#ElasEmCampo",,0,"08/08/2026 13:00",N/A,https://www.facebook.com/paulistaof/posts/pfbid0bxKjAAKZtn8Sys1TmoQ1NT52wWU2NLr26CX4QMYUfGK6RuXU56WT63vJRjEgckWml,0,0,Fotos,,,,,Total,4533,3307,64,42,4,18,114,80,34,,,,,,
1022412020504807,100082080567569,"Paulistão F","DE VOLTA!
Com direito a gol no apagar das luzes, Realidade Jovem reverte a desvantagem e vence o Coritiba para garantir o acesso ao Brasileirão Feminino A2!
#ElasEmCampo
📷Fabrício Almeida/Realidade Jovem",,0,"08/08/2026 13:11",N/A,https://www.facebook.com/paulistaof/posts/pfbid0qCqPxLPcqFAB259UsAByqSUvFv2qYP6BmJK7Nnx5nZS9oVZHoyTPAdcBPFrXP7Njl,0,0,Fotos,,,,,Total,9358,6962,42,37,0,5,82,29,53,,,,,,
1022421257170550,100082080567569,"Paulistão F","CLASSIFICADAS!
Taubaté é superado pelo Itabirito, mas consegue a classificação para o mata-mata do Brasileirão Feminino A2!
#ElasEmCampo
📷Junior Santos/AD Taubaté",,0,"08/08/2026 13:30",N/A,https://www.facebook.com/paulistaof/posts/pfbid09BuFA189HEUrBZLjz9UWLeoybX3KmWRgVstSedyf59DbwGgJavVXGa3yVadqAgRBl,0,0,Fotos,,,,,Total,5423,4112,30,28,2,0,45,19,26,,,,,,
1022428800503129,100082080567569,"Paulistão F","EM GRANDE ESTILO!
A partida se encaminhava para as panalidades, mas a Emilly resolveu fazer isso daí! Com o golaço, o Realidade Jovem conquistou o acesso para o Brasileirão Feminino A2 de 2027!
#ElasEmCampo 
🎥CBF TV","EM GRANDE ESTILO!
A partida se encaminhava para as panalidades, mas a Emilly resolveu fazer isso daí! Com o golaço, o Realidade Jovem conquistou o acesso para o Brasileirão Feminino A2 de 2027!
#ElasEmCampo 
🎥CBF TV",70,"08/08/2026 13:46",auto,https://www.facebook.com/reel/1580275377134846/,1,0,Vídeos,,,,,Total,3586,3471,41,41,0,0,66,66,,,31879.706,9.24,0,0,0
1022436650502344,100082080567569,"Paulistão F","PLACAR EM BRANCO!
A rede não balançou na Arena da Fonte Luminosa.
#ElasEmCampo
📷Paloma Cassiano/Palmeiras",,0,"08/08/2026 14:03",N/A,https://www.facebook.com/paulistaof/posts/pfbid0iuJrGmeqjg36puS7NpvAhnB7nEskQrVRZvotD3u4PAc14oYCo6qRiT5WCGkYhHB4l,0,0,Fotos,,,,,Total,19612,13908,253,227,17,9,427,252,175,,,,,,
1023005293778813,100082080567569,"Paulistão F","EM DOSE DUPLA! 
Domingo de duelos paulistas no Brasileirão Feminino! 
#ElasEmCampo",,0,"08/09/2026 07:14",N/A,https://www.facebook.com/paulistaof/posts/pfbid0XmfAZqJM4BcmXfiUGtyd2afmjzAKxJYg4JSURYP272XxKbvpbD7Ld9mEL776tErvl,0,0,Fotos,,,,,Total,12248,8677,137,122,9,6,277,94,183,,,,,,
1023258540420155,100082080567569,"Paulistão F","GOLEADA DAS BRABAS!
O Corinthians fica com a vitória no Clássico Alvinegro!
#ElasEmCampo
📷Rodrigo Gazzanel/Corinthians",,0,"08/09/2026 14:12",N/A,https://www.facebook.com/paulistaof/posts/pfbid024FYyQcx1W61NcFcmH2ddae4Ekry9gc69oirpMxr7YymDGn15wVPwFgbtxrrpi35Ql,0,0,Fotos,,,,,Total,16690,11838,799,722,42,35,260,166,94,,,,,,
1023311263748216,100082080567569,"Paulistão F","VITÓRIA TRICOLOR!
São Paulo leva a melhor no duelo paulista e garante os três pontos pra cima do Red Bull Bragantino.
#ElasEmCampo
📷Carla Cenci/Red Bull Bragantino",,0,"08/09/2026 16:07",N/A,https://www.facebook.com/paulistaof/posts/pfbid0JnYbK11RBUgmFxvMcfLhWuSdwo4DuRBnzbHUMga3Y1JpDbB4oAmu7jvgaL3KMpsWl,0,0,Fotos,,,,,Total,12552,8913,362,342,11,9,150,74,76,,,,,,
1023944983684844,100082080567569,"Paulistão F","Vem conferir os resultados da 9ª rodada do Paulista F Sub-20 Petrobras!
#PaulistaFSub20Petrobras",,0,"08/10/2026 10:45",N/A,https://www.facebook.com/paulistaof/posts/pfbid0ZLrDD4WAFCRNbzYWGFgeTT334yRfTbGjJCaDmQbG84FqkdR4W3btYeHwgqDjKofTl,0,0,Fotos,,,,,Total,11973,8101,94,89,1,4,190,98,92,,,,,,
1024039023675440,100082080567569,"Paulistão F","FIM DE MAIS UMA RODADA!
Assim ficou a tabela do Paulista F Sub-20 Petrobras ao final da 9ª rodada!
#PaulistaFSub20Petrobras",,0,"08/10/2026 13:14",N/A,https://www.facebook.com/paulistaof/posts/pfbid0TvS67ad1U8EsjG9FRahGEDS2sEMnzpiNxMPJpnVS5fHUAVttwBbwnZEmLu7Hpd86l,0,0,Fotos,,,,,Total,14193,9058,98,97,0,1,233,126,107,,,,,,
1024078013671541,100082080567569,"Paulistão F","6ª RODADA NA ÁREA!
Com a primeira fase chegando ao fim, vem conferir quais são os confrontos dessa semana do Paulistão F Petrobras!
#PaulistãoFPetrobras",,0,"08/10/2026 14:29",N/A,https://www.facebook.com/paulistaof/posts/pfbid02UY9JpdX9cYkkVEMDdynjvzVYWGnM2m2XjtA4SncYmCkHFuF13QJsCRU9pQmUFjM9l,0,0,Fotos,,,,,Total,27733,18784,222,212,0,10,664,232,432,,,,,,
1024575243621818,100082080567569,"Paulistão F","PARA INAUGURAR A RODADA! 🔥
Taubaté e Palmeiras se enfrentam no primeiro confronto da 6ª rodada do Paulistão F Petrobras! Quem vai levar a melhor?
#PaulistãoFPetrobras",,0,"08/11/2026 06:00",N/A,https://www.facebook.com/paulistaof/posts/pfbid02BB7myq7K7tUwuwHsc41wR3xHC24b7t6aLT5nW52RkU4WB3PezkReTNcgimiq631Tl,0,0,Fotos,,,,,Total,16443,11254,259,245,12,2,443,240,203,,,,,,
1024802176932458,100082080567569,"Paulistão F","CARREGOU O CAMPO TODO E MANDOU PRO FUNDO DA REDE! 🔥
Dulce, do Corinthians, fez essa jogada que resultou em um dos gols da vitória das Brabinhas para cima do Santos no Paulista F Sub-20 Petrobras!
#PaulistaFSub20Petrobras","CARREGOU O CAMPO TODO E MANDOU PRO FUNDO DA REDE! 🔥
Dulce, do Corinthians, fez essa jogada que resultou em um dos gols da vitória das Brabinhas para cima do Santos no Paulista F Sub-20 Petrobras!
#PaulistaFSub20Petrobras",57,"08/11/2026 11:54",auto,https://www.facebook.com/reel/1568005611898956/,0,0,Vídeos,,,,,Total,17952,18033,844,798,26,20,420,420,,,278094.254,16.134,0,0,0
1024843983594944,100082080567569,"Paulistão F","QUE FRIEZA! 🥶
A Nicoly teve muita tranquilidade para tirar da goleira e deixar o dela na goleada do Palmeiras para cima do Lemense no Paulista F Sub-20 Petrobras!
#PaulistaFSub20Petrobras","QUE FRIEZA! 🥶
A Nicoly teve muita tranquilidade para tirar da goleira e deixar o dela na goleada do Palmeiras para cima do Lemense no Paulista F Sub-20 Petrobras!
#PaulistaFSub20Petrobras",45,"08/11/2026 13:00",auto,https://www.facebook.com/reel/1058600573247342/,0,0,Vídeos,,,,,Total,62081,61825,2524,2439,48,37,1291,1291,,,828740.872,14.229,0,0,0
1024868726925803,100082080567569,"Paulistão F","PALCO DE HOJE!
Taubaté e Palmeiras vão a campo daqui a pouco. Para quem vai a sua torcida hoje?
#PaulistãoFPetrobras 
📷 Anderson Romão/Ag. Paulistão",,0,"08/11/2026 13:38",N/A,https://www.facebook.com/paulistaof/posts/pfbid02fMmsoMyvxNN6iqqrgTjxr1ubMfSAKD4AM87Eeu5wGRueAbqDpGTVTww76Nt3AfRKl,0,0,Fotos,,,,,Total,1270,910,20,17,2,1,20,7,13,,,,,,
1024919666920709,100082080567569,"Paulistão F","SEM GOLS POR AQUI!
Não teve bola na rede até agora no Paulistão F @petrobras. Vem gol no segundo tempo, torcedor?
#PaulistãoFPetrobras 
📷 Anderson Romão/Ag. Paulistão",,0,"08/11/2026 14:50",N/A,https://www.facebook.com/paulistaof/posts/pfbid0GfFKZRYxtcWzgFsNw9N9qEAfH5GGwRAxrQ5bTgBK8a5aMPzo8W9xrUcr17pe9oPAl,0,0,Fotos,,,,,Total,4696,3365,31,31,0,0,59,28,31,,,,,,
1024941690251840,100082080567569,"Paulistão F","QUE GOLAÇO!
A Taina José Lopes saiu da marcação e colocou onde quis para abrir o placar. 
#PaulistãoFPetrobras","QUE GOLAÇO!
A Taina José Lopes saiu da marcação e colocou onde quis para abrir o placar. 
#PaulistãoFPetrobras",28,"08/11/2026 15:26",N/A,https://www.facebook.com/reel/1930189864318784/,1,0,Vídeos,,,,,Total,16771,15610,708,688,12,8,235,235,,,132767.52,8.882,0,0,0
1024955506917125,100082080567569,"Paulistão F","DE VIRAR A CABEÇA! 
As Palestrinas venceram fora de casa e chegam à liderança do Paulistão F Petrobras. 
#PaulistãoFPetrobras 
📷 Anderson Romão/Ag. Paulistão",,0,"08/11/2026 15:59",N/A,https://www.facebook.com/paulistaof/posts/pfbid02YaqT2voiqmdW4C3UJ15gxiYfJeCjUW6BXj5kz6RYtvAmo9GLcfchpYwXbhHvdkRTl,0,0,Fotos,,,,,Total,17575,11617,746,699,19,28,466,120,346,,,,,,
1024964830249526,100082080567569,"Paulistão F","MANDOU NO JOGO!
A @tainajose08 marcou o gol da vitória e levou o troféu de Craque do Jogo @petrobras.
#PaulistãoFPetrobras 
📷 Anderson Romão/Ag. Paulistão",,0,"08/11/2026 16:19",N/A,https://www.facebook.com/paulistaof/posts/pfbid02WjoyKYogszJfByRFgM8e6YFNiPf1g3VUVum2pzoJYGmJW6e8E4Fa3PkuUh43bEv3l,0,0,Fotos,,,,,Total,4436,3216,217,198,14,5,78,58,20,,,,,,
1024969820249027,100082080567569,"Paulistão F","NOVIDADE POR AQUI!
O primeiro jogo da rodada terminou e as Palestrinas assumiram a liderança no Paulistão F @petrobras.
#Classificação #PaulistãoFPetrobras",,0,"08/11/2026 16:29",N/A,https://www.facebook.com/paulistaof/posts/pfbid02VwWH1coFFQStL6MLMgwjt12Xc6UNJ7i8tPZr5Mr8eMQy54jQPJ6msEH88zhFGx23l,0,0,Fotos,,,,,Total,17508,10972,178,164,7,7,371,227,144,,,,,,
1025387546873921,100082080567569,"Paulistão F","RODADA CHEIA NO MEIO DA SEMANA!
Vem conferir os confrontos dessa etapa do Paulista F Sub-20 Petrobras!
#PaulistaFSub20Petrobras",,0,"08/12/2026 05:00",N/A,https://www.facebook.com/paulistaof/posts/pfbid0bmjK2W7RqkuAtgBqoHp4Ny3GpYTZucT3BxLxYXj3XAQYksrRevc53FfijXxKG8R7l,0,0,Fotos,,,,,Total,6786,4514,67,65,0,2,169,52,117,,,,,,
1025429673536375,100082080567569,"Paulistão F","QUARTOU! 🤩
Os dois confrontos de hoje do Paulistão F Petrobras prometem!
#PaulistãoFPetrobras",,0,"08/12/2026 06:00",N/A,https://www.facebook.com/paulistaof/posts/pfbid0XMCJpSEq6vQ3AUy7SVih7BuDzBWhq7kiyoEqJQsQeLzTJ4asgiGeUb16q4B8WSq7l,0,0,Fotos,,,,,Total,12411,8562,172,164,3,5,268,93,175,,,,,,
1025668423512500,100082080567569,"Paulistão F","É TRADIÇÃO QUE FALA, NÉ?! 🏆
Arrasta para o lado e vem ver o maioral... 💋 #PaulistãoFPetrobras",,0,"08/12/2026 12:00",N/A,https://www.facebook.com/paulistaof/posts/pfbid0s9YJSiv8kLUymXSSi8FTFUpPkNYLgdosKVE1huaPtG9D8TWzaqH1s4hnyuuZCrYAl,0,0,Fotos,,,,,Total,415,278,8,7,1,0,8,3,5,,,,,,
1025687526843923,100082080567569,"Paulistão F","O PRIMEIRO DO DIA! 🔥
O Mirassol recebe o Corinthians pela 6ª rodada do Paulistão F Petrobras! Quem vai sair com a vitória?
#PaulistãoFPetrobras",,0,"08/12/2026 12:31",N/A,https://www.facebook.com/paulistaof/posts/pfbid0JMKPtBfUj7gS14xGjrFRR3HDaYSS8jCdkt83P2c5VU9LoKkZagXmYL2AF6axUvtil,0,0,Fotos,,,,,Total,7656,5631,83,79,4,0,127,58,69,,,,,,
1025687670177242,100082080567569,"Paulistão F","PLAY NA QUARTA-FEIRA DE PAULISTÃO F PETROBRAS!
Vamos com tudo para Mirassol e Corinthians!
#PaulistãoFPetrobras
📷Pedro Zacchi/Ag. Paulistão",,0,"08/12/2026 12:31",N/A,https://www.facebook.com/paulistaof/posts/pfbid02FXikQbp2SEosg4ncYYmMQRRaxcSFN7sRJAWK9DTRwnmvy7u1Zweaywo4y2FML1mKl,0,0,Fotos,,,,,Total,812,556,7,7,0,0,14,4,10,,,,,,
1025704960175513,100082080567569,"Paulistão F","BRAGANTINAS E GUERREIRAS SE ENFRENTAM!
Assista ao vivo no YouTube do @paulistao ao confronto entre Red Bull Bragantino e Ferroviária!
#PaulistãoFPetrobras",,0,"08/12/2026 13:00",N/A,https://www.facebook.com/paulistaof/posts/pfbid02iak1AL66Ki53QUjkW3N4x5b7sTXvHC7speqBLwbGWPb11Q45wfpz814kypUwjE4ml,0,0,Fotos,,,,,Total,2686,1938,29,27,0,2,36,18,18,,,,,,
1025721016840574,100082080567569,"Paulistão F","QUE GOLAÇO DA JAQUELINE!
Desarmou, arrancou e mandou na gaveta!
#PaulistãoFPetrobras #Corinthians","QUE GOLAÇO DA JAQUELINE!
Desarmou, arrancou e mandou na gaveta!
#PaulistãoFPetrobras #Corinthians",33,"08/12/2026 13:27",N/A,https://www.facebook.com/reel/822339817555789/,0,0,Vídeos,,,,,Total,7324,7090,444,410,15,19,240,240,,,66821.38,9.706,0,0,0
1025726830173326,100082080567569,"Paulistão F","GOL HISTÓRICO!
Giovana deixou tudo igual e fez o segundo gol da história do Mirassol!
#PaulistãoFPetrobras","GOL HISTÓRICO!
Giovana deixou tudo igual e fez o segundo gol da história do Mirassol!
#PaulistãoFPetrobras",34,"08/12/2026 13:37",N/A,https://www.facebook.com/reel/1959859234680634/,0,0,Vídeos,,,,,Total,1689,1695,23,23,0,0,30,30,,,13252.17,8.236,0,0,0
1025733926839283,100082080567569,"Paulistão F","OLHA ELA DE NOVO!
Jaqueline marca o segundo das Brabas contra o Mirassol!
#PaulistãoFPetrobras #Corinthians","OLHA ELA DE NOVO!
Jaqueline marca o segundo das Brabas contra o Mirassol!
#PaulistãoFPetrobras #Corinthians",35,"08/12/2026 13:47",N/A,https://www.facebook.com/reel/1363603861989359/,0,0,Vídeos,,,,,Total,4932,4908,208,201,4,3,105,105,,,47734.966,10.254,0,0,0
1025737343505608,100082080567569,"Paulistão F","INTERVALO DE JOGO E AS BRABAS ESTÃO NA FRENTE DO PLACAR!
#PaulistãoFPetrobras
📷Pedro Zacchi/Ag. Paulistão",,0,"08/12/2026 13:53",N/A,https://www.facebook.com/paulistaof/posts/pfbid0fcr46Z2zW7bykkhQStoPDh1sHPcHbs7nM8qQgZoAJCq3RABKavoGSc3RhiCTghHZl,0,0,Fotos,,,,,Total,2857,2187,44,43,1,0,32,15,17,,,,,,
1025747483504594,100082080567569,"Paulistão F","QUE CATEGORIA DA JULIA, HEIN?! 
#PaulistãoFPetrobras #Mirassol","QUE CATEGORIA DA JULIA, HEIN?! 
#PaulistãoFPetrobras #Mirassol",8,"08/12/2026 14:10",N/A,https://www.facebook.com/reel/1570427457867209/,1,0,Vídeos,,,,,Total,5084,4120,23,23,0,0,49,49,,,17551.196,4.423,0,0,0
1025756250170384,100082080567569,"Paulistão F","Giovana marcou o segundo gol da história do Mirassol no Paulistão F Petrobras!
#PaulistãoFPetrobras
📷Pedro Zacchi/Ag. Paulistão",,0,"08/12/2026 14:24",N/A,https://www.facebook.com/paulistaof/posts/pfbid02KeEb1zWiAAEWpjZ7fRqLfs4CBhSgfSgYAnwmgLGin5hEsvC5yKB5UH638MpqspWTl,0,0,Fotos,,,,,Total,1408,1054,14,13,1,0,11,8,3,,,,,,
1025757020170307,100082080567569,"Paulistão F","JAQUELINE, A BRABA!⚽⚽
#PaulistãoFPetrobras
📷Pedro Zacchi/Ag. Paulistão",,0,"08/12/2026 14:25",N/A,https://www.facebook.com/paulistaof/posts/pfbid02mAU9YxC1HAJQbJGmDQvYFRRA6ZRidzHpzbZmcBqmjBdCthNdzaGxYuKpMHdsoY5rl,0,0,Fotos,,,,,Total,851,609,16,16,0,0,13,8,5,,,,,,
1025770450168964,100082080567569,"Paulistão F","OLHA O TERCEIRO GOL DAS BRABAS!
#PaulistãoFPetrobras","OLHA O TERCEIRO GOL DAS BRABAS!
#PaulistãoFPetrobras",33,"08/12/2026 14:46",N/A,https://www.facebook.com/reel/1034386622784394/,0,0,Vídeos,,,,,Total,2805,2803,39,39,0,0,45,45,,,21479.462,8.038,0,0,0
1025774073501935,100082080567569,"Paulistão F","TUDO PRONTO PARA O ÚLTIMO JOGO DO DIA!
BRAGANTINAS E GUERREIRAS EM CAMPO!
#PaulistãoFPetrobras
📷Alexandre Battibugli/Ag. Paulistão",,0,"08/12/2026 14:52",N/A,https://www.facebook.com/paulistaof/posts/pfbid0bWDrfiwS1kkxPkTA6f96HjXfYfZ1KtXsxuq471BX4bGWmrsKWgUoDrAMs4JWSoiFl,0,0,Fotos,,,,,Total,2110,1572,23,19,0,4,45,26,19,,,,,,
1025783996834276,100082080567569,"Paulistão F","A ERIKA NÃO PERDOA!
É O QUARTO GOL DAS BRABAS!
#PaulistãoFPetrobras #Corinthians","A ERIKA NÃO PERDOA!
É O QUARTO GOL DAS BRABAS!
#PaulistãoFPetrobras #Corinthians",34,"08/12/2026 15:09",N/A,https://www.facebook.com/reel/4570776756523396/,0,0,Vídeos,,,,,Total,4868,4806,220,207,5,8,60,60,,,39357.626,8.487,0,0,0
1025785710167438,100082080567569,"Paulistão F","GOLEADA DAS BRABAS!⚽⚽⚽⚽
#PaulistãoFPetrobras
📷Pedro Zacchi/Ag. Paulistão",,0,"08/12/2026 15:12",N/A,https://www.facebook.com/paulistaof/posts/pfbid02gf28YzzeboFURnR1X6bLyKrZ933PLqvq3mofzAvKs8SAjF4tBvcXHdit4iTSnXbNl,0,0,Fotos,,,,,Total,1601,1151,38,35,0,3,33,9,24,,,,,,
1025788180167191,100082080567569,"Paulistão F","Jaqueline jogou muito, fez dois gols e foi eleita a craque do jogo!
#PaulistãoFPetrobras #Corinthians #Brabas 
📷Pedro Zacchi/Ag. Paulistão",,0,"08/12/2026 15:17",N/A,https://www.facebook.com/paulistaof/posts/pfbid031UFKY4JisLhqXegKBM4y84SZ9y5aVmGMtkRa2gLTHMEkUPzELrCN2PXJ1ajukayhl,0,0,Fotos,,,,,Total,3519,2597,191,172,17,2,68,52,16,,,,,,
1025794240166585,100082080567569,"Paulistão F","A ERIKA CONHECE O CAMINHO DO GOL!
#PaulistãoFPetrobras
📷Pedro Zacchi/Ag. Paulistão",,0,"08/12/2026 15:28",N/A,https://www.facebook.com/paulistaof/posts/pfbid0u26S5hqusMpheUnA5qf7o93YsdkvuFK5zx5pU5VsjyEwe96NcjP7o1pHxua3ywNMl,0,0,Fotos,,,,,Total,1157,840,32,29,3,0,21,16,5,,,,,,
1025804533498889,100082080567569,"Paulistão F","Confira os melhores momentos da vitória do Corinthians sobre o Mirassol pela sexta rodada do Paulistão F Petrobras.
#PaulistãoFPetrobras #Centauro","Confira os melhores momentos da vitória do Corinthians sobre o Mirassol pela sexta rodada do Paulistão F Petrobras.
#PaulistãoFPetrobras #Centauro",168,"08/12/2026 15:49",uploaded,https://www.facebook.com/reel/1034141102834579/,0,0,Vídeos,,,,,Total,15873,15364,957,929,18,10,644,644,,,457165.934,30.483,0,0,0
1025808980165111,100082080567569,"Paulistão F","PLACAR ZERADO NO PRIMEIRO TEMPO ENTRE BRAGANTINAS E GUERREIRAS!
#PaulistãoFPetrobras
📷Alexandre Battibugli/Ag. Paulistão",,0,"08/12/2026 16:01",N/A,https://www.facebook.com/paulistaof/posts/pfbid0342E9EfyLp25T44fUq46kwPCBoswLei3GA3AGZcEiHY3tbUPyzwUJbRn1csHdi43Xl,0,0,Fotos,,,,,Total,2454,1737,24,22,1,1,40,23,17,,,,,,
1025841606828515,100082080567569,"Paulistão F","TUDO IGUAL!
Red Bull Bragantino e Ferroviária não saem do zero no Paulistão F Petrobras!
#PaulistãoFPetrobras
📷Alexandre Battibugli/Ag. Paulistão",,0,"08/12/2026 17:10",N/A,https://www.facebook.com/paulistaof/posts/pfbid037C8usxwpBjz1V6JdC9kFHmUYF5FzXbeCJonKBCJ4AgXC3xnjTbUWndRhGudUqEFtl,0,0,Fotos,,,,,Total,1319,1012,19,18,0,1,17,6,11,,,,,,
1025850270160982,100082080567569,"Paulistão F","A Ana Carla saiu da linha, assumiu o gol do Red Bull Bragantino, fez uma defesa nos acréscimos e foi eleita a craque do jogo no Paulistão F Petrobras!
#PaulistãoFPetrobras
📷Alexandre Battibugli/Ag. Paulistão",,0,"08/12/2026 17:27",N/A,https://www.facebook.com/paulistaof/posts/pfbid021hF88ANxwN7yGrvZh3bpG4iNab2hdXFC6qbzU1fpi4VZmLuLbWUm4HM33szfvkCMl,0,0,Fotos,,,,,Total,980,757,9,9,0,0,7,3,4,,,,,,
1025852760160733,100082080567569,"Paulistão F","A quarta-feira do Paulistão F Petrobras terminou assim!
#PaulistãoFPetrobras",,0,"08/12/2026 17:31",N/A,https://www.facebook.com/paulistaof/posts/pfbid0TFE7gpfvBaqaUDoGyoe3GuuFWr9XvdtWebUzsD1YfSGgTHK31uGgeBeyrwLU448il,0,0,Fotos,,,,,Total,9529,6972,83,81,0,2,91,35,56,,,,,,
1025856383493704,100082080567569,"Paulistão F","COM FERROVIÁRIA E PALMEIRAS NO TOPO, ASSIM ESTÁ A CLASSIFICAÇÃO DO PAULISTÃO F PETROBRAS!
#Classificação #PaulistãoFPetrobras",,0,"08/12/2026 17:39",N/A,https://www.facebook.com/paulistaof/posts/pfbid0x4FVyqsVAmEPMvB28mnDz5afjkbYC12fsEwZv3giXBhd5DW4xgZ9H4iVJDAfZBAZl,0,0,Fotos,,,,,Total,23642,15701,206,191,6,9,479,280,199,,,,,,
1025862946826381,100082080567569,"Paulistão F","Confira os melhores momentos do empate entre Red Bull Bragantino e Ferroviária pela sexta rodada do Paulistão F Petrobras.
#PaulistãoFPetrobras #Centauro","Confira os melhores momentos do empate entre Red Bull Bragantino e Ferroviária pela sexta rodada do Paulistão F Petrobras.
#PaulistãoFPetrobras #Centauro",158,"08/12/2026 17:51",auto,https://www.facebook.com/reel/874578125536188/,0,0,Vídeos,,,,,Total,1168,1136,19,19,0,0,8,8,,,16403.086,14.698,0,0,0
1025865146826161,100082080567569,"Paulistão F","QUE MOMENTO!
As duas goleiras do Red Bull Bragantino machucaram no jogo, mas Ana Carla saiu da linha, assumiu o gol e fez uma defesa nos acréscimos para garantir o empate das Bragantinas!
#PaulistãoFPetrobras","QUE MOMENTO!
As duas goleiras do Red Bull Bragantino machucaram no jogo, mas Ana Carla saiu da linha, assumiu o gol e fez uma defesa nos acréscimos para garantir o empate das Bragantinas!
#PaulistãoFPetrobras",52,"08/12/2026 17:57",auto,https://www.facebook.com/reel/1083754654351161/,0,0,Vídeos,,,,,Total,7892,7860,86,82,2,2,150,150,,,94377.786,12.513,0,0,0
1026271433452199,100082080567569,"Paulistão F","UM CLÁSSICO DESSE PARA ENCERRAR A RODADA?! 😮💨
Hoje é dia de San-São no Paulistão F Petrobras! Quem vai levar a melhor: Tricolores ou Sereias da Vila? 👀
#PaulistãoFPetrobras #Santos #SãoPaulo",,0,"08/13/2026 06:00",N/A,https://www.facebook.com/paulistaof/posts/pfbid0Tt2iFtNsCtQUY9s85y6jWLt9ixh5YG4jrwtxaicSuFWV5sk1dZ6zMKaGjXADLnSYl,0,0,Fotos,,,,,Total,12808,8910,270,243,18,9,375,203,172,,,,,,
1026355950110414,100082080567569,"Paulistão F","#TBT COM NOVIDADE! 🚨
Tem notícia boa passando na sua timeline! 🤩 O 𝗖𝘂𝗿𝘀𝗼 𝗱𝗲 𝗡𝗮𝗿𝗿𝗮𝗱𝗼𝗿𝗮𝘀 vai voltar em 2026 para sua segunda edição. Uma grande oportunidade para mulheres que desejam praticar sua habilidades de comunicação e aprender sobre tudo o que acontece na cabine de transmissões (e também no campo) durante uma partida de futebol 🎙️ ⚽

➡️ A iniciativa é um oferecimento da Petrobras e vai selecionar candidatas, de forma GRATUITA, para o aprendizado. Acesse  o link da bio da FPF Academia e se increva em nossa LISTA DE ESPERA. Mais informações em breve 👀

#FPFAcademia #Curso #Narradoras #PaulistaoF Futebol",,0,"08/13/2026 08:05",N/A,https://www.facebook.com/paulistaof/posts/pfbid0He9S11mYa8K2eUZsUU6vU4Uc4HZtMdfEYVsXTzwwrcWMfUzKXKB5Af2Swk53jJkel,0,0,Fotos,,,,,Total,1512,1090,14,8,0,6,17,4,13,,,,,,
1026433426769333,100082080567569,"Paulistão F","TRICOLORES EM CAMPO! 🇾🇪
O São Paulo quer a classificação direta para as semifinais do Paulistão F Petrobras e precisa vencer o Santos no clássico!
#PaulistãoFPetrobras",,0,"08/13/2026 10:00",N/A,https://www.facebook.com/paulistaof/posts/pfbid0QydPyNaPfDidhzJnNzhtkMeAZKV7ZfG3f6rmd5KAXz7xJtjBhoASS1iskQjvKeKnl,0,0,Fotos,,,,,Total,5836,4295,78,74,4,0,126,51,75,,,,,,
1026469743432368,100082080567569,"Paulistão F","NOITE DE CLÁSSICO PARA AS SEREIAS DA VILA! 🧜
Só a vitória interessa para o Santos no clássico contra o São Paulo!
#PaulistãoFPetrobras",,0,"08/13/2026 11:00",N/A,https://www.facebook.com/paulistaof/posts/pfbid0cA1V7r5TEGL4ebmfCGxEYQjyNckquw15WAi28ubMvrN8GeBbRffTWb2uQRhq1ZqCl,0,0,Fotos,,,,,Total,5826,4357,53,49,2,2,111,47,64,,,,,,
1026570660088943,100082080567569,"Paulistão F","HOJE TEM!
É dia de San-São no Paulistão F Petrobras!
#PaulistãoFPetrobras #SuperclássicoF 
📷Mauro Horita/Ag. Paulistão",,0,"08/13/2026 13:30",N/A,https://www.facebook.com/paulistaof/posts/pfbid0BMVapJi4k8qrVasgwhinRYdHZ1bVRJcDvp9HXnmgivRVwef3RAJ1nj1cJwfvieoxl,0,0,Fotos,,,,,Total,2044,1478,27,24,0,3,38,7,31,,,,,,
1026583513420991,100082080567569,"Paulistão F","SE TEM #SUPERCLÁSSICOF...
Tem taça em jogo! Quem será que vai levar essa pra casa?
#PaulistãoFPetrobras #SuperclássicoF 
📷Mauro Horita/Ag. Paulistão",,0,"08/13/2026 13:55",N/A,https://www.facebook.com/paulistaof/posts/pfbid0TsbQAJzsL8qcphg5gYWA9ivY9hnn8wVJPzPpU19MGmVGipGDasvUhBM4JLp3Pp9pl,0,0,Fotos,,,,,Total,1527,1051,19,13,4,2,34,7,27,,,,,,
1026606333418709,100082080567569,"Paulistão F","TÁ CHEGANDO A HORA!
São Paulo e Santos trabalham de olho em mais uma rodada do Paulistão F Petrobras!
#PaulistãoFPetrobras #SuperclássicoF 
📷Mauro Horita/Ag. Paulistão",,0,"08/13/2026 14:42",N/A,https://www.facebook.com/paulistaof/posts/pfbid02Nwa5h4orfEiMh4hEmZALzq6frXpQfWWUu5ZHMvQm7PPxTPsFszBwPwNydqh1y6wCl,0,0,Fotos,,,,,Total,2284,1747,32,30,0,2,43,10,33,,,,,,
1026643193415023,100082080567569,"Paulistão F","AINDA SEM GOLS!
A rede não balançou no primeiro tempo do San-São.
#PaulistãoFPetrobras #SuperclássicoF 
📷Mauro Horita/Ag. Paulistão",,0,"08/13/2026 15:53",N/A,https://www.facebook.com/paulistaof/posts/pfbid02bCXfBfmnBeqtAPvTkQZiwrP9eA9XkD8Uf3Z5hgrm95Jk3sR6WZrqZ1DxbfuCJrNLl,0,0,Fotos,,,,,Total,3351,2487,30,29,0,1,26,5,21,,,,,,
1026646743414668,100082080567569,"Paulistão F","DOSE DUPLA!
O Santos chegou duas vezes com perigo, mas a trave do São Paulo impediu o gol em ambas!
#PaulistãoFPetrobras","DOSE DUPLA!
O Santos chegou duas vezes com perigo, mas a trave do São Paulo impediu o gol em ambas!
#PaulistãoFPetrobras",57,"08/13/2026 15:59",N/A,https://www.facebook.com/reel/1670495567375668/,0,0,Vídeos,,,,,Total,7071,7106,73,70,0,3,142,142,,,82021.992,12.021,0,0,0
1026669010079108,100082080567569,"Paulistão F","OLHA ELA AÍ!
Gol da lateral? Temos! Clara apareceu dentro da área do Santos e abriu o placar do San-São para o Tricolor!
#PaulistãoFPetrobras","OLHA ELA AÍ!
Gol da lateral? Temos! Clara apareceu dentro da área do Santos e abriu o placar do San-São para o Tricolor!
#PaulistãoFPetrobras",56,"08/13/2026 16:46",auto,https://www.facebook.com/reel/28363956053292054/,0,0,Vídeos,,,,,Total,1945,1920,27,26,0,1,29,29,,,18629.445,10.021,0,0,0
1026676253411717,100082080567569,"Paulistão F","SAN-SÃO TRICOLOR!
O São Paulo fica com a vitória no #SuperclássicoF!
#PaulistãoFPetrobras #SuperclássicoF 
📷Mauro Horita/Ag. Paulistão",,0,"08/13/2026 17:03",N/A,https://www.facebook.com/paulistaof/posts/pfbid0SgnrzdWrTdc4BBYFdG7kDWmBUKYF3EDQLozrjUMoxJNNdfG28ooX14TBbZ5Qhnpul,0,0,Fotos,,,,,Total,35458,26492,973,917,31,25,534,202,332,,,,,,
1026681733411169,100082080567569,"Paulistão F","É DO TRICOLOR!
A taça do San-São no #SuperclássicoF ficou com o São Paulo!
#PaulistãoFPetrobras",,0,"08/13/2026 17:15",N/A,https://www.facebook.com/paulistaof/posts/pfbid02Br74CwukhrtXpDGq5FGHwJAHq7oJc2w856k4L86suNATCQRPjeRL5ym9aiE3s9unl,0,0,Fotos,,,,,Total,6238,4541,278,264,10,4,78,53,25,,,,,,
1026684033410939,100082080567569,"Paulistão F","É ELA!
Autora do gol da vitória do São Paulo no #SuperclássicoF, Clara foi escolhida como a Craque do Jogo Petrobras!
#PaulistãoFPetrobras
📷Mauro Horita/Ag. Paulistão",,0,"08/13/2026 17:20",N/A,https://www.facebook.com/paulistaof/posts/pfbid0B8AqYpGfKoc4jpS3UBENFBHbo2DxjumAKhzTTsDMMM7KexqSEqgfGuZzdPBaVB5Nl,0,0,Fotos,,,,,Total,837,621,19,18,0,1,4,1,3,,,,,,
1026687160077293,100082080567569,"Paulistão F","NOITE TRICOLOR!
- Vitória no San-São ✅
- Troféu do #SuperclássicoF ✅
- #CraqueDoJogoPetrbras ✅
#PaulistãoFPetrobras 
📷Mauro Horita/Ag. Paulistão",,0,"08/13/2026 17:26",N/A,https://www.facebook.com/paulistaof/posts/pfbid0gcQAqMnDkWFqrKsdK3GfHJJuGC4aGSf51YLHTuTLvBpHkrcFr1j23Yau7SSy7gSel,0,0,Fotos,,,,,Total,3752,2648,196,181,10,5,107,51,56,,,,,,
1026690466743629,100082080567569,"Paulistão F","CONFIRA COMIGO NO REPLAY!
Bora rever o gol que garantiu a vitória do São Paulo no #SuperclássicoF!
#PaulistãoFPetrobras","CONFIRA COMIGO NO REPLAY!
Bora rever o gol que garantiu a vitória do São Paulo no #SuperclássicoF!
#PaulistãoFPetrobras",21,"08/13/2026 17:33",N/A,https://www.facebook.com/reel/1274611981381775/,0,0,Vídeos,,,,,Total,8277,7420,278,271,5,2,80,80,,,63569.612,8.843,0,0,0
1026698816742794,100082080567569,"Paulistão F","FIM DE PAPO!
Fecha a conta e passa a régua na sexta rodada do Paulistão F Petrobras!
#PaulistãoFPetrobras",,0,"08/13/2026 17:50",N/A,https://www.facebook.com/paulistaof/posts/pfbid0pzby5drrrS7dBYTs9ex4dT9e691uwNzMTN23Y2bAjNzfBawBmKSiynCuB8tPc2XNl,0,0,Fotos,,,,,Total,9896,6972,83,77,1,5,132,70,62,,,,,,
1026701483409194,100082080567569,"Paulistão F","100% ATUALIZADA!
Com a Ferroviária no topo, é assim que fica a classificação do Paulistão F Petrobras ao fim da sexta rodada!
#PaulistãoFPetrobras",,0,"08/13/2026 17:55",N/A,https://www.facebook.com/paulistaof/posts/pfbid02yuvwxT977JV7cThznpaCyUzZ8MJqx4hfZobKwJJBt5AAw2YkHkWx44frSkPnJUJol,0,0,Fotos,,,,,Total,8693,6036,95,85,2,8,130,66,64,,,,,,
1026742630071746,100082080567569,"Paulistão F","A adm estava presente no Superclássico F Petrobras e entregou o troféu para o Tricolor! Ainda teve um susto no final 👀🔥
#POV #Centauro #PaulistãoFPetrobras","A adm estava presente no Superclássico F Petrobras e entregou o troféu para o Tricolor! Ainda teve um susto no final 👀🔥
#POV #Centauro #PaulistãoFPetrobras",74,"08/13/2026 19:11",auto,https://www.facebook.com/reel/1256646607531932/,1,0,Vídeos,,,,,Total,1527,1483,41,38,2,1,12,12,,,10980.423,7.464,0,0,0
1027192286693447,100082080567569,"Paulistão F","FIM DE PAPO!
Vem conferir os resultados de mais uma rodada do Paulista F Sub-20 @petrobras.
#PaulistaFSub20Petrobras",,0,"08/14/2026 07:54",N/A,https://www.facebook.com/paulistaof/posts/pfbid02qL9j8h4MbgyvebhinrPMCDHyyT5LomwmctjhQcbeeZrHv37ApdQZRdA2CBZ7ZCS4l,0,0,Fotos,,,,,Total,9172,6036,85,83,1,1,154,73,81,,,,,,
1027922096620466,100082080567569,"Paulistão F","A ÚLTIMA VOLTA!
A primeira fase do Paulista F Sub-15 @petrobras chega ao fim neste sábado. Vem conferir os jogos com transmissão do YouTube do @paulistao.
#PaulistaFSub15Petrobras",,0,"08/15/2026 04:00",N/A,https://www.facebook.com/paulistaof/posts/pfbid0Nc8gTT1EgbjZdjwzWMZzUynRc7mU8AFHhc8LjFFZ9CVJFmPEJGf7ZXp6jUk9civQl,0,0,Fotos,,,,,Total,5143,3739,46,42,0,4,83,36,47,,,,,,
1028002686612407,100082080567569,"Paulistão F","DOSE TRIPLA!
Bragantinas, Brabas e Guerreiras Grenás entram em campo em busca dos três pontos no @brfeminino!
#ElasEmCampo",,0,"08/15/2026 06:00",N/A,https://www.facebook.com/paulistaof/posts/pfbid0THJTxg1dpfnYa7iJUBgzsVnXhwzgQHRjUePTjbtFviwZEbzcAghByyEdDF2hTi8ml,0,0,Fotos,,,,,Total,5956,4090,73,68,2,3,127,44,83,,,,,,
1028337449912264,100082080567569,"Paulistão F","Ponto final na sétima e última rodada do Paulista F Sub-15 Petrobras! Vamos aos resultados.
#PaulistaFSub15Petrobras",,0,"08/15/2026 14:32",N/A,https://www.facebook.com/paulistaof/posts/pfbid02UrvnfVLPJ4QSYdp69Cv3F19rxfBzqLBsv5oeNGYm5PKM5cX7yhEkX32WyaYcBU5fl,0,0,Fotos,,,,,Total,12290,8893,76,61,2,13,129,58,71,,,,,,
1028356203243722,100082080567569,"Paulistão F","GOLEADA DAS BRAGANTINAS!
Red Bull Bragantino venceu em grande estilo pelo Brasileirão Feminino!
#ElasEmCampo
📷Carla Cenci/Red Bull Bragantino",,0,"08/15/2026 15:10",N/A,https://www.facebook.com/paulistaof/posts/pfbid0UM7bC9YySf7VVVsbP7k5EGo4U961vaggXV1D8AeFCLFHR84X8ucBvuZQEzuz5rRhl,0,0,Fotos,,,,,Total,3024,2285,31,29,1,1,22,9,13,,,,,,
1028365579909451,100082080567569,"Paulistão F","EMPATE LÁ!
O Corinthians volta de Salvador com mais um ponto somado no Brasileirão Feminino.
#ElasEmCampo
📷Letícia Martins/Bahia",,0,"08/15/2026 15:30",N/A,https://www.facebook.com/paulistaof/posts/pfbid0CZc79BcGvEsgjhMgCm38etYWtNh7EFDZjdjYbNjK1ySHRi69CeWbGHujwWUxpBGyl,0,0,Fotos,,,,,Total,3550,2542,52,39,13,0,82,69,13,,,,,,
1028383513240991,100082080567569,"Paulistão F","CONFRONTOS DEFINIDOS!
Assim ficaram definidas as partidas de quartas de final do Paulista F Sub-15 Petrobras!
#PaulistaFSub20Petrobras",,0,"08/15/2026 16:11",N/A,https://www.facebook.com/paulistaof/posts/pfbid0TRiB13VBUCr9kGwWFkRHoMJfVsJraGwANDs5bFDsLwnY4x6jL5tCoDgWexPJk1tZl,0,0,Fotos,,,,,Total,9415,7052,100,69,1,30,182,112,70,,,,,,
1028406393238703,100082080567569,"Paulistão F","DE VIRADA!
Ferroviária marca dois na reta final e garante a vitória!
#ElasEmCampo
📷Rafael Zocco/Ferroviária",,0,"08/15/2026 17:02",N/A,https://www.facebook.com/paulistaof/posts/pfbid0qzhkjTNxkKKk3jDePHNLYZFt6x4ubeqRnbzCQeSmDTyiSDBi2GpwBEudpXZWPQ3xl,0,0,Fotos,,,,,Total,27275,21916,168,150,13,5,203,95,108,,,,,,
1028416239904385,100082080567569,"Paulistão F","Sabadão invicto para o futebol paulista!
#ElasEmCampo",,0,"08/15/2026 17:25",N/A,https://www.facebook.com/paulistaof/posts/pfbid0FqJb5DaoVs27BPrPNS7WoCxcA1LC7xQhc1yN1w4yxvDBhAGmCxW5iJv2wsZ9buAUl,0,0,Fotos,,,,,Total,15511,10516,88,81,2,5,186,94,92,,,,,,
1028846216528054,100082080567569,"Paulistão F","ESSE DOMINGO COMEÇA CEDO PARA O FUTEBOL PAULISTA!
São quatro confrontos das minhas equipes nas séries A1 e A2 do @brfeminino!
#ElasEmCampo",,0,"08/16/2026 06:00",N/A,https://www.facebook.com/paulistaof/posts/pfbid0HpC9nRZi9J7QHp9hQoh2WtRw866rQzSzd7u1TDtH7yGbvgZBZTNPmVCc1ZHyVaSdl,0,0,Fotos,,,,,Total,5412,3666,65,64,0,1,118,42,76,,,,,,
1028979673181375,100082080567569,"Paulistão F","As Sereias da Vila foram superadas pelo Flamengo no Brasileirão Feminino.
#ElasEmCampo
📷Raul Baretta/Santos",,0,"08/16/2026 09:15",N/A,https://www.facebook.com/paulistaof/posts/pfbid02L6Z9i53VjU9aCmjQZ3koLisLMhcYfyfLCaSNm8ko4U2vgX9qy1LYrLVirPq9nCewl,0,0,Fotos,,,,,Total,4952,3560,62,57,4,1,70,42,28,,,,,,
1028981976514478,100082080567569,"Paulistão F","AVANTI, PALESTRINAS!
Palmeiras faz o dever de casa e garante os três pontos contra o Juventude.
#ElasEmCampo
📷Paloma Cassiano/Palmeiras",,0,"08/16/2026 09:19",N/A,https://www.facebook.com/paulistaof/posts/pfbid038GiNnrmaJSoX26JfnUWq54vmZ9DxgL6BS9bnf7S8VMdgwfe9AwnwyErPNLrYwQHhl,0,0,Fotos,,,,,Total,12513,9232,489,467,8,14,144,61,83,,,,,,
1028986413180701,100082080567569,"Paulistão F","GOLEADA TRICOLOR!
O São Paulo não deu chances para o Botafogo no Nilton Santos!
#ElasEmCampo
📷Arthur Barreto/Botafogo",,0,"08/16/2026 09:25",N/A,https://www.facebook.com/paulistaof/posts/pfbid036J3WHHwKMToHGSx5MMjrnZNEzCsB4cWc2JScyaTit5gf44xxrNMYqCAhbPqpTSJkl,0,0,Fotos,,,,,Total,28510,21560,1065,1000,34,31,491,295,196,,,,,,
1029144753164867,100082080567569,"Paulistão F","Taubaté perde o jogo de ida e vai ter que decidir a vaga para a semifinal do Brasileirão Feminino A2 jogando fora de casa.
#ElasEmCampo
📷Beatriz de Sá/Vasco",,0,"08/16/2026 13:27",N/A,https://www.facebook.com/paulistaof/posts/pfbid02VVBjkmuZWb7vvJomCn2c9ZqYYTZbns6wnnH3brHmuwmP84pFa5qNeuNMv797qsc8l,0,0,Fotos,,,,,Total,2738,2068,23,21,2,0,22,11,11,,,,,,
1029158326496843,100082080567569,"Paulistão F","Duas vitórias e dois tropeços marcaram o domingo do futebol paulista pelas duas divisões do Brasileirão Feminino.
#ElasEmCampo",,0,"08/16/2026 13:55",N/A,https://www.facebook.com/paulistaof/posts/pfbid0X8CYGKRedHsrXrtj1ZBC1wh4Vb3nCct5nTkHab9wkwpZL55sM5RpXqbxkU1t8ZEsl,0,0,Fotos,,,,,Total,9916,6617,82,81,0,1,148,76,72,,,,,,
1029214669824542,100082080567569,"Paulistão F","O PAULISTÃO F PETROBRAS É…
Seja torcendo ou trabalhando, a gente sabe que não faltam adjetivos para o Paulistão F Petrobras. Qual seria a sua palavra, torcedor? 
#Sil #PaulistãoFPetrobras","O PAULISTÃO F PETROBRAS É…
Seja torcendo ou trabalhando, a gente sabe que não faltam adjetivos para o Paulistão F Petrobras. Qual seria a sua palavra, torcedor? 
#Sil #PaulistãoFPetrobras",24,"08/16/2026 15:56",N/A,https://www.facebook.com/reel/1674272364299003/,1,0,Vídeos,,,,,Total,461,428,7,7,0,0,1,1,,,1431.763,3.384,0,0,0
1029677093111633,100082080567569,"Paulistão F","PARA CIMA DELAS!
O Realidade Jovem vai em busca da vantagem no primeiro jogo da semifinal do Brasileirão A3!
#ElasEmCampo",,0,"08/17/2026 06:00",N/A,https://www.facebook.com/paulistaof/posts/pfbid02p5rX9m4ernpZWTYrKUh1YPNCWrh4RdrDXPr9j3xcjVVEVRdYhzcVKiwNWNrAeRN4l,0,0,Fotos,,,,,Total,0,0,1,1,0,0,0,,,,,,,,
1015411954538147,100082080567569,"Paulistão F","VOTE NA CRAQUE DA 5ª RODADA!
Quem você acha que foi o destaque da rodada do Paulistão F Petrobras? Vote na enquete desse post! A votação se encerra na segunda-feira (3), às 10h.
#PaulistãoFPetrobras",,0,"07/31/2026 07:38",N/A,https://www.facebook.com/paulistaof/posts/pfbid02mXsg1ukw5WNQRq884ZMSHvhuXDFk1xiaoSk7Mt6YBkP3CBz6kR6J8mUxLzMeisfQl,0,0,Fotos,,,,,Total,15848,11065,111,74,21,16,224,128,95,1,,,,,
1015499757862700,100082080567569,"Paulistão F","QUEM VOCÊ QUER VER NA COPA DE 2027? 🌎🌟⚽️
A torcida do Palmeiras disse alguns nomes que não podem faltar na convocação da Copa do ano que vem… Concorda com eles? Ficou faltando alguém? 👀
#PaulistãoFPetrobras #Sil","QUEM VOCÊ QUER VER NA COPA DE 2027? 🌎🌟⚽️
A torcida do Palmeiras disse alguns nomes que não podem faltar na convocação da Copa do ano que vem… Concorda com eles? Ficou faltando alguém? 👀
#PaulistãoFPetrobras #Sil",49,"07/31/2026 09:48",N/A,https://www.facebook.com/reel/2459280141249884/,1,0,Vídeos,,,,,Total,5329,4848,144,135,6,3,59,59,,,40574.201,8.076,0,0,0
