"Identificação do post","Identificação da Página","Nome da Página",Título,Descrição,"Duração (s)","Horário de publicação","Tipo de legenda","Link permanente","É um post cruzado","É compartilhado","Tipo de post",Idiomas,"Rótulos personalizados","Status do conteúdo financiado","Comentário de dados",Data,Visualizações,Alcance,"Reações, comentários e compartilhamentos",Reações,Comentários,Compartilhamentos,"Total de cliques","Consumo por direcionamento de público correspondente (Photo Click)","Outros cliques","Segundos de visualização","Média de Segundos de visualização","Ganhos estimados (USD)","CPM do anúncio (USD)","Impressões do anúncio","Cliques no link","Feedbacks negativos dos usuários: Ocultar tudo"
1034214572657885,100082080567569,"Paulistão F","PONTO IMPORTANTE!
Ferroviária busca o empate com o Fluminense e termina a primeira fase no G4 do Brasileirão Feminino.
#ElasEmCampo
📷Rafael Zocco/Ferroviária",,0,"08/22/2026 16:17",N/A,https://www.facebook.com/paulistaof/posts/pfbid02M1eHNPPtGSLtV3ohudfUvT6Tp4y2KRMJbWs6sxj8GhrJM8TMMpTgQDQ2ogW8bKsQl,0,0,Fotos,,,,,Total,2539,1835,16,16,0,0,26,17,9,,,,,,,
1034208419325167,100082080567569,"Paulistão F","Cruzeiro e Palmeiras não saíram do zero em Minas Gerais.
#ElasEmCampo
📷Paloma Cassiano/Palmeiras",,0,"08/22/2026 16:02",N/A,https://www.facebook.com/paulistaof/posts/pfbid029xMwYKbGt8dXNCYnD3Tb9yuJPVt25KgKUmQNfFxNHdNFXDYQbwzYEs9mPTJmECZNl,0,0,Fotos,,,,,Total,7879,5561,66,61,3,2,134,75,59,,,,,,,
1047577331321609,100082080567569,"Paulistão F","VIRA, VIROUUUUUU!
As Brabas venceram na ida e na volta, carimbando a vaga para a próxima fase do @brfeminino.
#ElasEmCampo
📷 Divulgação/Corinthians",,0,"09/07/2026 16:06",N/A,https://www.facebook.com/paulistaof/posts/pfbid02VFmKrRz6qEXWUczgKTCemcC7r7uaPxEaeNnwFsG4bU2CAURWVxa6hY3s32f5cmabl,0,0,Fotos,,,,,Total,42244,32441,2138,1976,105,57,526,222,304,,,,,,,
1047556691323673,100082080567569,"Paulistão F","CONFRONTO DEFINIDO! ⚔️
O Corinthians enfrenta o Bahia na semifinal do @brfeminino. Vai ser JOGÃO 😍
#ElasEmCampo",,0,"09/07/2026 15:20",N/A,https://www.facebook.com/paulistaof/posts/pfbid0UaZSL8aGpQTFQD438bWLRDrr3U14kLaswNn1tVGjVB5ZVrJgpKEg8zEczaUQsdiLl,0,0,Fotos,,,,,Total,989,778,13,11,0,2,6,,6,,,,,,,
1047548451324497,100082080567569,"Paulistão F","QUE SEQUÊNCIA INCRÍVEL! 
As Brabas chegaram a 10ª semifinal do @brfeminino SEGUIDA 🤩🔥
#ElasEmCampo",,0,"09/07/2026 15:04",N/A,https://www.facebook.com/paulistaof/posts/pfbid0uLEegQKXAXseigocet8oH4bpq8vJGKdGbK24NUbU72f45611497pKZneiDP7RqAql,0,0,Fotos,,,,,Total,7593,5941,280,259,11,10,122,34,88,,,,,,,
1047545017991507,100082080567569,"Paulistão F","BRABAS NA SEMI!
É mais uma classificação no @brfeminino na conta do Corinthians.
#ElasEmCampo",,0,"09/07/2026 14:57",N/A,https://www.facebook.com/paulistaof/posts/pfbid0ViXHYYS9Z8TGZGYrugcyyFE55CrLfBCBu9GgPKZPQ5iEKBzAFScqZ2ymE3s3yLBrl,0,0,Fotos,,,,,Total,10241,7940,309,278,17,14,163,48,115,,,,,,,
1047512071328135,100082080567569,"Paulistão F","QUE TAPA DA MÃE DA FIEL!
As Brabas viraram e foi com essa pintura da Tamires Dias 🤩
#ElasEmCampo #Corinthians 
🎥 sportv","QUE TAPA DA MÃE DA FIEL!
As Brabas viraram e foi com essa pintura da Tamires Dias 🤩
#ElasEmCampo #Corinthians 
🎥 sportv",52,"09/07/2026 13:54",auto,https://www.facebook.com/reel/1000987262960509/,1,0,Vídeos,,,,,Total,58385,55984,2328,2204,64,60,1734,,1733,655267.08,12.451,0,0,0,1,
1047202254692450,100082080567569,"Paulistão F","BRABAS EM BUSCA DA VAGA NA SEMI!
Com vantagem no jogo de ida, o Corinthians quer a classificação no @brfeminino!
#ElasEmCampo",,0,"09/07/2026 06:00",N/A,https://www.facebook.com/paulistaof/posts/pfbid0157JwMekGSzxNhYVn8vdqdP7wGASfFXSP1bX8cHn2cv7jXjvBG7yV81ZwqC18SxUl,0,0,Fotos,,,,,Total,22528,17292,331,304,25,2,406,148,258,,,,,,,
1046672298078779,100082080567569,"Paulistão F","O Paulista F Sub-17 Petrobras voltou com tudo!
#PaulistaFSub17Petrobras",,0,"09/06/2026 13:44",N/A,https://www.facebook.com/paulistaof/posts/pfbid02VnEcXSqRXSFLe9mYjj4qCyEDyLsU9zez1jafCBbCeu2DNAZGd3zNbCtDuY8WLiPnl,0,0,Fotos,,,,,Total,10870,8375,65,54,2,9,79,43,36,,,,,,,
1046539951425347,100082080567569,"Paulistão F","CONFRONTOS DEFINIDOS!
Com direito a Majestoso, é assim que ficaram as semifinais do Paulista F Sub-15 Petrobras!
#PaulistaFSub15Petrobras",,0,"09/06/2026 10:00",N/A,https://www.facebook.com/paulistaof/posts/pfbid028NxE8gsuqSf93pqsNcjKsMMsjnNw37yo6SnncD5UKpwagC87Yh639obXdvkK1r3bl,0,0,Fotos,,,,,Total,20614,15200,235,204,0,31,353,131,222,,,,,,,
1046498421429500,100082080567569,"Paulistão F","RESTAM QUATRO!
Ferroviária, São Paulo, Corinthians e Centro Olímpico avançam para a semifinal do Paulista F Sub-15 Petrobras!
#PaulistaFSub15Petrobras",,0,"09/06/2026 09:00",N/A,https://www.facebook.com/paulistaof/posts/pfbid0XLZ293G6sxr3d29bUzhzfbQVKMzinwbAoqoBQNU56DSWtU2PtRBhd1J6E4dCWKzFl,0,0,Fotos,,,,,Total,15674,11217,97,85,0,12,196,117,79,,,,,,,
1046460034766672,100082080567569,"Paulistão F","EM BUSCA DA TAÇA!
O São Paulo está garantido em mais uma semifinal do Brasileirão Feminino!
#ElasEmCampo",,0,"09/06/2026 08:06",N/A,https://www.facebook.com/paulistaof/posts/pfbid0wge3oXz2hMhcMuUG46GCVWzRHNkL1U4P9ZQ6KKqo9iYvAPBFXBGCUgNnebDb2vPBl,0,0,Fotos,,,,,Total,6538,4811,251,228,20,3,95,29,66,,,,,,,
1046274991451843,100082080567569,"Paulistão F","SÃO JOSÉ CAMPEÃO PELA TERCEIRA VEZ!
Há 11 anos, as Meninas da Águia goleavam o São Paulo e conquistavam mais um título do Paulistão F Petrobras!
#BaúDoPaulistão",,0,"09/06/2026 03:30",N/A,https://www.facebook.com/paulistaof/posts/pfbid027JGQQMfGx7jcxKkhPxqAW1LC4K7bJbmWugDwPWruXCmg3fDE6W8Mt9aHcCD9aJ8kl,0,0,Fotos,,,,,Total,56012,42104,187,164,6,17,867,363,504,,,,,,,1
1046257421453600,100082080567569,"Paulistão F","VOLTAMOS COM TUDO!
A quinta rodada do Paulista F Sub-17 Petrobras vai rolar nessa tarde de domingo!
#PaulistaFSub17Petrobras",,0,"09/06/2026 03:00",N/A,https://www.facebook.com/paulistaof/posts/pfbid02dE3xhZRCTa2P2sNy2t2hAAZsV7YycjSDysTwaFLgUa9F15sgXbJGLMJnJZx7MwGjl,0,0,Fotos,,,,,Total,1286,907,18,14,0,4,20,11,9,,,,,,,
1046257331453609,100082080567569,"Paulistão F","A SEGUNDA TAÇA DAS MENINAS DA ÁGUIA!
No dia 6 de setembro de 2014, o São José conquistava o Paulistão F Petrobras pela segunda vez!
#BaúDoPaulistão",,0,"09/06/2026 03:00",N/A,https://www.facebook.com/paulistaof/posts/pfbid0LYZTuM7wTx7vBcCsEkQjyxbP49SM15EBA5v6XgUzwE6Yo3sAYbJM8VS6oASyP7kel,0,0,Fotos,,,,,Total,3857,2884,14,14,0,0,38,16,22,,,,,,,
1045881831491159,100082080567569,"Paulistão F","NÓS VAMOS INVADIR SUA PRAIA! 😎🏝️
Vai ter duelo Rio-São Paulo do Brasileirão Feminino! O Flamengo será o adversário do São Paulo por um lugar na grande decisão!
#ElasEmCampo",,0,"09/05/2026 15:42",N/A,https://www.facebook.com/paulistaof/posts/pfbid0ieuUo5DcNvXgm9ERRoY3LKUy8udxCAUFoLZkaScgoxJgJUyDgpf6j9ZG7WYbR7TFl,0,0,Fotos,,,,,Total,837,623,7,5,1,1,9,4,5,,,,,,,
1045869811492361,100082080567569,"Paulistão F","O sábado de futebol teve vitória e classificação do São Paulo para a semifinal do Brasileirão Feminino, enquanto a Ferroviária encerrou sua participação na competição nacional.
#ElasEmCampo",,0,"09/05/2026 15:15",N/A,https://www.facebook.com/paulistaof/posts/pfbid021SBkMFR61YqrYMdt7bKyWuc2XW7Q9UVdD54iaRu8BnSaMZPCna2Vso5G6LLVn6JUl,0,0,Fotos,,,,,Total,4763,3476,45,43,0,2,58,30,28,,,,,,,
1045851668160842,100082080567569,"Paulistão F","MAIS UMA!
São Paulo leva a melhor no duelo de Tricolores e vai para a semifinal do Brasileirão Feminino pelo quinto ano seguido!
#ElasEmCampo
📷João Brandino/Grêmio",,0,"09/05/2026 14:38",N/A,https://www.facebook.com/paulistaof/posts/pfbid02rRqFVRynM68CpbbnniT96tjsaEiLq9QRuZREEx9AoYm8Ugj9URDMZ6wpqnepGvxrl,0,0,Fotos,,,,,Total,13537,10182,560,539,8,13,183,68,115,,,,,,,
1045850831494259,100082080567569,"Paulistão F","Ferroviária fica no empate com o Flamengo e se despede do Brasileirão Feminino.
#PaulistasEmCampo
📷Rafael Zocco/Ferroviária",,0,"09/05/2026 14:36",N/A,https://www.facebook.com/paulistaof/posts/pfbid02EMNHpnY8TvWMisVH3j6e7coWkPPqsUUCMkiG5nTSVLkrdEcdU81PDHpZeFkckkdEl,0,0,Fotos,,,,,Total,4020,2936,51,43,2,6,64,25,39,,,,,,,
1045847404827935,100082080567569,"Paulistão F","AVANÇA, TRICOLOR!
São Paulo carimba a passagem e está na semifinal do Brasileirão Feminino!
#ElasEmCampo",,0,"09/05/2026 14:28",N/A,https://www.facebook.com/paulistaof/posts/pfbid02v2Ra5mARNXngCinerJMzhWvMW5C2c7BMJfqT9qMpmhxCdMVMaDNkcDhs4hR1WwxKl,0,0,Fotos,,,,,Total,4925,3702,210,190,9,11,95,32,63,,,,,,,
1045621438183865,100082080567569,"Paulistão F","GOLEADA EM VERDE E AMARELO!
A caminhada do Brasil na #CopaDoMundoFemininaSub20 começou em grande estilo!
#ElasEmCampo
📷Luciana Vermell/CBF",,0,"09/05/2026 08:06",N/A,https://www.facebook.com/paulistaof/posts/pfbid02rEUX7b8KdoKtN8FAsbvhHvzEENDNXcbruyvHd3EJD9LuFuYWm1fvJBxnVoCS8q7Al,0,0,Fotos,,,,,Total,12030,8767,329,304,14,11,157,66,91,,,,,,,
1045494991529843,100082080567569,"Paulistão F","Tudo pronto para os jogos de volta das quartas de final do Paulista F Sub-15 Petrobras! Quem avança?
#PaulistaFSub15Petrobras",,0,"09/05/2026 05:00",N/A,https://www.facebook.com/paulistaof/posts/pfbid02Jd4B9xznL2sUScy4Ae3mA9F9R9ze2jmb2DjSUSSg85gGYJSoe9jZXnsZZXZZF2iLl,0,0,Fotos,,,,,Total,8767,6561,66,63,1,2,159,93,66,,,,,,,
1045418984870777,100082080567569,"Paulistão F","PARA CIMA DELAS, BRASIL! 🇧🇷
A #SeleçãoBrasileira estreia na Copa do Mundo Feminina Sub-20 contra a Tanzânia! Vem torcer para as nossas meninas ao vivo no @sportv e na @cazetv 🥰
#ElasEmCampo #CopaDoMundoFemininaSub20",,0,"09/05/2026 03:00",N/A,https://www.facebook.com/paulistaof/posts/pfbid02zBZRt1yhNei6w8f79ndHh4TchezfVyvJov5BvXyhECC7DGmWZ7SRi513o38XwqeHl,0,0,Fotos,,,,,Total,5323,4083,75,72,1,2,69,38,31,,,,,,,
1045172924895383,100082080567569,"Paulistão F","Fim de jogo em Barueri. Palmeiras perde nos pênaltis e se despede da disputa do Brasileirão Feminino.
#ElasEmCampo
📷João Brandino/Divulgação/Palmeiras",,0,"09/04/2026 19:46",N/A,https://www.facebook.com/paulistaof/posts/pfbid0sSb8LvZo5a9snsxcS4Eq8MwwCzZMTAXqDrLnrX4pgXoL2xZjShLpeRSGygv7vE8kl,0,0,Fotos,,,,,Total,216367,159320,1976,1680,232,64,3149,1286,1863,,,,,,,
1045056858240323,100082080567569,"Paulistão F","QUE FRIEZA!
A Juliana ampliou o placar para o São Paulo contra o Audax no Paulista F Sub-15 Petrobras da forma mais calma possível... 😅
#PaulistaFSub15Petrobras","QUE FRIEZA!
A Juliana ampliou o placar para o São Paulo contra o Audax no Paulista F Sub-15 Petrobras da forma mais calma possível... 😅
#PaulistaFSub15Petrobras",53,"09/04/2026 16:00",auto,https://www.facebook.com/reel/2154296778799536/,0,0,Vídeos,,,,,Total,17559,18013,862,829,13,20,407,,407,210820.171,12.464,0,0,0,,
1045056881573654,100082080567569,"Paulistão F","DOMINANDO O MATA-MATA...
Em 2023 e 2024, tivemos uma semifinal de @brfeminino 100% paulista. Será que esse ano teremos essa hegemonia de novo? 👀
#ElasEmCampo",,0,"09/04/2026 16:00",N/A,https://www.facebook.com/paulistaof/posts/pfbid02fkB6tjFecjzBghKhC7vusMm5NeXz57Gzfe5LnoAwwDkDTgr4MKuD6kiaUCSW5Np2l,0,0,Fotos,,,,,Total,3160,2198,31,30,1,0,48,26,22,,,,,,,
1045043221575020,100082080567569,"Paulistão F","100% DE APROVEITAMENTO!
O #FutebolPaulista está sempre marcando presença nas semifinais do Brasileirão Feminino 😎💜
#ElasEmCampo",,0,"09/04/2026 15:30",N/A,https://www.facebook.com/paulistaof/posts/pfbid02saLo46FdZaTgdZwE111K6eys9r9W2ihxJseR7PcaWaPFG92gHVPZNnYn6Rzr23Qsl,0,0,Fotos,,,,,Total,3565,2173,49,43,2,4,226,186,40,,,,,,,
1045027611576581,100082080567569,"Paulistão F","QUE DRIBLE ABSURDO!
De pé em pé, a bola chegou na Nandyala, que driblou todo mundo e mandou a bola pro fundo do gol!
#PaulistaFSub15Petrobras","QUE DRIBLE ABSURDO!
De pé em pé, a bola chegou na Nandyala, que driblou todo mundo e mandou a bola pro fundo do gol!
#PaulistaFSub15Petrobras",60,"09/04/2026 15:00",auto,https://www.facebook.com/reel/1590245792552468/,0,0,Vídeos,,,,,Total,4229,4150,58,52,5,1,84,,84,49596.802,12.322,0,0,0,,
1044956341583708,100082080567569,"Paulistão F","TEM COMPETIÇÃO NOVA NA ÁREA... 👀💜
Vem conferir o formato e os participantes do Paulista F Sub-13 Petrobras!
#PaulistaFSub13Petrobras",,0,"09/04/2026 12:43",N/A,https://www.facebook.com/paulistaof/posts/pfbid02vRgkcvvR7aeazYbQfY23vAFXDfqKzFuamjVxttd3MU6ADCUXuvv7s77bVVHNugyrl,0,0,Fotos,,,,,Total,962,709,23,20,1,2,6,1,5,,,,,,,
1044869664925709,100082080567569,"Paulistão F","VAI COMEÇAR!
É clima de Copa do Mundo, meus amigos. Vem saber mais sobre o grupo e agenda do Brasil na disputa do Mundial Sub-20 Feminino, na Polônia.
#ElasEmCampo",,0,"09/04/2026 10:30",N/A,https://www.facebook.com/paulistaof/posts/pfbid02fDNrwaRCpM3Vi9kSs2gsoQ1a6pNn4zo1Zv57tHiNPvwUXoaQnPvNQBgr15Si9rGrl,0,0,Fotos,,,,,Total,2527,1749,33,32,0,1,90,72,18,,,,,,,
1044672878278721,100082080567569,"Paulistão F","PALESTRINAS EM CAMPO...
Em busca da classificação no @brfeminino.
#ElasEmCampo",,0,"09/04/2026 06:00",N/A,https://www.facebook.com/paulistaof/posts/pfbid02BrfSjnEYhDxy9qwFb6ZnuwWPUEhJZwW7uG3qDmmgEAHPfFjLQJXFpETfBLQLanUfl,0,0,Fotos,,,,,Total,38653,28302,487,466,15,6,992,419,573,,,,,,,
1044134351665907,100082080567569,"Paulistão F","Aquele carrossel de fotos para celebrar a conquista inédita e invicta da Ferroviária no Brasileirão Feminino Sub-17!
#ElasEmCampo 
📷Jonatan Dutra/Ferroviária",,0,"09/03/2026 14:30",N/A,https://www.facebook.com/paulistaof/posts/pfbid0ESW1R4dVrJJ2U1FqWyHdiAcHYjGtJePN2hksPSkk2TNAJ3t3UKJAzF2Qu2LBG1xZl,0,0,Fotos,,,,,Total,2550,1815,30,30,0,0,72,59,13,,,,,,,
1044119908334018,100082080567569,"Paulistão F","DISPUTA PELA LIDERANÇA!
São José e Realidade Jovem estão empatados na ponta da classificação da Taça Paulistana @petrobras.
#TaçaPaulistanaPetrobras",,0,"09/03/2026 14:00",N/A,https://www.facebook.com/paulistaof/posts/pfbid035to3MwjExaUeEXKkbJTHGrLvX92c7nMkHGAyRsZwHkLwH3jC8jHzVKYhJHEqJC6Bl,0,0,Fotos,,,,,Total,6309,4872,20,19,0,1,49,21,28,,,,,,,
1044087851670557,100082080567569,"Paulistão F","TBT DE CAMPEÃS!
De forma invicta, as @grenasguerreiras levaram a taça do Brasileirão Feminino Sub-17 para casa no último domingo (30).
#ElasEmCampo",,0,"09/03/2026 12:59",N/A,https://www.facebook.com/paulistaof/posts/pfbid02q5CfJkD9m9pveqPDtcYZnzqLBkpqECM7bSa6RvW1kJ5XDtB4usQdUBU8qCq3dzS2l,0,0,Fotos,,,,,Total,2085,1489,25,23,1,1,38,24,14,,,,,,,
1043344698411539,100082080567569,"Paulistão F","Mais uma rodada da Taça Paulistana @petrobras terminou, então bora conferir os resultados.
#TaçaPaulistanaPetrobras",,0,"09/02/2026 15:34",N/A,https://www.facebook.com/paulistaof/posts/pfbid02dSHN92Jrbb7zgnqKgmJ1jq29HMNrjPpsesVUZ3NNLSqpjaWKxyq183drBq88b8ZSl,0,0,Fotos,,,,,Total,2350,1718,14,14,0,0,16,11,5,,,,,,,
1043229558423053,100082080567569,"Paulistão F","GOLEADA DO REALIDADE JOVEM COM DIREITO A GOLAÇO! 🔥
A Rayssinha não brinca em serviço... meteu esse golaço de cobertura na Taça Paulistana Petrobras!
#TaçaPaulistanaPetrobras","GOLEADA DO REALIDADE JOVEM COM DIREITO A GOLAÇO! 🔥
A Rayssinha não brinca em serviço... meteu esse golaço de cobertura na Taça Paulistana Petrobras!
#TaçaPaulistanaPetrobras",33,"09/02/2026 11:48",auto,https://www.facebook.com/reel/1298771586653183/,1,0,Vídeos,,,,,Total,1187,1141,13,13,0,0,7,,7,7891.804,6.922,0,0,0,,
1043228761756466,100082080567569,"Paulistão F","E ESSE GOLAÇO DA LAURA MUNIZ? 😮‍💨
O primeiro gol do Lemense na Taça Paulistana Petrobras não foi pouco bonito, não!
#TaçaPaulistanaPetrobras","E ESSE GOLAÇO DA LAURA MUNIZ? 😮‍💨
O primeiro gol do Lemense na Taça Paulistana Petrobras não foi pouco bonito, não!
#TaçaPaulistanaPetrobras",55,"09/02/2026 11:47",auto,https://www.facebook.com/reel/2295236307879738/,1,0,Vídeos,,,,,Total,2070,2036,36,34,1,1,20,,20,16761.943,8.406,0,0,0,,
1042117385200937,100082080567569,"Paulistão F","A SEGUNDA RODADA CHEGOU!
Com transmissão do YouTube do @paulistao, vem conferir mais uma volta da Taça Paulistana @petrobras.
#TaçaPaulistanaPetrobras",,0,"09/01/2026 05:00",N/A,https://www.facebook.com/paulistaof/posts/pfbid0e1A3GV2HJuCDmhapkeLAyLFaLGYkXCmbHokPG19xVgoHPeh5yrhXVDe4FLbsMmwul,0,0,Fotos,,,,,Total,1927,1368,19,18,0,1,14,9,5,,,,,,,
1041778671901475,100082080567569,"Paulistão F","Os jogos de ida das quartas de final do @brfeminino terminaram assim pras equipes paulistas! #ElasEmCampo",,0,"08/31/2026 19:32",N/A,https://www.facebook.com/paulistaof/posts/pfbid02xHobba7JCa4fLfbwC5NKVkoumRpdnGgnPRjVzLMy3tczUuSh21vtkAyNbyw5T2wdl,0,0,Fotos,,,,,Total,8263,5638,72,70,0,2,88,48,40,,,,,,,
1041777381901604,100082080567569,"Paulistão F","Palmeiras fica no empate com o Bahia e deixa a decisão das quartas do @brfeminino pro jogo da volta! #ElasEmCampo
📷 Divulgação/Palmeiras",,0,"08/31/2026 19:29",N/A,https://www.facebook.com/paulistaof/posts/pfbid0xZe7aBSnFAMeWuCEVWf35L8GwkjzQ9wPdeeyeLtVmH28EM1VX9gZWJEhdNfTTtmYl,0,0,Fotos,,,,,Total,19482,14116,418,389,18,11,314,142,172,,,,,,,
1041718828574126,100082080567569,"Paulistão F","A MÁGICA RESOLVE!🪄⚽
Vic Albuquerque entra e marca um golaço para garantir vantagem para as Brabas nas quartas do @brfeminino!
#ElasEmCampo #Corinthians #Brabas
🎥SporTV","A MÁGICA RESOLVE!🪄⚽
Vic Albuquerque entra e marca um golaço para garantir vantagem para as Brabas nas quartas do @brfeminino!
#ElasEmCampo #Corinthians #Brabas
🎥SporTV",84,"08/31/2026 17:37",auto,https://www.facebook.com/reel/935763686256859/,0,0,Vídeos,,,,,Total,43234,42608,2706,2578,58,70,1188,,1188,762740.212,18.607,0,0,0,,
1041707641908578,100082080567569,"Paulistão F","Vic Albuquerque marca nos acréscimos e Corinthians abre vantagem nas quartas do @brfeminino!
#ElasEmCampo
📷Gustavo Martins/Cruzeiro",,0,"08/31/2026 17:15",N/A,https://www.facebook.com/paulistaof/posts/pfbid02n42brRyYpKbHBRSzdCd1KMn3rjZa5ySz7V6xTE3m62RcaMg71MeqdUoTUi94C4Jsl,0,0,Fotos,,,,,Total,21664,14971,647,599,21,27,316,157,159,,,,,,,
1041538635258812,100082080567569,"Paulistão F","DEFESA QUE NINGUÉM PASSA!
Com apenas 3 gols sofridos em sete jogos, as Palestrinas entraram para as melhores defesas na história do Paulistão F @petrobras. 
#PaulistãoFPetrobras #Palmeiras",,0,"08/31/2026 11:31",N/A,https://www.facebook.com/paulistaof/posts/pfbid0RnPAsAnxByJkyCZJ3q4VKyKu2vYUhh1Q5Ho1moUwXj6XH1yhfBG7UJSLdTrFpbN8l,0,0,Fotos,,,,,Total,10171,6745,66,65,0,1,148,107,41,,,,,,,
1041359728610036,100082080567569,"Paulistão F","A CRAQUE DA RODADA É PALESTRINA! 🌟
Ana Guimarães foi eleita o destaque da última rodada da fase de grupos do Paulistão F Petrobras!
#PaulistãoFPetrobras #CraqueDaRodada",,0,"08/31/2026 07:03",N/A,https://www.facebook.com/paulistaof/posts/pfbid02v9JdCXiDruwCPHhteoYVncBxkRDGVdEZ6QrKqBvnbDeLsUmNgvD3XwEMPsjDdW9il,0,0,Fotos,,,,,Total,6907,5348,181,156,18,7,87,27,60,,,,,,,1
1041356888610320,100082080567569,"Paulistão F","A CRAQUE DA RODADA É PALESTRINA! 🌟
Ana Guimarães foi eleita o destaque da última rodada da fase de grupos do Paulistão F Petrobras!
#PaulistãoFPetrobras #CraqueDaRodada",,0,"08/31/2026 07:00",N/A,https://www.facebook.com/paulistaof/posts/pfbid0h4qm6DybmMJSTBziLWQpd2b91KsEt137wy9QxAjqMs84DP59vLs3eeH1vH2EQHUhl,0,0,Fotos,,,,,Total,8205,6084,204,191,9,4,116,42,74,,,,,,,
1041316395281036,100082080567569,"Paulistão F","A segunda-feira vai ferver com as quartas de final do @brfeminino!
#ElasEmCampo",,0,"08/31/2026 06:00",N/A,https://www.facebook.com/paulistaof/posts/pfbid028a6KBMrvXnJS5MVGDrdViCtCoCy16Q2rW9o61kUFTKHdKXGBfQcyB9y9fNNPaaRal,0,0,Fotos,,,,,Total,19358,13372,248,233,4,11,446,273,173,,,,,,,
1040019432077399,100082080567569,"Paulistão F","Um sábado sem vitórias para o #FutebolPaulista.
#ElasEmCampo",,0,"08/29/2026 15:00",N/A,https://www.facebook.com/paulistaof/posts/pfbid02Sw7JHn35zLFPHb5qfKFe3ekw5ga5CYaL56aojePpCQFAJGzp38fVakAbmW6oFzZyl,0,0,Fotos,,,,,Total,11433,8120,58,51,3,4,127,55,72,,,,,,,
1040007852078557,100082080567569,"Paulistão F","Ferroviária é superada no jogo de ida da quartas de final e agora terá que reverter a desvantagem em casa.
#ElasEmCampo
📷Rafael Zocco/Ferroviária",,0,"08/29/2026 14:35",N/A,https://www.facebook.com/paulistaof/posts/pfbid024kqFckmXets1SgScHhq1sWdbStCtrUnBcBS4tvwHJarsngCAC2bCBxKZiyjZy5qHl,0,0,Fotos,,,,,Total,5713,4349,25,22,2,1,53,27,26,,,,,,,
1040006848745324,100082080567569,"Paulistão F","EMPATE ENTRE TRICOLORES!
Grêmio e São Paulo não saíram do zero na ide das quartas de final do Brasileirão Feminino.
#ElasEmCampo
📷Caroline Martins/Grêmio",,0,"08/29/2026 14:33",N/A,https://www.facebook.com/paulistaof/posts/pfbid0vLSmiRbPz6BFY3j5nFsNeCrbqeFW3bBAF63WbNiSUsg79nPa5Bu3XjUb9fPmov2bl,0,0,Fotos,,,,,Total,7291,5423,79,76,0,3,67,48,19,,,,,,,
1039954132083929,100082080567569,"Paulistão F","A ida das quartas de final do Paulista F Sub-15 Petrobras já foi! Se liga nos resultados deste sábado.
#PaulistaFSub15Petrobras",,0,"08/29/2026 12:46",N/A,https://www.facebook.com/paulistaof/posts/pfbid0WMDaAe2RV32bnxPUQzeiErxGd9Gfdb2Su6j5mktMrmUWwiWWVvyksWXuav1kGaACl,0,0,Fotos,,,,,Total,33962,25008,107,87,0,20,390,236,154,,,,,,,
1039691405443535,100082080567569,"Paulistão F","SÓ TEM JOGÃO!
As quartas de finais do @brfeminino começam neste sábado com dose dupla.
#ElasEmCampo",,0,"08/29/2026 06:00",N/A,https://www.facebook.com/paulistaof/posts/pfbid02SKBKus68iVGE7mZTcpJa7HPonTPMWdZTtRhYfWmghokQEGkZ8LL6bwuHgr2rN7exl,0,0,Fotos,,,,,Total,11688,8104,129,121,1,7,232,134,98,,,,,,,
1039653155447360,100082080567569,"Paulistão F","QUARTAS DE FINAL NA ÁREA! 😍
Os primeiros confrontos das quartas do Paulista F Sub-15 Petrobras vem aí!
#PaulistaFSub15Petrobras",,0,"08/29/2026 05:00",N/A,https://www.facebook.com/paulistaof/posts/pfbid0g97LkWeV1KFAXP5xeTPcHJ6gnVkTXsxqTd8V3yci7H7rzQxEw4Acacob7DpZFevxl,0,0,Fotos,,,,,Total,6619,4938,31,29,0,2,84,52,32,,,,,,,
1039050975507578,100082080567569,"Paulistão F","PRIMEIRA RODADA OK! ✅
Assim ficou a classificação da Taça Paulistana Petrobras ao final pra primeira rodada!
#TaçaPaulistanaPetrobras",,0,"08/28/2026 10:24",N/A,https://www.facebook.com/paulistaof/posts/pfbid0NdZk3uNE6ZbwknaZhMBqatWNic6zL9RJF83izBJAfsX4Xuh1dnunRVFUZ5ADF3QUl,0,0,Fotos,,,,,Total,9560,7278,36,34,0,2,78,42,36,,,,,,,
1038177328928276,100082080567569,"Paulistão F","QUEM FOI A CRAQUE DA 7ª RODADA? 😮‍💨
A última rodada da primeira fase do Paulistão F Petrobras chegou ao fim e você pode escolher quem foi o destaque da vez votando na enquete desse post!
#PaulistãoFPetrobras #CraqueDaRodada",,0,"08/27/2026 10:13",N/A,https://www.facebook.com/paulistaof/posts/pfbid02BgWPaAgcCNq2Y5kdW2ohDK97UcTxuyoCrwgA1verbA4FhtTNFEeGrcrzdKYUs9Xwl,0,0,Fotos,,,,,Total,10384,7313,109,81,23,5,214,100,114,,,,,,,
1037635002315842,100082080567569,"Paulistão F","PRIMEIRA RODADA FINALIZADA!
Vem conferir os resultados dessa primeira volta da Taça Paulistana Petrobras!
#TaçaPaulistanaPetrobras",,0,"08/26/2026 18:53",N/A,https://www.facebook.com/paulistaof/posts/pfbid024FTMeEk9vR5FV3cNQDYP63gTzqJqkmTvehcfEgsyahpceLKHJFY9EN8ozBzseBrol,0,0,Fotos,,,,,Total,2286,1604,14,14,0,0,21,12,9,,,,,,,
1037624102316932,100082080567569,"Paulistão F","Confira os melhores momentos da vitória da Ferroviária por 3 a 0 sobre o São Paulo na 7ª rodada do Paulistão F Petrobras!
#PaulistãoFPetrobras #MelhoresMomentos #Centauro #SuperclássicoFPetrobras","Confira os melhores momentos da vitória da Ferroviária por 3 a 0 sobre o São Paulo na 7ª rodada do Paulistão F Petrobras!
#PaulistãoFPetrobras #MelhoresMomentos #Centauro #SuperclássicoFPetrobras",272,"08/26/2026 18:31",auto,https://www.facebook.com/reel/1387365196859853/,0,0,Vídeos,,,,,Total,14639,15077,164,160,3,1,346,,346,354183.367,25.037,0,0,0,,
1037598918986117,100082080567569,"Paulistão F","METE DANÇA, JHONSON! 🥳🤩 #PaulistãoFPetrobras #Corinthians
📷 Jhony Inacio/Ag. Paulistão",,0,"08/26/2026 17:42",N/A,https://www.facebook.com/paulistaof/posts/pfbid0QYjvJz3hLdW8JbQMDNXeiihkAVmmkfL9cMLPd6XSJySyAsCNUuCD34Xc9KPEqUncl,0,0,Fotos,,,,,Total,2111,1516,54,50,0,4,14,4,10,,,,,,,
1037593102320032,100082080567569,"Paulistão F","Ariel marcou um hat-trick e homenageou seu pai, que faleceu recentemente! 🖤 #PaulistãoFPetrobras #Corinthians
📷 Jhony Inacio/Ag. Paulistão",,0,"08/26/2026 17:31",N/A,https://www.facebook.com/paulistaof/posts/pfbid02Qy6QeC6Nmq7D1QoKvBHLxsXKrqUEmUb2KpPpdv1DowdVwwtoc1Ru7rs4Yxdw24F9l,0,0,Fotos,,,,,Total,7166,5151,236,231,2,3,106,74,32,,,,,,,
1037589998987009,100082080567569,"Paulistão F","O TERCEIRO DA FERROVIÁRIA FOI UM GOLAAAÇOO!
Diana Benítez mandou de longe e fez um lindo gol!
#PaulistãoFPetrobras #SuperclássicoFPetrobras","O TERCEIRO DA FERROVIÁRIA FOI UM GOLAAAÇOO!
Diana Benítez mandou de longe e fez um lindo gol!
#PaulistãoFPetrobras #SuperclássicoFPetrobras",47,"08/26/2026 17:25",N/A,https://www.facebook.com/reel/1095349256276312/,0,0,Vídeos,,,,,Total,2842,2691,35,33,0,2,34,,34,26741.199,10.129,0,0,0,,
1037588672320475,100082080567569,"Paulistão F","O TROFÉU É DAS GUERREIRAS!
A Ferroviária foi com tudo e levou a melhor no Superclássico F Petrobras!
#PaulistãoFPetrobras #SuperclássicoFPetrobras",,0,"08/26/2026 17:23",N/A,https://www.facebook.com/paulistaof/posts/pfbid0VKUmmnBhffykozRxnaCkf6YdLYhhGvFfKXZYdmYX6zRDWaZkTEaLms55n8DgjsXNl,0,0,Fotos,,,,,Total,7415,5251,114,102,7,5,124,36,88,,,,,,,
1037586698987339,100082080567569,"Paulistão F","Vem conferir os melhores momentos da vitória de 4 a 1 do Palmeiras para cima do Red Bull Bragantino na 7ª rodada do Paulistão F Petrobras!
#PaulistãoFPetrobras #MelhoresMomentos #Centauro","Vem conferir os melhores momentos da vitória de 4 a 1 do Palmeiras para cima do Red Bull Bragantino na 7ª rodada do Paulistão F Petrobras!
#PaulistãoFPetrobras #MelhoresMomentos #Centauro",264,"08/26/2026 17:17",N/A,https://www.facebook.com/reel/1439720211302264/,0,0,Vídeos,,,,,Total,1434,1347,37,37,0,0,31,,31,17896.592,13.237,0,0,0,,
1037583992320943,100082080567569,"Paulistão F","De pênalti, Ana Carla desconta para o Red Bull Bragantino no final do jogo contra o Palmeiras!
#PaulistãoFPetrobras","De pênalti, Ana Carla desconta para o Red Bull Bragantino no final do jogo contra o Palmeiras!
#PaulistãoFPetrobras",50,"08/26/2026 17:14",N/A,https://www.facebook.com/reel/1715458929750123/,0,0,Vídeos,,,,,Total,51706,51502,477,472,3,2,1059,,1059,754270.625,17.489,0,0,0,,
1037580888987920,100082080567569,"Paulistão F","AVISA QUE É ELA!
Autora do gol da vitória do Santos, a atacante Ketlen foi a Craque do Jogo!
#PaulistãoFPetrobras2026 #CraqueDoJogo
📷Mauro Horita/Ag. Paulistão",,0,"08/26/2026 17:08",N/A,https://www.facebook.com/paulistaof/posts/pfbid01PTTFQStEWituxovqRXpnxd2Zw7tgDo6bqE9uQKT1rt6DueRMyZZFprwm4BYWJXDl,0,0,Fotos,,,,,Total,723,515,9,9,0,0,2,1,1,,,,,,,
1037580398987969,100082080567569,"Paulistão F","A CRAQUE DO JOGO!
Thayslane jogou muito, marcou gol e foi eleita a craque do jogo no Superclássico F Petrobras!
#PaulistãoFPetrobras #SuperclássicoFPetrobras #CraqueDoJogo
📷Douglas Moreti/Ag. Paulistão",,0,"08/26/2026 17:08",N/A,https://www.facebook.com/paulistaof/posts/pfbid0ZR1dNajWsSdMoBo21yjTJG1iCfW345vrRePBHxFWbk4i2j68wJ7fAXcB6dQKdWJBl,0,0,Fotos,,,,,Total,905,664,11,10,0,1,2,1,1,,,,,,,
1037579178988091,100082080567569,"Paulistão F","HAT-TRICK E TROFÉU DE CRAQUE DO JOGO! 🏆🔥 #PaulistãoFPetrobras #Corinthians
📷 Jhony Inacio/Ag. Paulistão",,0,"08/26/2026 17:05",N/A,https://www.facebook.com/paulistaof/posts/pfbid021Eif9yAkXqYgNezmPfKCMJCNgu7oiPVpbJo1r9qF36HYVSKHQU97VpubMcTf43E4l,0,0,Fotos,,,,,Total,1201,844,37,34,1,2,8,3,5,,,,,,,
1037578862321456,100082080567569,"Paulistão F","DEIXOU O DELA E FOI ELEITA CRAQUE DO JOGO!
Ana Guimarães foi o destaque da goleada do Palmeiras para cima do Red Bull Bragantino no Paulistão F Petrobras!
#PaulistãoFPetrobras #CraqueDoJogo
📷Rebeca Reis/Ag.Paulistão",,0,"08/26/2026 17:05",N/A,https://www.facebook.com/paulistaof/posts/pfbid06JpgWyZz4YxzJQW7TGhkUNXTqRaFu4s2hRFfz8Trq2fCuCEcJFBMemxFTiks7Lwgl,0,0,Fotos,,,,,Total,2520,1791,94,85,4,5,41,20,21,,,,,,,
1037578148988194,100082080567569,"Paulistão F","SAN-SÃO PELA VAGA NA SEMIFINAL!
Quem vai ficar com a vaga no mata-mata do Paulistão F Petrobras: São Paulo ou Santos? 
#PaulistãoFPetrobras #PlayIn",,0,"08/26/2026 17:04",N/A,https://www.facebook.com/paulistaof/posts/pfbid0CJf4kUQAvK1FQreKntGcL5aJi7AqyLSKNtCjXzurxZRFq4DD8rvAoeJJLXc1JD3Bl,0,0,Fotos,,,,,Total,7914,5694,79,69,8,2,192,54,138,,,,,,,
1037577752321567,100082080567569,"Paulistão F","BRABAS E BRAGANTINAS DISPUTAM O PLAY-IN DO PAULISTÃO F PETROBRAS!
Corinthians e Red Bull Bragantino se enfrentam pelo espaço na disputa da semifinal do Paulistão F Petrobras. Quem vai se classificar? 👀
#PaulistãoFPetrobras #PlayIn",,0,"08/26/2026 17:03",N/A,https://www.facebook.com/paulistaof/posts/pfbid0ztjW6t3ze8XxwGLQjnSJc7rNi98Kb9LYwdX3Lx2WQ25iFbqiWMzVhnK7rTzgZMBol,0,0,Fotos,,,,,Total,24024,16802,395,361,21,13,963,275,688,,,,,,,
1037576988988310,100082080567569,"Paulistão F","OS CONFRONTOS DO PLAY-IN! 🔥
Corinthians, Red Bull Bragantino, São Paulo e Santos vão disputar as duas vagas que restam nas semifinais do Paulistão F Petrobras!
#PaulistãoFPetrobras",,0,"08/26/2026 17:02",N/A,https://www.facebook.com/paulistaof/posts/pfbid02gebWe1XUEW8CXcrT1jZHKnnsfJvGPKNdKEXqvkxDbNs5SV9xeXPPC4tq7SD8BpsDl,0,0,Fotos,,,,,Total,12377,8481,170,158,4,8,194,101,93,,,,,,,
1037574358988573,100082080567569,"Paulistão F","A PRIMEIRA FASE DO PAULISTÃO F PETROBRAS CHEGOU AO FIM. CONFIRA A CLASSIFICAÇÃO!
#PaulistãoFPetrobras",,0,"08/26/2026 16:56",N/A,https://www.facebook.com/paulistaof/posts/pfbid02iGqtZgDsaT3StnzKif81mKbn67TFeGQ8VtUNLtYNmVZeSSZTUF4g1ak9dZZvqFNyl,0,0,Fotos,,,,,Total,12943,8504,135,119,4,12,270,110,160,,,,,,,
1037571512322191,100082080567569,"Paulistão F","Ponto final na última rodada da fase de grupos do Paulistão F Petrobras!
#PaulistãoFPetrobras",,0,"08/26/2026 16:50",N/A,https://www.facebook.com/paulistaof/posts/pfbid022YcvCpi7kHaNYL6zmLmyiYa6APfJpFpM5QipCghCmw7gk4arP6jcDPBL2d7JNqSjl,0,0,Fotos,,,,,Total,9950,6724,87,75,4,8,187,67,120,,,,,,,
1037569315655744,100082080567569,"Paulistão F","VITÓRIA ALVINEGRA!
Com gol de Katlen, Santos encerra primeira fase do Paulistão F Petrobras com os três pontos!
#PaulistãoFPetrobras2026 
📷Mauro Horita/Ag. Paulistão",,0,"08/26/2026 16:46",N/A,https://www.facebook.com/paulistaof/posts/pfbid02s79ajdKkQE8TSDgxhECu3YvRYThTgMgq13yq3C9dAJAcN5DH2zUAew4MdZXFx4Zsl,0,0,Fotos,,,,,Total,2810,2127,45,44,1,0,48,32,16,,,,,,,
1037568108989198,100082080567569,"Paulistão F","GOLEADA DAS BRABAS! ⚫⚪
O Corinthians venceu o Taubaté e garantiu a vaga no Play-In do Paulistão F @petrobras! #PaulistãoFPetrobras
📷 Jhony Inacio/Ag. Paulistão",,0,"08/26/2026 16:44",N/A,https://www.facebook.com/paulistaof/posts/pfbid0n2HLdeSREWcUt3ADM7JJpSuqAEsvehJ2SCwRTFMPqENAG5o9AMapYJrwYn92VZZ2l,0,0,Fotos,,,,,Total,35834,26566,1124,1051,47,26,584,362,222,,,,,,,
1037566242322718,100082080567569,"Paulistão F","UMA GOLEADA DE PRESENTE DE ANIVERSÁRIO! 🎂🐷
Vitória maiúscula das Palestrinas para cravar a classificação para a semifinal do Paulistão F Petrobras!
#PaulistãoFPetrobras
📷Rebeca Reis/Ag.Paulistão",,0,"08/26/2026 16:41",N/A,https://www.facebook.com/paulistaof/posts/pfbid0A2jNKegRT5ejhn9NYiE6oMW8XUptNPWnkQdLHkpHpdPpRQWb5XHdbaCuDiP7pqsil,0,0,Fotos,,,,,Total,56577,40595,1724,1620,47,57,1694,1237,457,,,,,,,
1037566178989391,100082080567569,"Paulistão F","VITÓRIA E CLASSIFICAÇÃO DAS GUERREIRAS!
Ferroviária vence o São Paulo no Superclássico F Petrobras e garante vaga nas semifinais!
#PaulistãoFPetrobras #SuperclássicoFPetrobras
📷Douglas Moreti/Ag. Paulistão",,0,"08/26/2026 16:41",N/A,https://www.facebook.com/paulistaof/posts/pfbid0TVscboMdw9VZWjBGzy7rUz149zyhfnkTReX2MFju9JpqBWyu9LvAyHwApmezTziKl,0,0,Fotos,,,,,Total,7144,4919,84,73,10,1,287,127,160,,,,,,,
1037564508989558,100082080567569,"Paulistão F","CLASSIFICADAS!!! 🤩
As Palestrinas garantiram a classificação direta pra semifinal do Paulistão F @petrobras! 👏👏👏 #PaulistãoFPetrobras #Palmeiras",,0,"08/26/2026 16:37",N/A,https://www.facebook.com/paulistaof/posts/pfbid02WoePLTmiiaHeCHiTkaZk2m3YwvTL8BbiWjy6cFAW35JCXmHLcsqGbuMYK1g4XgAKl,0,0,Fotos,,,,,Total,4117,3081,113,104,1,8,59,31,28,,,,,,,
1037563758989633,100082080567569,"Paulistão F","NA SEMI!!! 🤩
A Ferroviária garantiu a classificação direta pra semifinal do Paulistão F @petrobras! 👏👏👏 #PaulistãoFPetrobras #Ferroviária",,0,"08/26/2026 16:36",N/A,https://www.facebook.com/paulistaof/posts/pfbid028vqousG6vTGZhmoeNRbKKuU8LyX1h9iTPTCbyNFCrBWgvDnAPtASaoFFWAjovkjfl,0,0,Fotos,,,,,Total,2762,1964,66,59,4,3,50,6,44,,,,,,,
1037556308990378,100082080567569,"Paulistão F","NO TALENTO!
QUE CATEGORIA DA DOS SANTOS PARA MARCAR O SEGUNDO DAS GUERREIRAS!
#PaulistãoFPetrobras #SuperclássicoFPetrobras","NO TALENTO!
QUE CATEGORIA DA DOS SANTOS PARA MARCAR O SEGUNDO DAS GUERREIRAS!
#PaulistãoFPetrobras #SuperclássicoFPetrobras",50,"08/26/2026 16:22",auto,https://www.facebook.com/reel/1406309971441313/,0,0,Vídeos,,,,,Total,9781,10155,103,95,5,3,265,,265,110560.003,11.71,0,0,0,,
1037551822324160,100082080567569,"Paulistão F","DO REAL MADRID AO PAULISTÃO F PETROBRAS!
E teve estreia da craque Antônia com a camisa do Palmeiras! 🌟
#PaulistãoFPetrobras
📷Rebeca Reis/Ag.Paulistão",,0,"08/26/2026 16:13",N/A,https://www.facebook.com/paulistaof/posts/pfbid024VyoZC8BPqdECe3hN6mu7VvAcd8tfe7Yv2szni9ehBDx4rAN86iW2RqkyNPyiUEZl,0,0,Fotos,,,,,Total,10028,6907,424,415,4,5,433,319,114,,,,,,,
1037534228992586,100082080567569,"Paulistão F","TEM LEI DA EX COM A THAYSLANE!
As Guerreiras abrem o placar na Fonte Luminosa!
#PaulistãoFPetrobras #SuperclássicoFPetrobras","TEM LEI DA EX COM A THAYSLANE!
As Guerreiras abrem o placar na Fonte Luminosa!
#PaulistãoFPetrobras #SuperclássicoFPetrobras",38,"08/26/2026 15:35",uploaded,https://www.facebook.com/reel/1604649411047012/,0,0,Vídeos,,,,,Total,6713,6788,61,57,4,0,173,,173,65142.318,10.107,0,0,0,,
1037532905659385,100082080567569,"Paulistão F","QUE GOLAÇO! VIROU GOLEADA! 🐷
Taina Maranhão faz o quarto do Palmeiras com essa bomba pro fundo da rede!
#PaulistãoFPetrobras","QUE GOLAÇO! VIROU GOLEADA! 🐷
Taina Maranhão faz o quarto do Palmeiras com essa bomba pro fundo da rede!
#PaulistãoFPetrobras",50,"08/26/2026 15:33",N/A,https://www.facebook.com/reel/2323877688421891/,0,0,Vídeos,,,,,Total,55321,49169,2399,2332,24,43,524,,524,789867.161,16.984,0,0,0,,
1037529828993026,100082080567569,"Paulistão F","GUIMA FAZ O TERCEIRO DAS PALESTRINAS!
A bola sobrou pra ela e não teve desperdício! Mais um na conta do Palmeiras ⚽🔥
#PaulistãoFPetrobras","GUIMA FAZ O TERCEIRO DAS PALESTRINAS!
A bola sobrou pra ela e não teve desperdício! Mais um na conta do Palmeiras ⚽🔥
#PaulistãoFPetrobras",55,"08/26/2026 15:27",N/A,https://www.facebook.com/reel/1041458208717471/,0,0,Vídeos,,,,,Total,3356,3363,174,171,1,2,82,,82,36071.567,11.226,0,0,0,,
1037529035659772,100082080567569,"Paulistão F","A ÚLTIMA RODADA DA PRIMEIRA FASE DO PAULISTÃO F PETROBRAS ESTÁ PEGANDO FOGO!🔥🔥🔥🔥
#PaulistãoFPetrobras",,0,"08/26/2026 15:26",N/A,https://www.facebook.com/paulistaof/posts/pfbid02RSPyn6R8hpx55MPNMXfzwrLU5UTZmcZ1Md7MxfWHaBM2zxeq2VpQLk1HJkVPo7dpl,0,0,Fotos,,,,,Total,9729,6332,113,107,1,5,200,84,116,,,,,,,
1037524342326908,100082080567569,"Paulistão F","GLAUCIA DEIXA O DELA!
No primeiro gol deu a assistência, agora chegou a vez da Glaucia fazer o gol e ampliar o placar para as Palestrinas!
#PaulistãoFPetrobras","GLAUCIA DEIXA O DELA!
No primeiro gol deu a assistência, agora chegou a vez da Glaucia fazer o gol e ampliar o placar para as Palestrinas!
#PaulistãoFPetrobras",56,"08/26/2026 15:17",auto,https://www.facebook.com/reel/1379248994353894/,0,0,Vídeos,,,,,Total,3687,3756,242,234,6,2,75,,75,34022.905,9.6,0,0,0,,
1037522838993725,100082080567569,"Paulistão F","A ZAGUEIRONA ABRIU O PLACAR PARA AS PALESTRINAS! 🐷⚽
O Palmeiras sai na frente contra o Red Bull Bragantino com esse gol de cabeça da Poli! 
#PaulistãoFPetrobras","A ZAGUEIRONA ABRIU O PLACAR PARA AS PALESTRINAS! 🐷⚽
O Palmeiras sai na frente contra o Red Bull Bragantino com esse gol de cabeça da Poli! 
#PaulistãoFPetrobras",48,"08/26/2026 15:14",uploaded,https://www.facebook.com/reel/1572965664626044/,0,0,Vídeos,,,,,Total,11080,10885,446,432,7,7,254,,254,112205.443,10.795,0,0,0,,
1037497792329563,100082080567569,"Paulistão F","TUDO PRONTO!
DAQUI A POUCO A BOLA VAI ROLAR PARA FERROVIÁRIA E SÃO PAULO NO SUPERCLÁSSICO F PETROBRAS!
#PaulistãoFPetrobras #SuperclássicoFPetrobras
📷Douglas Moreti/Ag. Paulistão",,0,"08/26/2026 14:21",N/A,https://www.facebook.com/paulistaof/posts/pfbid0XYg7dY35vjHQuymHgMSwLKxkrP7xB9woy4D2Cu7swHDzivAAwPxkbPGxRz2nJLZ6l,0,0,Fotos,,,,,Total,683,504,11,11,0,0,6,3,3,,,,,,,
1037493435663332,100082080567569,"Paulistão F","Aquecimento rolando pra última rodada da primeira fase do Paulistão F @petrobras! 😮💨 #PaulistãoFPetrobras
📷 Jhony Inacio/Ag. Paulistão",,0,"08/26/2026 14:13",N/A,https://www.facebook.com/paulistaof/posts/pfbid0bAMkcf8NPwQH373acq5EDbMEfWioGRBzCmse1jxwJnc1YRtFg7ppYqJimr4JZzASl,0,0,Fotos,,,,,Total,1326,979,10,10,0,0,17,13,4,,,,,,,
1037490872330255,100082080567569,"Paulistão F","AQUECIMENTO A MIL!
Bora pra Santos e Mirassol!
#PaulistãoF2026 
📷Mauro Horita/Ag. Paulistão",,0,"08/26/2026 14:08",N/A,https://www.facebook.com/paulistaof/posts/pfbid026cJ6JBRmAjd6zFEukz3JLpbdi9P2KryhNEdpKhDNht4xEdy5YeykXJjKUFALxTaql,0,0,Fotos,,,,,Total,952,716,6,6,0,0,13,12,1,,,,,,,
1037487012330641,100082080567569,"Paulistão F","JOGO DE DECISÃO!
A bola vai rolar pra Corinthians x Taubaté, na última rodada da primeira fase do Paulistão F @petrobras! #PaulistãoFPetrobras
📷 Jhony Inacio/Ag. Paulistão",,0,"08/26/2026 14:01",N/A,https://www.facebook.com/paulistaof/posts/pfbid0daoVU45SSW29zcUGXFyQpS78yQeYFMs9LFprLkqdPnSGiDch4aroi5nNJr6yFFi5l,0,0,Fotos,,,,,Total,1923,1390,22,21,1,0,36,23,13,,,,,,,
1037481488997860,100082080567569,"Paulistão F","QUASE TUDO PRONTO... 👀🔥
A bola vai rolar entre Palestrinas e Bragantinas pela última rodada da primeira fase do Paulistão F Petrobras!
#PaulistãoFPetrobras #Palmeiras #RedBullBragantino
📷Rebeca Reis/Ag.Paulistão",,0,"08/26/2026 13:49",N/A,https://www.facebook.com/paulistaof/posts/pfbid09Sz732U4agNnbBcPaDqDcZ3qMixy3ZFgN968RzRkcb5dQV51FAnkXL1ac1NTCzPXl,0,0,Fotos,,,,,Total,1445,1024,22,20,1,1,37,24,13,,,,,,,
1037476975664978,100082080567569,"Paulistão F","DUELO DECISIVO!
A Fonte Luminosa está pronta para receber o Superclássico F Petrobras entre Ferroviária e São Paulo!
#PaulistãoFPetrobras #SuperclássicoFPetrobras
📷Douglas Moreti/Ag. Paulistão",,0,"08/26/2026 13:40",N/A,https://www.facebook.com/paulistaof/posts/pfbid02VFyzcqVegnbZQoxazJ2N8bTshxA2gXT8sewvEU64vN9bpD4kCLzCKLRTQ37XqnAEl,0,0,Fotos,,,,,Total,9204,6616,93,87,1,5,184,102,82,,,,,,,
1037474822331860,100082080567569,"Paulistão F","BORA QUE BORA!
Já já tem bola rolando na última rodada da fase de grupos do Paulistão F 2026! Em Santana do Parnaíba, Santos e Mirassol vão medir forças!
#PaulistãoF2026
📷Mauro Horita/Ag. Paulistão",,0,"08/26/2026 13:36",N/A,https://www.facebook.com/paulistaof/posts/pfbid02TKpnUhP7Fd1fRELuZLzKdoCDJQb4oekSwwGrn934xFtiGAaj1VADBUpykKv9N6pal,0,0,Fotos,,,,,Total,1127,855,5,5,0,0,20,12,8,,,,,,,
1037469515665724,100082080567569,"Paulistão F","FPF 🤝🏼 PETROBRAS, NADA PODE PARAR A MAIOR PARCERIA DA HISTÓRIA DO FUTEBOL FEMININO! 
#FPF #Petrobras #FutebolFeminino","FPF 🤝🏼 PETROBRAS, NADA PODE PARAR A MAIOR PARCERIA DA HISTÓRIA DO FUTEBOL FEMININO! 
#FPF #Petrobras #FutebolFeminino",109,"08/26/2026 13:26",auto,https://www.facebook.com/reel/1373326381010768/,0,0,Vídeos,,,,,Total,554,477,16,16,0,0,1,,1,1598.097,2.981,0,0,0,,
1037469242332418,100082080567569,"Paulistão F","FPF e Liga F, da Espanha, anunciam parceria inédita para impulsionar futebol feminino!

Acordo promoverá intercâmbio de conhecimentos, experiências e boas práticas entre duas das principais entidades do futebol feminino mundial

A Federação Paulista de Futebol e a Liga F, principal competição feminina de clubes da Espanha, anunciaram, nesta quarta-feira (26), uma parceria inédita na América Latina. 

O acordo entre as duas entidades estabelece uma cooperação institucional voltada ao fortalecimento e ao desenvolvimento do futebol feminino em São Paulo e no cenário internacional.

A parceria foi oficializada na sede da FPF, durante o evento Dia F: Legado e Futuro do Futebol Feminino, com a presença do presidente da Federação Paulista de Futebol, Reinaldo Carneiro Bastos; da presidente da Liga F, Beatriz Álvarez; do CEO da entidade espanhola, Pablo Vilches; além de representantes de clubes, atletas, treinadoras, dirigentes e profissionais do setor.",,0,"08/26/2026 13:26",N/A,https://www.facebook.com/paulistaof/posts/pfbid0wxaqh8B8En89txZLPSxpV5QBVBiNM7XGXASswpM2t5KVLBhpbMmrSmWniQVYKTRhl,0,0,Fotos,,,,,Total,1970,1445,37,35,1,1,22,17,5,,,,,,,
1037379222341420,100082080567569,"Paulistão F","CHEGOU A HORA DA ÚLTIMA RODADA! 🤩
Se liga nas odds dos jogos decisivos do Paulistão F Petrobras! #PaulistãoFPetrobras #Betano

Jogue com responsabilidade. Ministério da Fazenda adverte: aposta não é investimento. Autorizado pela Portaria SPA/MF n° 246/2025. Consulte os T&Cs.",,0,"08/26/2026 10:44",N/A,https://www.facebook.com/paulistaof/posts/pfbid0WLfuFdFYqsHamKaCYQwvRjyKgc2rBsTPmGMy7UxYpCPz2k5znq2awYAKvNv1G35bl,0,0,Fotos,,,,,Total,897,607,7,7,0,0,6,4,2,,,,,,,
1037289335683742,100082080567569,"Paulistão F","TRICOLORES EM BUSCA DAS SEMIFINAIS!
O São Paulo tem um Superclássico F Petrobras pela frente e só a vitória interessa por um vaga na semi!
#PaulistãoFPetrobras #SuperclássicoFPetrobras",,0,"08/26/2026 08:30",N/A,https://www.facebook.com/paulistaof/posts/pfbid02BTwyz6XdGuWRG8tfD4kFjm86C36oBJzwTxRKwhUpoRQRgNPwgsmmTV5fkWdu7fgwl,0,0,Fotos,,,,,Total,14803,10476,348,333,12,3,358,129,229,,,,,,,
1037267329019276,100082080567569,"Paulistão F","PELA LIDERANÇA!
As Guerreiras vão em busca da vitória para garantir a liderança e a classificação para as semifinais no Paulistão F Petrobras!
#PaulistãoFPetrobras #SuperclássicoFPetrobras",,0,"08/26/2026 08:00",N/A,https://www.facebook.com/paulistaof/posts/pfbid027WpozRpFsqfe4KYTmq7c8rmX822hkeMjVxTh5U4swxVY9Lzv9sGKgJ787BVyrvMPl,0,0,Fotos,,,,,Total,3137,2199,55,52,2,1,51,16,35,,,,,,,
1037245192354823,100082080567569,"Paulistão F","SEREIAS ⚔️ LEOAS!
Com transmissão do YouTube do @paulistão, vem acompanhar mais um jogão da última rodada do Paulistão F @petrobras.
#PaulistãoFPetrobras",,0,"08/26/2026 07:30",N/A,https://www.facebook.com/paulistaof/posts/pfbid0B8QDw3L8XgLLCxmTrTTRj39rfai96XN6veuxhjsVMpzbY3byQaXcJeyc46vNaZNpl,0,0,Fotos,,,,,Total,2082,1548,19,18,0,1,16,8,8,,,,,,,
1037222855690390,100082080567569,"Paulistão F","MAIS UM JOGÃO!
Corinthians e Taubaté vão com tudo para o último jogo da primeira fase do Paulistão F @petrobras. Para quem vai a sua torcida? 👀
#PaulistãoFPetrobras",,0,"08/26/2026 07:00",N/A,https://www.facebook.com/paulistaof/posts/pfbid0h8t8FiuG7bAqwbHtdbMyDGjJM9cTpvJUwx6cuPwhwMNDLUck7ZaqTidQFHSDh98Sl,0,0,Fotos,,,,,Total,13818,9403,302,281,14,7,234,125,109,,,,,,,
1037202445692431,100082080567569,"Paulistão F","CONFRONTO DECISIVO!
Só a vitória interessa para as Palestrinas e para as Bragantinas. Quem vai levar a melhor no Paulistão F @petrobras?
#PaulistãoFPetrobras",,0,"08/26/2026 06:30",N/A,https://www.facebook.com/paulistaof/posts/pfbid0tafLNmpYaqnyLXui6mrBETiRrTQT1zZpwX9tMCiyDMpLpJdLhEzhfC1kX7gv92gnl,0,0,Fotos,,,,,Total,10750,7665,228,221,4,3,260,154,106,,,,,,,
1037182289027780,100082080567569,"Paulistão F","VALE A CLASSIFICAÇÃO!
Ferroviária e São Paulo disputam um Superclássico F Petrobras decisivo!
#PaulistãoFPetrobras #SuperclássicoFPetrobras",,0,"08/26/2026 06:00",N/A,https://www.facebook.com/paulistaof/posts/pfbid029ZeRvAc9nHxi5Srv8AEoqAvxRzJ7mms3xN3dDBJzpucEDh1krf5fx4CWmtYjpCdzl,0,0,Fotos,,,,,Total,25492,17863,398,373,16,9,539,208,331,,,,,,,
1037100089036000,100082080567569,"Paulistão F","VAI COMEÇAR A TAÇA PAULISTANA PETROBRAS! 🤩
Esse é o trio de jogos da primeira rodada que vai rolar nessa quarta-feira, às 15h!
#TaçaPaulistanaPetrobras",,0,"08/26/2026 04:00",N/A,https://www.facebook.com/paulistaof/posts/pfbid0qE3pDctAELyvLrHyPeJFehiTb4n2jhnxaKnJ3nN77DYK2W7uoiUkFrbfVFVqh2Lzl,0,0,Fotos,,,,,Total,2546,1823,28,24,1,3,44,25,19,,,,,,,
1037030132376329,100082080567569,"Paulistão F","CELEBRAR E RELEMBRAR!
Com o objetivo de exaltar e trazer luz às questões de igualdade de gênero, hoje comemoramos o Dia Internacional da Igualdade Feminina!
#DiaInternacionalDaIgualdadeFeminina #ComitêDeDiversidadeEInclusão",,0,"08/26/2026 02:00",N/A,https://www.facebook.com/paulistaof/posts/pfbid0oh9jkBFQrmYp1rU4uvztSZPwb61gGMLWCzRwyxSbr7DdoTp5uWMxLaYoLuaX2Xczl,0,0,Fotos,,,,,Total,527,340,13,11,1,1,5,3,2,,,,,,,
1036687409077268,100082080567569,"Paulistão F","QUE CATEGORIA!
A Clarinha caprichou na cobrança de falta e fez um golaço para as Sereinhas no Paulista F Sub-20 @petrobras!
#PaulistaFSub20Petrobras","QUE CATEGORIA!
A Clarinha caprichou na cobrança de falta e fez um golaço para as Sereinhas no Paulista F Sub-20 @petrobras!
#PaulistaFSub20Petrobras",40,"08/25/2026 15:00",auto,https://www.facebook.com/reel/1076605598640405/,0,0,Vídeos,,,,,Total,2271,2155,39,35,4,0,32,,32,17956.532,8.363,0,0,0,,
1036656672413675,100082080567569,"Paulistão F","QUE GOLAÇO DA THAIS!
As Palestrinas fizeram uma bela jogada e a camisa 26 mandou na gaveta pelo Paulista F Sub-20 @petrobras!
#PaulistaFSub20Petrobras","QUE GOLAÇO DA THAIS!
As Palestrinas fizeram uma bela jogada e a camisa 26 mandou na gaveta pelo Paulista F Sub-20 @petrobras!
#PaulistaFSub20Petrobras",50,"08/25/2026 14:05",auto,https://www.facebook.com/reel/1819918732330391/,0,0,Vídeos,,,,,Total,29656,30290,1378,1325,30,23,783,,783,347029.167,12.23,0,0,0,,
1036653389080670,100082080567569,"Paulistão F","PREPAREM O CORAÇÃO...
A ÚLTIMA RODADA DO PAULISTÃO F @PETROBRAS PROMETE MUITA EMOÇÃO 🤩🔥
#PaulistãoFPetrobras",,0,"08/25/2026 14:00",N/A,https://www.facebook.com/paulistaof/posts/pfbid02VaSVkKgfRX4SYHeTgkhD6CuKDc8dgVY2rfM8XUcBCmguvCpXPbUowMKWo8Lko7dLl,0,0,Fotos,,,,,Total,11874,7560,157,147,5,5,350,203,147,,,,,,,
1034929842586358,100082080567569,"Paulistão F","Futebol Feminino Core ✨💖 #FestivalPaulistaSub12Petrobras",,0,"08/23/2026 12:34",N/A,https://www.facebook.com/paulistaof/posts/pfbid02UspBLvvW4sxNkq5v2vVWCdjkismLR15paTWjzb47f8nB2HA38M2eb62V4uwiZe98l,0,0,Fotos,,,,,Total,1421,1034,19,14,0,5,13,10,3,,,,,,,
1034928542586488,100082080567569,"Paulistão F","As estrelas de mais um grande dia de futebol feminino!
#FestivalPaulistaSub12Petrobras 
📷Douglas Moreti/Ag. Paulistão",,0,"08/23/2026 12:32",N/A,https://www.facebook.com/paulistaof/posts/pfbid02QRCps1iBgshXPiHG2H8KfSTdxAenmpHmiBnH5p2Qnssgrqqe2kzDmxxPSa4di7jGl,0,0,Fotos,,,,,Total,769,575,17,7,0,10,6,5,1,,,,,,,
1034924529253556,100082080567569,"Paulistão F","Aquela medalha pra ficar guardada num lugar muito especial! 🏅❤️
#FestivalPaulistaSub12Petrobras 
📷Douglas Moreti/Ag. Paulistão",,0,"08/23/2026 12:25",N/A,https://www.facebook.com/paulistaof/posts/pfbid0YGHSUkbDdvHamkJk4y2wHneqtZcheUHMQFDLbKkWv7N8Xq3fT3Zgk8o57Ego2Nesl,0,0,Fotos,,,,,Total,1026,733,14,6,0,8,11,11,,,,,,,,
1034919375920738,100082080567569,"Paulistão F","PODE VIR QUALQUER CAMISA 🎶🏅 #FestivalPaulistaSub12Petrobras","PODE VIR QUALQUER CAMISA 🎶🏅 #FestivalPaulistaSub12Petrobras",25,"08/23/2026 12:17",N/A,https://www.facebook.com/reel/1290270379735257/,1,0,Vídeos,,,,,Total,687,640,11,11,0,0,0,,,2473.601,3.84,0,0,0,,
1034918129254196,100082080567569,"Paulistão F","Hora de conferir os resultados do Festival Paulista Sub-12 Petrobras!
#FestivalPaulistaSub12Petrobras",,0,"08/23/2026 12:15",N/A,https://www.facebook.com/paulistaof/posts/pfbid02gNKhAaRx4rM24R2vjUuLCmX9zExhLdyqp1bEH86uUu326TZJasJLYjcSCyVveu2Sl,0,0,Fotos,,,,,Total,2150,1582,16,12,0,4,34,27,7,,,,,,,
1034888885923787,100082080567569,"Paulistão F","LAVA UMA MÃO, LAVA OUTRA 🤝😂
#FestivalPaulistaSub12Petrobras","LAVA UMA MÃO, LAVA OUTRA 🤝😂
#FestivalPaulistaSub12Petrobras",23,"08/23/2026 11:28",N/A,https://www.facebook.com/reel/2735050056890396/,1,0,Vídeos,,,,,Total,777,704,10,10,0,0,1,,1,2711.851,3.719,0,0,0,,
1034881239257885,100082080567569,"Paulistão F","QUE CATEGORIA! 🤩
A Lorena, do WSA • Women’s Soccer Academy •, mandou aquele golaço e já correu para comemorar com a prof! 🫂⚽️🥰","QUE CATEGORIA! 🤩
A Lorena, do WSA • Women’s Soccer Academy •, mandou aquele golaço e já correu para comemorar com a prof! 🫂⚽️🥰",12,"08/23/2026 11:15",uploaded,https://www.facebook.com/reel/1747772202984304/,1,0,Vídeos,,,,,Total,1979,1692,17,17,0,0,14,,14,8461.391,5.081,0,0,0,,
1034872782592064,100082080567569,"Paulistão F","O bonde do 🫶 tá na área de novo!
#FestivalPaulistaSub12Petrobras 
📷Douglas Moreti/Ag. Paulistão",,0,"08/23/2026 11:02",N/A,https://www.facebook.com/paulistaof/posts/pfbid0VYoYUWGCviEmEwH5sWXQ1i3p2EzcAYgLtAgLuQcQJTUzxskSU8wskVf6z2cCCvJcl,0,0,Fotos,,,,,Total,1258,929,11,8,0,3,11,10,1,,,,,,,
1034870219258987,100082080567569,"Paulistão F","FAZ A POSE, OLHA O FLASH 📸
Qual pose vocês gostam mais?! 😂 #FestivalPaulistaSub12Petrobras","FAZ A POSE, OLHA O FLASH 📸
Qual pose vocês gostam mais?! 😂 #FestivalPaulistaSub12Petrobras",22,"08/23/2026 10:58",N/A,https://www.facebook.com/reel/1076471861446738/,1,0,Vídeos,,,,,Total,509,489,6,6,0,0,2,,2,1654.692,3.454,0,0,0,,
1034852645927411,100082080567569,"Paulistão F","Tem professoro ficando maluco no #FestivalPaulistaSub12Petrobras 😂🕺🏾","Tem professoro ficando maluco no #FestivalPaulistaSub12Petrobras 😂🕺🏾",7,"08/23/2026 10:29",uploaded,https://www.facebook.com/reel/1505927761298275/,1,0,Vídeos,,,,,Total,953,808,6,6,0,0,8,,8,2787.204,3.587,0,0,0,,
1034850069261002,100082080567569,"Paulistão F","TERMÔMETRO DA FOFURA EXPLODIU! 🥰
Olha a desenvoltura das meninas do S.E Lemense Futebol Feminino! 😂🤏","TERMÔMETRO DA FOFURA EXPLODIU! 🥰
Olha a desenvoltura das meninas do S.E Lemense Futebol Feminino! 😂🤏",25,"08/23/2026 10:24",N/A,https://www.facebook.com/reel/27905008735858996/,1,0,Vídeos,,,,,Total,651,573,11,10,1,0,7,,7,2915.951,4.909,0,0,0,,
1034803235932352,100082080567569,"Paulistão F","Com o acesso já garantido, Realidade Jovem volta a ser superado pelo Planalto-GO e se despede da disputa do Brasileirão Feminino.
#ElasEmCampo
Carol Almeida/Realidade Jovem",,0,"08/23/2026 09:14",N/A,https://www.facebook.com/paulistaof/posts/pfbid08ariL13WTg4GsVmrcBoEi2SFPewPcwJ4Z3hLwxdc4wM3GLUkFSkSsX8XzKQEAhYhl,0,0,Fotos,,,,,Total,4999,3720,35,32,2,1,40,23,17,,,,,,,
1034734995939176,100082080567569,"Paulistão F","Os primeiros clicks do domingão!
#FestivalPaulistaSub12Petrobras 
📷Douglas Moreti/Ag. Paulistão",,0,"08/23/2026 07:39",N/A,https://www.facebook.com/paulistaof/posts/pfbid08Eeuwk4JYwMzKhH7m6PbzuYWHeWuM1K7fmcJYXw7FrPjbrsKVtDem7NrZuPuaicTl,0,0,Fotos,,,,,Total,981,672,20,7,0,13,17,13,4,,,,,,,
1034668209279188,100082080567569,"Paulistão F","PELA CLASSIFICAÇÃO! 🌟
O Realidade Jovem precisa reverter o placar adverso para se classificar para a final do Brasileirão A3!
#ElasEmCampo",,0,"08/23/2026 06:00",N/A,https://www.facebook.com/paulistaof/posts/pfbid02e742UCsx1KzBJb662JevqagkNwkd1o5Ad8XXqZMcsLbk8HRJiT79uK2NUXM5EP4Ul,0,0,Fotos,,,,,Total,2514,1882,14,13,1,0,16,9,7,,,,,,,
1034613282618014,100082080567569,"Paulistão F","DIA DOIS!
Hoje é a vez das meninas do Sub-12 irem a campo pelo Festival Paulista Petrobras!
#FestivalPaulistaSub12Petrobras
📷Douglas Moreti/Ag. Paulistão",,0,"08/23/2026 04:36",N/A,https://www.facebook.com/paulistaof/posts/pfbid0vXoYxjj4NdT9AZw7WuC9PWFJoBCUaXEvJ1wAsmNEWbgX2TF6FaDKFggA7NuiVJykl,0,0,Fotos,,,,,Total,529,422,8,7,0,1,4,3,1,,,,,,,
1034573789288630,100082080567569,"Paulistão F","DIA CHEIO!
Vem conferir a agenda de jogos do Festival Paulista Sub-12 @petrobras.
#FestivalPaulistaSub12Petrobras",,0,"08/23/2026 03:30",N/A,https://www.facebook.com/paulistaof/posts/pfbid02wiiKAvnV4pJXykByiGk4takhry4U8Eo89JcMVG8SMqdQqeN2duafmCEzW1eqADGdl,0,0,Fotos,,,,,Total,534,373,7,7,0,0,3,3,,,,,,,,
1034230242656318,100082080567569,"Paulistão F","CONFRONTOS DEFINIDOS!
São Paulo, Corinthians, Palmeiras e Ferroviária seguem na busca do título do Brasileirão Feminino 2026!
#ElasEmCampo",,0,"08/22/2026 16:49",N/A,https://www.facebook.com/paulistaof/posts/pfbid0dYwoxcFGfDscYBgdbkd6cfwc3BE1mMM59Rqs2Uss5wppqRC8yqLmuoMsjJqtxA2rl,0,0,Fotos,,,,,Total,8985,6235,164,137,16,11,224,69,155,,,,,,,
1034223452656997,100082080567569,"Paulistão F","Esse foi o sábado com #ElasEmCampo!
#FutebolPaulista",,0,"08/22/2026 16:34",N/A,https://www.facebook.com/paulistaof/posts/pfbid0QyXoeE1dv7x1G3fRKz9t2H4eknucyTDbJKigXdz9wnUNDejsovndsk9ACFNDvHvXl,0,0,Fotos,,,,,Total,17451,11263,126,116,8,2,335,190,145,,,,,,,
1034222352657107,100082080567569,"Paulistão F","TRICOLÍDER!
São Paulo vence no MorumBIS e encerra a primeira fase no topo do Brasileirão Feminino.
#ElasEmCampo
📷Miguel Schincariol/São Paulo",,0,"08/22/2026 16:33",N/A,https://www.facebook.com/paulistaof/posts/pfbid02v17ZVL78EKtdriXmmn7gCvf4YgsmL4q4hhbPW5aNTXNEH2BdwadQ3gkoNsQyfBUXl,0,0,Fotos,,,,,Total,11666,8425,456,441,6,9,164,68,96,,,,,,,
1034221152657227,100082080567569,"Paulistão F","O Santos se despede do Brasileirão Feminino com vitória no Barradão.
#ElasEmCampo
📷Divulgação/Santos",,0,"08/22/2026 16:30",N/A,https://www.facebook.com/paulistaof/posts/pfbid0xPGNCvkC3qztsjwDhHABW35K4zDTjsHPJCLx3ZNqbWBKYZtxtFWKphToz2XSEyQbl,0,0,Fotos,,,,,Total,4215,3114,68,65,2,1,42,27,15,,,,,,,
1034219805990695,100082080567569,"Paulistão F","Red Bull Bragantino consegue a vitória para cima do América-MG, mas encerra sua participação no Brasileirão Feminino.
#ElasEmCampo
📷Carla Cenci/Red Bull Bragantino",,0,"08/22/2026 16:27",N/A,https://www.facebook.com/paulistaof/posts/pfbid02gYv8jUHBxg9HGYCK8SkZcJxfF7NuyPv5tKWr7srCo6hSq8TBQ7vAAbd3Bfwz6CE6l,0,0,Fotos,,,,,Total,1205,887,11,11,0,0,14,8,6,,,,,,,
1034216645991011,100082080567569,"Paulistão F","Jogando fora de casa, o Corinthians não conseguiu o resultado positivo contra o Internacional.
#ElasEmCampo
📷Rodrigo Gazzanel/Corinthians",,0,"08/22/2026 16:21",N/A,https://www.facebook.com/paulistaof/posts/pfbid022VnEFZ5ycQAqgkc7xe6GQPCqDfb5ueXZj2R9iTo5rSmVqTiLcpLgJmtUaz4BtWYal,0,0,Fotos,,,,,Total,1878,1244,59,43,16,0,68,17,51,,,,,,,
1029677093111633,100082080567569,"Paulistão F","PARA CIMA DELAS!
O Realidade Jovem vai em busca da vantagem no primeiro jogo da semifinal do Brasileirão A3!
#ElasEmCampo",,0,"08/17/2026 06:00",N/A,https://www.facebook.com/paulistaof/posts/pfbid02p5ya9nNM8hrx4QU2NEaUYZuEfab9FKgCEct5jQbu6s3C758v33BTSCDrWafZyFgol,0,0,Fotos,,,,,Total,3080,2216,17,17,0,0,36,22,14,,,,,
1034206842658658,100082080567569,"Paulistão F","Taubaté volta a ser superado pelo Vasco e se despede da disputa do Brasileiro Feminino A2.
#ElasEmCampo
📷Beatriz de Sá/Vasco",,0,"08/22/2026 15:59",N/A,https://www.facebook.com/paulistaof/posts/pfbid025fgztr4Sz2Jpo9QPpAAgqpmyphG6p8dmDtPT4GxJAbb5oekDHKnk2kKJRgU7Er9jl,0,0,Fotos,,,,,Total,6631,5067,21,21,0,0,41,27,14,,,,,
1034195655993110,100082080567569,"Paulistão F","QUE DIA INCRÍVEL! ❤️
#FestivalPaulistaSub14Petrobras 
📷Rebeca Reis/Ag. Paulistão",,0,"08/22/2026 15:33",N/A,https://www.facebook.com/paulistaof/posts/pfbid0Q7jR5orQaiGbWtqXYMWybsYfEAtUfZ7mRZPqTPssz6aKTEKLqCa7pNNABp8iedGZl,0,0,Fotos,,,,,Total,958,667,27,10,1,16,17,15,2,,,,,
1034179442661398,100082080567569,"Paulistão F","RESULTADOS!
Confira como foi o sábado no Festival Paulista Sub-14 Petrobras!
#FestivalPaulistaSub14Petrobras",,0,"08/22/2026 15:00",N/A,https://www.facebook.com/paulistaof/posts/pfbid037nzEcSFqgXmF7onVLraVCKLQhzx8pLVumEm2DnKySEEGZNMT8H2F5NdAGW1sHNJxl,0,0,Fotos,,,,,Total,2683,1803,23,11,0,12,57,50,7,,,,,
1034166469329362,100082080567569,"Paulistão F","🏅❤️
#FestivalPaulistaSub14Petrobras 
📷Rebeca Reis/Ag. Paulistão",,0,"08/22/2026 14:35",N/A,https://www.facebook.com/paulistaof/posts/pfbid0BsKXwTJTY6tJF9AvimKifonSjKZvR6je85JNrRSFaKEgwDvDR8wW9vNFFtB4r3xel,0,0,Fotos,,,,,Total,678,481,11,5,0,6,3,3,,,,,,
1034160652663277,100082080567569,"Paulistão F","QUE DIA! 🥰
Um pouco de como foi o nosso primeiro dia de #FestivalPaulistaSub14Petrobras ✅","QUE DIA! 🥰
Um pouco de como foi o nosso primeiro dia de #FestivalPaulistaSub14Petrobras ✅",22,"08/22/2026 14:25",N/A,https://www.facebook.com/reel/1077867317993895/,1,0,Vídeos,,,,,Total,408,389,5,5,0,0,2,,2,1223.188,3.168,0,0,0
1034087009337308,100082080567569,"Paulistão F","“EU VENHO NOS FESTIVAIS DESDE 2024” 🥹
A Isadora da Guerreiras Grenás, falou um pouco sobre como é viver o #FestivalPaulistaSub14 🥰","“EU VENHO NOS FESTIVAIS DESDE 2024” 🥹
A Isadora da Guerreiras Grenás, falou um pouco sobre como é viver o #FestivalPaulistaSub14 🥰",31,"08/22/2026 12:14",N/A,https://www.facebook.com/reel/2083799352215764/,1,0,Vídeos,,,,,Total,729,706,13,13,0,0,6,,6,2379.736,3.399,0,0,0
1034074102671932,100082080567569,"Paulistão F","PERÍODO DA TARDE!
Vamos para mais alguns registros do Festival Paulista Sub-14 Petrobras!
#FestivalPaulistaSub14Petrobras 
📷Rebeca Reis/Ag. Paulistão",,0,"08/22/2026 11:54",N/A,https://www.facebook.com/paulistaof/posts/pfbid0ZFqXnKhM3j7ZyBQsb8rbD52y9qSHMoxuUEeA9QSfi1zWM297N38oxra9frPvXhm2l,0,0,Fotos,,,,,Total,1154,846,16,12,0,4,19,17,2,,,,,
1034069212672421,100082080567569,"Paulistão F","SE TEM GOL, TEM 🫶!
#FestivalPaulistaSub14Petrobras
📷Rebeca Reis/Ag. Paulistão",,0,"08/22/2026 11:47",N/A,https://www.facebook.com/paulistaof/posts/pfbid0EsHsK4xLbJN8g5CWmQutVK7kzjrUtNsE1GQMEt1NLD22nwBoFHvbynnmFTX5KoNHl,0,0,Fotos,,,,,Total,968,727,12,7,0,5,7,5,2,,,,,
1034055622673780,100082080567569,"Paulistão F","VAI, DEBOCHA 💁‍♀️
Por aqui tem muita bola rolando e MUITA dancinha! 😂💃 #FestivalPaulistaSub14","VAI, DEBOCHA 💁‍♀️
Por aqui tem muita bola rolando e MUITA dancinha! 😂💃 #FestivalPaulistaSub14",8,"08/22/2026 11:27",N/A,https://www.facebook.com/reel/975493162231945/,1,0,Vídeos,,,,,Total,930,795,6,6,0,0,4,,4,2831.919,3.616,0,0,0
1034014416011234,100082080567569,"Paulistão F","TEM MINI CRAQUE POR AQUI! 🤏🥰
A Maria Vitória, do Mirassol FC Feminino, já balançou as redes duas vezes hoje no #FestivalPaulistaSub14! 💛","TEM MINI CRAQUE POR AQUI! 🤏🥰
A Maria Vitória, do Mirassol FC Feminino, já balançou as redes duas vezes hoje no #FestivalPaulistaSub14! 💛",12,"08/22/2026 10:27",N/A,https://www.facebook.com/reel/2506898003129548/,1,0,Vídeos,,,,,Total,1661,1490,30,30,0,0,25,,25,6701.375,4.65,0,0,0
1033959022683440,100082080567569,"Paulistão F","🚲🚲🚲
#FestivalPaulistaSub14Petrobras
📷Rebeca Reis/Ag. Paulistão",,0,"08/22/2026 09:00",N/A,https://www.facebook.com/paulistaof/posts/pfbid024XBUmRRhcKLei131nsx9SrRUvsEdmr3PJS4wGNq4YzvPMqBUtmbwyUGvJV5HQ7oQl,0,0,Fotos,,,,,Total,1285,936,5,5,0,0,10,5,5,,,,,
1033938126018863,100082080567569,"Paulistão F","🏃‍♀️💨
#FestivalPaulistaSub14Petrobras 
📷Rebeca Reis/Ag. Paulistão",,0,"08/22/2026 08:30",N/A,https://www.facebook.com/paulistaof/posts/pfbid02fkB6tjFeckMssrsS8M1YGWaXFBM7LTbSpGm7pRrjVTy6iQy9XsKAPJ7xF6kbvuqel,0,0,Fotos,,,,,Total,943,704,6,6,0,0,10,4,6,,,,,
1033918219354187,100082080567569,"Paulistão F","😘❤️
#FestivalPaulistaSub14Petrobras 
📷Rebeca Reis/Ag. Paulistão",,0,"08/22/2026 08:00",N/A,https://www.facebook.com/paulistaof/posts/pfbid036STxNibtBhDWeVMJKFnoK1xu6jtgJkMxwf4Xwg8McL71zzbJWezXjYAytioa3mcnl,0,0,Fotos,,,,,Total,2511,1868,13,13,0,0,34,24,10,,,,,
1033900426022633,100082080567569,"Paulistão F","NAQUELE PIQUE!
O sabadão do jeito que a gente gosta. Se liga nos primeiros registros do dia.
#FestivalPaulistaSub14Petrobras 
📷Rebeca Reis/Ag. Paulistão",,0,"08/22/2026 07:34",N/A,https://www.facebook.com/paulistaof/posts/pfbid02KRgu3jueadE5dZDnL7V4qTKvhCLqS8SWaHQVbwutPWtkJirMx5Heqb9H8ZYmLsk1l,0,0,Fotos,,,,,Total,898,702,21,6,0,15,10,8,2,,,,,
1033837716028904,100082080567569,"Paulistão F","SABADÃO CHEIO!
São sete confrontos das minhas equipes no @brfeminino A1 e A2!
#ElasEmCampo",,0,"08/22/2026 06:00",N/A,https://www.facebook.com/paulistaof/posts/pfbid026idUVwCh1kdNzFMY1YFRNbxrmjBZRmTx8r2qU33eV11Z8LgSb4hv3dJW6ebMzxdzl,0,0,Fotos,,,,,Total,12283,8320,157,145,3,9,308,215,93,,,,,
1033823456030330,100082080567569,"Paulistão F","ALÔ, JAÚ!
O Festival Paulista Sub-14 Petrobras tá na área para mais uma edição!
#FestivalPaulistaSub14Petrobras
📷Rebeca Reis/Ag. Paulistão",,0,"08/22/2026 05:40",N/A,https://www.facebook.com/paulistaof/posts/pfbid02XMKJMEeMwtHD1GmLc1Q8kNPfAvtzWo91ugg3fRN5eG93nggfGA2FhUJv1BRfVb8bl,0,0,Fotos,,,,,Total,891,702,14,8,0,6,6,6,,,,,,
1033723512706991,100082080567569,"Paulistão F","Nada como um sábado recheado de jogos do Festival Paulista Sub-14 @petrobras 🤩
#FestivalPaulistaSub14Petrobras",,0,"08/22/2026 03:00",N/A,https://www.facebook.com/paulistaof/posts/pfbid02UCVr6jaY1nKx5XPhncfH7AgRUknKri4Rw9pqnhyVKLu7uytQuhDGqMRS12ojg4gjl,0,0,Fotos,,,,,Total,1677,1218,15,12,1,2,34,28,6,,,,,
1033329572746385,100082080567569,"Paulistão F","CAMINHADA DO BRASIL!
Rio de Janeiro, São Paulo e Brasília vão receber as #MulheresDesteSolo na primeira fase da Copa do Mundo de 2027.
#CopaDoMundo2027 #Brasil",,0,"08/21/2026 14:20",N/A,https://www.facebook.com/paulistaof/posts/pfbid02JkGFraT1SQEEdLLvN8gRZDDh2dHAJ6aCRpbhUGto7EmD7GmR4UNgBGyRQkD5fiopl,0,0,Fotos,,,,,Total,1107,775,17,15,1,1,15,5,10,,,,,
1032494962829846,100082080567569,"Paulistão F","GOLAÇO DAS GUERREIRINHAS!
Na goleada da Ferroviária contra o Clube Vital no Paulista F Sub-15 Petrobras, a Rafaela não quis saber de nada e mandou a bola pro fundo da rede passando por cima de todo mundo!
#PaulistaFSub15Petrobras","GOLAÇO DAS GUERREIRINHAS!
Na goleada da Ferroviária contra o Clube Vital no Paulista F Sub-15 Petrobras, a Rafaela não quis saber de nada e mandou a bola pro fundo da rede passando por cima de todo mundo!
#PaulistaFSub15Petrobras",42,"08/20/2026 14:30",auto,https://www.facebook.com/reel/1602240101336570/,0,0,Vídeos,,,,,Total,1451,1420,19,19,0,0,14,,14,10202.939,7.303,0,0,0
1032480819497927,100082080567569,"Paulistão F","POR CIMA DA GOLEIRA!
Clara Yasmin fez o gol que abriu o placar da vitória do Santo André contra o Sfera no Paulista F Sub-15 Petrobras!
#PaulistaFSub15Petrobras","POR CIMA DA GOLEIRA!
Clara Yasmin fez o gol que abriu o placar da vitória do Santo André contra o Sfera no Paulista F Sub-15 Petrobras!
#PaulistaFSub15Petrobras",42,"08/20/2026 14:00",auto,https://www.facebook.com/reel/1713675196604005/,0,0,Vídeos,,,,,Total,3096,3072,24,24,0,0,47,,47,30284.267,10.131,0,0,0
1032411392838203,100082080567569,"Paulistão F","FUTEBOL PAULISTA NO MUNDIAL!
Nove atletas das minhas equipes vão representar a Seleção Feminina Sub-20 na Copa do Mundo da categoria, diretamente Polônia. 
#ElasEmCampo",,0,"08/20/2026 12:00",N/A,https://www.facebook.com/paulistaof/posts/pfbid0Qc8HBGSi7oDrwfcYCcr6QeXMhUs1XcJRGXH81CzMAGv3Gxfnrkc8ThaSeyVqM1Nnl,0,0,Fotos,,,,,Total,13003,9010,107,102,4,1,220,111,109,,,,,
1032371036175572,100082080567569,"Paulistão F","A CRAQUE DA RODADA É DAS BRABAS!
Jaqueline foi eleita o destaque da 6ª rodada do Paulistão F Petrobras!
#PaulistãoFPetrobras #CraqueDaRodada",,0,"08/20/2026 11:00",N/A,https://www.facebook.com/paulistaof/posts/pfbid02vMeQtfdrbzcpgYch7d1vcXxUtqiaPERnoU6b6gqWyNLUZyrcpUxof6sndc6Cmr2Sl,0,0,Fotos,,,,,Total,6093,4580,256,228,24,4,91,30,61,,,,,
1032243426188333,100082080567569,"Paulistão F","ANOTA NA AGENDA!
A @neoquimicaarena vai receber 10 jogos na Copa do Mundo Fifa 2027, a sede que mais receberá jogos no Mundial 🤩
#CopaDoMundo #VaiSerÉpico",,0,"08/20/2026 07:40",N/A,https://www.facebook.com/paulistaof/posts/pfbid0SqKeUFwCDhgJxverTGHoVLt6Ut299rDvZQLiVaThgMakexMAwGaaUxHtUfuHjXvEl,0,0,Fotos,,,,,Total,1004,653,10,10,0,0,27,17,10,,,,,
1031667606245915,100082080567569,"Paulistão F","RESTAM OITO!
Os confrontos das quartas de final do Paulista F Sub-20 @petrobras ficaram assim.
#PaulistaFSub20Petrobras",,0,"08/19/2026 14:03",N/A,https://www.facebook.com/paulistaof/posts/pfbid028C99EdADvjrDxVZ5FsZTBGKE9vHvhzwbdqfLrjfqcyxAWivSR6qDb9ZTYTjQ2NTrl,0,0,Fotos,,,,,Total,15482,10780,187,173,6,8,355,135,220,,,,,
1031665809579428,100082080567569,"Paulistão F","CHUVA DE GOLS!
Assim terminou a primeira fase do Paulista F Sub-20 @petrobras.
#PaulistaFSub20Petrobras",,0,"08/19/2026 14:01",N/A,https://www.facebook.com/paulistaof/posts/pfbid022RdXhrQYL8UrQpE28RTXcx6Zc7irf2td6nw5ApQLTpt4fxoE2WALfvZzaQWfeq3Cl,0,0,Fotos,,,,,Total,19189,12782,171,161,5,5,371,216,155,,,,,
1031297356282940,100082080567569,"Paulistão F","VALE TUDO!
Com transmissão do YouTube do @paulistao, a última rodada do Paulista F Sub-20 @petrobras promete.
#PaulistaFSub20Petrobras",,0,"08/19/2026 05:00",N/A,https://www.facebook.com/paulistaof/posts/pfbid02BesNq8MzGfmByrA5r1731ZEgXFpL41MNU5jMcRCNM3eNp6Wgk7pqbzRtDxEyTmVal,0,0,Fotos,,,,,Total,13685,9407,123,121,1,1,422,297,125,,,,,
1030842056328470,100082080567569,"Paulistão F","RANKING DAS ASSISTENTES! 🔥 
Essas são as jogadoras que mais deram passes pra gol no #PaulistãoFPetrobras! #Sil",,0,"08/18/2026 15:01",N/A,https://www.facebook.com/paulistaof/posts/pfbid02HJ4biKYmfgRg7newXp9FgoQfk8vLzN8i4kZDyHqzYSWEDCnqrAE7Mx2AiXeYSyG6l,0,0,Fotos,,,,,Total,10478,7594,64,61,0,3,82,47,35,,,,,
1030811946331481,100082080567569,"Paulistão F","O TIMÃO VAI GOLEAR! 🔥
O Corinthians venceu o Audax por 6 a 1 no Paulista F Sub-20 Petrobras e um dos gols rolou depois dessa roubada de bola da Gabi Jordi!
#PaulistaFSub20Petrobras","O TIMÃO VAI GOLEAR! 🔥
O Corinthians venceu o Audax por 6 a 1 no Paulista F Sub-20 Petrobras e um dos gols rolou depois dessa roubada de bola da Gabi Jordi!
#PaulistaFSub20Petrobras",42,"08/18/2026 14:00",auto,https://www.facebook.com/reel/1662371358581817/,0,0,Vídeos,,,,,Total,15440,14934,567,545,10,12,335,,335,188368.43,13.006,0,0,0
1030779316334744,100082080567569,"Paulistão F","GOL DA LARA, ASSISTÊNCIA DA TRAVE! 🤣
As Sereinhas da Vila venceram a Portuguesa no Paulista F Sub-20 Petrobras e a Lara marcou o segundo da partida para cravar a vitória do Santos!
#PaulistaFSub20Petrobras","GOL DA LARA, ASSISTÊNCIA DA TRAVE! 🤣
As Sereinhas da Vila venceram a Portuguesa no Paulista F Sub-20 Petrobras e a Lara marcou o segundo da partida para cravar a vitória do Santos!
#PaulistaFSub20Petrobras",49,"08/18/2026 13:00",auto,https://www.facebook.com/reel/1919887378685841/,0,0,Vídeos,,,,,Total,2725,2605,45,45,0,0,31,,31,22374.717,8.566,0,0,0
1030718616340814,100082080567569,"Paulistão F","FALTA SÓ UMA RODADA!
Com as quartas de final se aproximando, vem conferir como está a tabela do Paulista F Sub-15 Petrobras!
#PaulistaFSub15Petrobras",,0,"08/18/2026 11:22",N/A,https://www.facebook.com/paulistaof/posts/pfbid026dVmWQjHP4yqpsYyTfRY9buWjcnLoryZ39iQ2rdNpPmRWnfMkLJA6vCRTFgEghXal,0,0,Fotos,,,,,Total,5280,3589,43,42,0,1,88,43,45,,,,,
1030665979679411,100082080567569,"Paulistão F","DE OLHO NA CLASSIFICAÇÃO!
Falta apenas uma rodada para o fim da primeira fase do #PaulistaFSub20Petrobras, então vem conferir a situação do seu time.",,0,"08/18/2026 10:00",N/A,https://www.facebook.com/paulistaof/posts/pfbid0GnaQPb2gbkSxfWtyXE5EkwpuTbycmo2JfAKRXsdDPkgScPGtqXgw37CvmmnGUNYBl,0,0,Fotos,,,,,Total,9816,6610,88,85,1,2,201,92,109,,,,,
1030628849683124,100082080567569,"Paulistão F","FIM DA PRIMEIRA FASE!
Assim ficou a classificação do Paulista F Sub-15 Petrobras com tudo definido para o mata-mata!
#PaulistaFSub15Petrobras",,0,"08/18/2026 09:05",N/A,https://www.facebook.com/paulistaof/posts/pfbid02zFbpUkYTZcmvziqsHWcWA54cMRYzs97imoMAv4JKidzXGgwdLbGFhucG8yKXWuegl,0,0,Fotos,,,,,Total,18885,12136,135,124,6,5,550,249,301,,,,,
1030623409683668,100082080567569,"Paulistão F","QUARTAS DE FINAL NA ÁREA!
Vem conferir as datas dos confrontos de ida e volta das quartas do Paulista F Sub-15 Petrobras!
#PaulistaFSub15Petrobras",,0,"08/18/2026 08:57",N/A,https://www.facebook.com/paulistaof/posts/pfbid0Swsg1Baa5jGZRVvRV831EMn9GTrXVaQ5xTwj5cYW2E73F4FYGNhK8vscr2crnZMel,0,0,Fotos,,,,,Total,4084,2912,47,39,0,8,157,132,25,,,,,
1030174406395235,100082080567569,"Paulistão F","Fora de casa, o Realidade Jovem sofre revés no jogo de ida da semifinal do Brasileirão A3. 
#ElasEmCampo
📷 Adriano Reis/Planalto EC",,0,"08/17/2026 20:11",N/A,https://www.facebook.com/paulistaof/posts/pfbid0K62ocUxNuYRhw7GgxxM6NgLV9sF5kYtMiBpJJqhR3fY1zx6ChuL7SReqCsgr6oqrl,0,0,Fotos,,,,,Total,6419,4408,23,23,0,0,44,32,12,,,,,
1029879836424692,100082080567569,"Paulistão F","CAMISA DAS TRICOLORES!
O São Paulo lançou, nesta segunda-feira (17), uma camisa exclusiva para as jogadoras da equipe feminina pela primeira vez na história.
#ElasEmCampo 
📷 Reprodução/São Paulo",,0,"08/17/2026 11:00",N/A,https://www.facebook.com/paulistaof/posts/pfbid0EeQTaPY2tCLA37YRczeFcTaZgFcsk3euLyhShzwuLcmpHaLxZVFbTFS1hRKAXH76l,0,0,Fotos,,,,,Total,2968,2019,60,55,3,2,114,82,32,,,,,
1029828486429827,100082080567569,"Paulistão F","QUEM FOI O DESTAQUE DA 6ª RODADA?
Vote na enquete desse post e escolha quem foi a craque da rodada do Paulistão F Petrobras!
#PaulistãoFPetrobras #CraqueDaRodada",,0,"08/17/2026 09:38",N/A,https://www.facebook.com/paulistaof/posts/pfbid02cXrypyg8pTd1mqi8Q99uz1FdUdf9GXqePUgEnFQptzb4HorJ1tgYfHskJSPMvMhWl,0,0,Fotos,,,,,Total,16814,11612,182,123,57,2,284,103,181,,,,,
