"Identificação do post","Identificação da Página","Nome da Página",Título,Descrição,"Duração (s)","Horário de publicação","Tipo de legenda","Link permanente","É um post cruzado","É compartilhado","Tipo de post",Idiomas,"Rótulos personalizados","Status do conteúdo financiado","Comentário de dados",Data,Visualizações,Alcance,"Reações, comentários e compartilhamentos",Reações,Comentários,Compartilhamentos,"Total de cliques","Consumo por direcionamento de público correspondente (Photo Click)","Outros cliques","Cliques no link","Visualizações qualificadas","Segundos de visualização","Média de Segundos de visualização","Ganhos estimados (USD)","Feedbacks negativos dos usuários: Ocultar","Feedbacks negativos dos usuários: Ocultar tudo"
1545304817632463,100064588783898,"Federação Paulista de Futebol - FPF","VITÓRIA DO VERDÃO!
Um gol em cada tempo e mais três pontos na conta do @palmeiras.
#PaulistasEmCampo
📷 Cesar Greco/Palmeiras",,0,"09/12/2026 16:27",N/A,https://www.facebook.com/futebolpaulista/posts/pfbid0qqDsK7RQGwhWrByW1DuVLyQuXNsPVWYcwWtzXcPMAAGxweGMN9nYJEKoAzgtWMBZl,0,0,Fotos,,,,,Total,20162,14437,534,469,33,32,438,215,223,,0,,,,,
1545308394298772,100064588783898,"Federação Paulista de Futebol - FPF","UMA NOITE MÁGICA!
Vitória no clássico e camisa de presente: o Flaco López deixou a noite da torcedora completa.
#Palmeiras","UMA NOITE MÁGICA!
Vitória no clássico e camisa de presente: o Flaco López deixou a noite da torcedora completa.
#Palmeiras",14,"09/12/2026 16:33",N/A,https://www.facebook.com/reel/1108735538161906/,0,0,Vídeos,,,,,Total,96768,70981,3088,3020,35,33,735,,735,,0,649560.25,9.8,0,,
1545329800963298,100064588783898,"Federação Paulista de Futebol - FPF","QUE FOI ISSO, FLACO?! 
O atacante do Verdão é frio demais 🥶
#ExclusivoPaulistão #Palmeiras","QUE FOI ISSO, FLACO?! 
O atacante do Verdão é frio demais 🥶
#ExclusivoPaulistão #Palmeiras",17,"09/12/2026 17:13",auto,https://www.facebook.com/reel/1481781307304071/,0,0,Vídeos,,,,,Total,56467,44073,1632,1582,20,30,445,,445,,0,445923.969,11.437,0,,
1545339717628973,100064588783898,"Federação Paulista de Futebol - FPF","FAÇA O TIGRE IMEDIATAMENTE! 🫵🐯
#ExclusivoPaulistão #Palmeiras","FAÇA O TIGRE IMEDIATAMENTE! 🫵🐯
#ExclusivoPaulistão #Palmeiras",35,"09/12/2026 17:33",uploaded,https://www.facebook.com/reel/1857147469028808/,0,0,Vídeos,,,,,Total,116105,112404,4924,4690,61,173,2878,,2878,,0,1331983.289,12.304,0,,
1545348447628100,100064588783898,"Federação Paulista de Futebol - FPF","Um compilado da atuação da melhor defesa do Brasileirão!
#ChoqueRei #PaulistasEmCampo","Um compilado da atuação da melhor defesa do Brasileirão!
#ChoqueRei #PaulistasEmCampo",39,"09/12/2026 17:51",N/A,https://www.facebook.com/reel/1018390714573475/,1,0,Vídeos,,,,,Total,5681,5754,123,112,3,8,68,,68,,0,53737.071,9.793,0,,
1545368684292743,100064588783898,"Federação Paulista de Futebol - FPF","DE ZAGUEIRO ARTILHEIRO O VERDÃO ENTENDE! 
#ExclusivoPaulistão #Palmeiras","DE ZAGUEIRO ARTILHEIRO O VERDÃO ENTENDE! 
#ExclusivoPaulistão #Palmeiras",36,"09/12/2026 18:30",N/A,https://www.facebook.com/reel/1137077605658844/,0,0,Vídeos,,,,,Total,19882,19172,776,755,9,12,420,,420,,0,220016.567,11.662,0,,
1545375370958741,100064588783898,"Federação Paulista de Futebol - FPF","TUDO IGUAL!
O Red Bull Bragantino volta do Rio de Janeiro com um ponto na bagagem!
#PaulistasEmCampo #FutebolPaulista
📷Ari Ferreira/Red Bull Bragantino",,0,"09/12/2026 18:42",N/A,https://www.facebook.com/futebolpaulista/posts/pfbid0K1taLFRraXsiVdEBLtTig7KcnYsapCN7fR22RrK4r19cEfTyTSnLYXeYynfBzxaWl,0,0,Fotos,,,,,Total,7779,5938,40,35,0,5,46,22,24,,0,,,,,
1545381780958100,100064588783898,"Federação Paulista de Futebol - FPF","QUE DEFESA ESPETACULAR DE GABRIEL BRAZÃO!
#FutebolPaulista #PaulistasEmCampo #Santos
🎥@ge.globo","QUE DEFESA ESPETACULAR DE GABRIEL BRAZÃO!
#FutebolPaulista #PaulistasEmCampo #Santos
🎥@ge.globo",28,"09/12/2026 18:54",auto,https://www.facebook.com/reel/1802887801147404/,0,0,Vídeos,,,,,Total,300660,273336,4918,4620,191,107,6968,,6968,,0,3000021.003,11.779,0,,
1545384790957799,100064588783898,"Federação Paulista de Futebol - FPF","NINGUÉM SEGURA O PEIXÃO!
Anota aí a terceira vitória seguida do Santos no Brasileirão!
#PaulistasEmCampo #FutebolPaulista
📷 Raul Baretta/Santos FC",,0,"09/12/2026 19:00",N/A,https://www.facebook.com/futebolpaulista/posts/pfbid0hirXaDn5netC54HAGYJjbRG71R65NhWaSnz3TnEmkxCL6q3BqirjYKEsUau1i6Dql,0,0,Fotos,,,,,Total,41714,29372,1369,1279,49,41,1147,379,768,,0,,,,,
1545387067624238,100064588783898,"Federação Paulista de Futebol - FPF","Com vitórias de Palmeiras e Santos, o sábado terminou assim para o #FutebolPaulista!
#PaulistasEmCampo",,0,"09/12/2026 19:04",N/A,https://www.facebook.com/futebolpaulista/posts/pfbid0GXBn7iQUVWzhQgqwVYLSFVQViERirkUhacESTaUCC3xVAfA2gS9KMEc51psZUYDGl,0,0,Fotos,,,,,Total,37430,27118,155,138,6,11,389,188,201,,0,,,,,
1545388387624106,100064588783898,"Federação Paulista de Futebol - FPF","SENSACIONAL! 
Esse lance conta como defesa para o Luan Peres?!
#FutebolPaulista #PaulistasEmCampo #Santos
🎥@ge.globo","SENSACIONAL! 
Esse lance conta como defesa para o Luan Peres?!
#FutebolPaulista #PaulistasEmCampo #Santos
🎥@ge.globo",38,"09/12/2026 19:07",auto,https://www.facebook.com/reel/1095953519657046/,0,0,Vídeos,,,,,Total,25391,24251,254,249,3,2,417,,417,,0,320504.989,13.358,0,,
1545395680956710,100064588783898,"Federação Paulista de Futebol - FPF","O CEBOLINHA ESTÁ SE SENTINDO EM CASA!
QUE ESTREIA DO NOVO CAMISA 7 DO PEIXÃO!
#PaulistasEmCampo #FutebolPaulista #Santos
📷 Raul Baretta/Santos FC",,0,"09/12/2026 19:19",N/A,https://www.facebook.com/futebolpaulista/posts/pfbid0AWv2vAv65cvSrF5rNpMQCM38GeKrTmH9LRfFwmsSEXo9jAJcRAw2UyK35CdXCqn9l,0,0,Fotos,,,,,Total,21254,15220,226,218,8,0,261,120,141,,0,,,,,
1545745590921719,100064588783898,"Federação Paulista de Futebol - FPF","DOMINGOU COM COPA PAULISTA RIVALO!
Hoje tem o primeiro duelo entre Comercial e São José pelas quartas de final!
#CopaPaulistaRivalo",,0,"09/13/2026 04:30",N/A,https://www.facebook.com/futebolpaulista/posts/pfbid02T6BWL4qHzqxbAXRGxzbMTyAiaLW9ZYSEbbj9NQD5YEAJPx4xTJ2mBpt3ALhYek5Xl,0,0,Fotos,,,,,Total,4480,3418,39,35,0,4,26,12,14,,0,,,,,
1545766684252943,100064588783898,"Federação Paulista de Futebol - FPF","FÁBIO RAMPI É DA FERROVIÁRIA!
Maior goleiro artilheiro em atividade e sétimo maior da história do futebol mundial, o camisa 12 chega para reforçar a Locomotiva na temporada 2026!
#FutebolPaulista #PaulistasEmCampo
🎥@afeoficial","FÁBIO RAMPI É DA FERROVIÁRIA!
Maior goleiro artilheiro em atividade e sétimo maior da história do futebol mundial, o camisa 12 chega para reforçar a Locomotiva na temporada 2026!
#FutebolPaulista #PaulistasEmCampo
🎥@afeoficial",14,"09/13/2026 05:00",uploaded,https://www.facebook.com/reel/936886559480672/,0,0,Vídeos,,,,,Total,3127,2761,25,24,0,1,13,,13,,0,9772.257,3.406,0,,
1545817950914483,100064588783898,"Federação Paulista de Futebol - FPF","DIA CHEIO!
Não vai faltar jogo com #PaulistasEmCampo neste domingo.",,0,"09/13/2026 06:00",N/A,https://www.facebook.com/futebolpaulista/posts/pfbid02e68eQrpiBPr7iwcCtHTNfSA6MHePaNKAKdKNbjvcA8AqBoAwqffMnBjkBweisrnl,0,0,Fotos,,,,,Total,14083,9977,116,104,5,7,147,98,49,,0,,,,,
1546038200892458,100064588783898,"Federação Paulista de Futebol - FPF","COMO SERIA O PAULISTÃO CASAS BAHIA NOS ANOS 80? 👀
A trend chegou aqui e a gente voltou algumas décadas pra ver quem fazia a festa com a taça. 🏆
#PaulistãoCasasBahia",,0,"09/13/2026 10:00",N/A,https://www.facebook.com/futebolpaulista/posts/pfbid0ye7iNLfgPMHRuta9iwR9j4xmooJubLoX2skUD4toCXE8wyLHTwrvPCj3E3ZFnNSdl,0,0,Fotos,,,,,Total,8949,5802,63,48,10,5,528,397,131,,0,,,,,
1546195737543371,100064588783898,"Federação Paulista de Futebol - FPF","HUGO SOUZA 🤝 TCHOCA!
A DUPLA SALVOU DEMAIS NO MARACANÃ 😱
#PaulistasEmCampo #Corinthians","HUGO SOUZA 🤝 TCHOCA!
A DUPLA SALVOU DEMAIS NO MARACANÃ 😱
#PaulistasEmCampo #Corinthians",48,"09/13/2026 14:12",auto,https://www.facebook.com/reel/2527919094354467/,1,0,Vídeos,,,,,Total,15863,15916,150,138,7,5,264,,264,,0,145066.584,9.559,0,,
1546200997542845,100064588783898,"Federação Paulista de Futebol - FPF","SEM GOLS!
Comercial e São José não saíram do zero na primeira partida das quartas de final da Copa Paulista Rivalo.
 #CopaPaulistaRivalo
📷 Mrs Sport Fotos/Comercial RP",,0,"09/13/2026 14:22",N/A,https://www.facebook.com/futebolpaulista/posts/pfbid02r74GMGxZTUuhmd9eekm845qom3Vu3wRwhPoCDAfa9BpjWx2q5kpxdbKQhWSrADQdl,0,0,Fotos,,,,,Total,12985,9861,77,66,9,2,188,36,152,,0,,,,,
1546202580876020,100064588783898,"Federação Paulista de Futebol - FPF","FOI BUSCAR...
O Mirassol consegue mais um ponto no @brasileirao.
#PaulistasEmCampo
📷 JP Pinheiro/Agencia Mirassol",,0,"09/13/2026 14:26",N/A,https://www.facebook.com/futebolpaulista/posts/pfbid02dN2oUb2ZLiPKYBafyvr8t6SFxnHDsQzvRiAJRtnE94vfXH2csqervCEcgYsTMrNil,0,0,Fotos,,,,,Total,10484,7417,147,133,7,7,153,44,109,,0,,,,,
1546207947542150,100064588783898,"Federação Paulista de Futebol - FPF","VITÓRIA EM CASA!
A @afeoficial garante mais três pontos na @cbfseriec.
#PaulistasEmCampo
📷 Guilherme Moro / Ferroviária SAF",,0,"09/13/2026 14:37",N/A,https://www.facebook.com/futebolpaulista/posts/pfbid02pc8FdxBxUaV8LPMdBKf5Q76SPkTMFL3pfQXGeFZPQctsWTW33EGeaWFbEfnyvRLEl,0,0,Fotos,,,,,Total,22440,16861,317,283,26,8,338,59,279,,0,,,,,
1546256504203961,100064588783898,"Federação Paulista de Futebol - FPF","O Corinthians sofre revés fora de casa pelo @brasileirao.
#PaulistasEmCampo 
📷 Rodrigo Coca/Corinthians",,0,"09/13/2026 16:09",N/A,https://www.facebook.com/futebolpaulista/posts/pfbid032h34Ug5WkbKyKVEK1vA1w62uNvJCVfjxbs3KHWw8BgDnXwUFGiQVkB4qngbnjVZ4l,0,0,Fotos,,,,,Total,16138,11051,141,101,36,4,361,78,283,,0,,,,,
1546275284202083,100064588783898,"Federação Paulista de Futebol - FPF","TUDO IGUAL!
O Novorizontino soma mais um ponto no @brasileiraob.
#PaulistasEmCampo
📷 Juan Rodrigues / Novorizontino",,0,"09/13/2026 16:42",N/A,https://www.facebook.com/futebolpaulista/posts/pfbid02reHpQ1B18cZdZYrW4FmMUkAKghwE3ZkBy3c6DVvHqKJRmibPgNHKTxmLUYdT3x5wl,0,0,Fotos,,,,,Total,10642,7923,79,69,6,4,157,34,123,,0,,,,,
1546284250867853,100064588783898,"Federação Paulista de Futebol - FPF","DOIS PARA LÁ, DOIS PARA CÁ!
A Inter de Limeira volta com um ponto na mala na Série C.
#PaulistasEmCampo
📷 Reprodução/Inter de Limeira",,0,"09/13/2026 17:00",N/A,https://www.facebook.com/futebolpaulista/posts/pfbid021YCbfs5c2LwYjjewnz6H3KQQvCrLrLaYG4dt68cWtAN1j7UAsbTPgGnN1PG8mBQ8l,0,0,Fotos,,,,,Total,23566,16665,255,204,48,3,564,94,470,,0,,,,,
1546288924200719,100064588783898,"Federação Paulista de Futebol - FPF","ENCERRANDO O FINAL DE SEMANA...
Este foi o saldo dos #PaulistasEmCampo.",,0,"09/13/2026 17:10",N/A,https://www.facebook.com/futebolpaulista/posts/pfbid02C5tNm1MHpWZcZRuj2jkP1PzEiJ3cwrHgjTVw5J2x3P3znjvBWTUXSYNeBzh8AvoMl,0,0,Fotos,,,,,Total,25099,18076,114,103,3,8,220,128,92,,0,,,,,
1546626607500284,100064588783898,"Federação Paulista de Futebol - FPF","113 ANOS DA FBF!
Desejamos um feliz aniversário para a Federação Bahiana de Futebol!
#FPF #Aniversário",,0,"09/14/2026 03:00",N/A,https://www.facebook.com/futebolpaulista/posts/pfbid02rP12odWZADRTMErVsx6NKjD15DDT1qVTzSVDytqjHH1ziCNtaGFv84VZbmyXg4sul,0,0,Fotos,,,,,Total,1748,1254,15,13,0,2,8,4,4,,0,,,,,
1546646070831671,100064588783898,"Federação Paulista de Futebol - FPF","FELIZ ANIVERSÁRIO, SÃO BENTO!
O Bentão completa 113 anos de história nessa segunda-feira (14)!
#FPF #Aniversário",,0,"09/14/2026 03:30",N/A,https://www.facebook.com/futebolpaulista/posts/pfbid0229Fr7giABpgWYfBU4ywoWRFNnfRux9rL7MP7JSrm5ocpcDPwLefcMb8X518Y9CMTl,0,0,Fotos,,,,,Total,3804,2784,65,57,1,7,25,4,21,,0,,,,,
1546751520821126,100064588783898,"Federação Paulista de Futebol - FPF","DOSE DUPLA!
Botafogo e São Bernardo vão em busca de mais três pontos no @brasileiraob.
#PaulistasEmCampo",,0,"09/14/2026 06:00",N/A,https://www.facebook.com/futebolpaulista/posts/pfbid07nLpX8gRvnAaccjWvnwKnxwGedz5PJYwsWtNqozUkVtA59W75bahUYJjd3wpzvVjl,0,0,Fotos,,,,,Total,8810,6644,31,29,1,1,50,30,20,,0,,,,,
1546959274133684,100064588783898,"Federação Paulista de Futebol - FPF","ATUALIZADO ✅
🐷💚 O VERDÃO ESTÁ DOMINANDO OS CLÁSSICOS EM 2026!
#FutebolPaulista #PaulistasEmCampo",,0,"09/14/2026 10:25",N/A,https://www.facebook.com/futebolpaulista/posts/pfbid02bwgpqmxVMHy5ww5SkwoQn4WajXvKf8PykbjsWpc5Hz7oJ3t5NDvFryZxKy9jbQWGl,0,0,Fotos,,,,,Total,10745,6795,169,145,14,10,594,496,98,,0,,,,,
1547132014116410,100064588783898,"Federação Paulista de Futebol - FPF","MAIS UM REFORÇO NO PEIXÃO?
O Jimmy Butler visitou o CT Rei Pelé, ganhou camisa e trocou aquela ideia com o elenco santista!
#FutebolPaulista #Santos #NBA
🎥@santosfc","MAIS UM REFORÇO NO PEIXÃO?
O Jimmy Butler visitou o CT Rei Pelé, ganhou camisa e trocou aquela ideia com o elenco santista!
#FutebolPaulista #Santos #NBA
🎥@santosfc",34,"09/14/2026 14:29",N/A,https://www.facebook.com/reel/2174849140108409/,0,0,Vídeos,,,,,Total,23020,22793,425,411,11,3,725,,725,,0,208031.387,9.64,0,,
1547179940778284,100064588783898,"Federação Paulista de Futebol - FPF","UNS 15 ANOS DEPOIS.... 🤩
O Santos recriou o momento marcante da dupla Neymar e Philippe Coutinho! 👏👏👏 #PaulistãoCasasBahia #Neymar #Coutinho #Santos 
📷 @santosfc",,0,"09/14/2026 15:55",N/A,https://www.facebook.com/futebolpaulista/posts/pfbid06VCu9hRVDCSWTW1Ce9uAoYC3iQPAUGA8gjEbcHDbR1wgtSmyt5tD8hcFYqsKtqpzl,0,0,Fotos,,,,,Total,10548,7542,84,82,1,1,162,136,26,,0,,,,,
1547198127443132,100064588783898,"Federação Paulista de Futebol - FPF","O PRIMEIRO DO BOTAFOGO!
Hygor aproveitou o vacilo de Tadeu e abriu o placar para o Pantera!
#FutebolPaulista #PaulistasEmCampo 
🎥 ESPN","O PRIMEIRO DO BOTAFOGO!
Hygor aproveitou o vacilo de Tadeu e abriu o placar para o Pantera!
#FutebolPaulista #PaulistasEmCampo 
🎥 ESPN",14,"09/14/2026 16:27",auto,https://www.facebook.com/reel/3648869151942231/,1,0,Vídeos,,,,,Total,28928,21875,176,144,29,3,728,,728,,0,212288.369,9.932,0,,
1547203114109300,100064588783898,"Federação Paulista de Futebol - FPF","DE RONY RÚSTICO PARA PHILIPPE COUTINHO!
Rony presenteou Coutinho com a camisa 11 do Peixão. A partir de agora, o Rústico usará o número 33!
#PaulistasEmCampo #FutebolPaulista #Santos
📷 Raul Baretta/Santos FC",,0,"09/14/2026 16:36",N/A,https://www.facebook.com/futebolpaulista/posts/pfbid02TxXZoVmPyeQ1vDLDb3izs7gSguaHSN8HySm3AMhqKyRw6nnqFh3hT8jxiYZfS3oPl,0,0,Fotos,,,,,Total,7566,5405,55,52,1,2,59,42,17,,0,,,,,
1547234354106176,100064588783898,"Federação Paulista de Futebol - FPF","Botafogo sofre revés em casa pelo @brasileiraob!
#PaulistasEmCampo #FutebolPaulista
📷João Victor Menezes de Souza/Agência Botafogo",,0,"09/14/2026 17:34",N/A,https://www.facebook.com/futebolpaulista/posts/pfbid02ZN51qMcMKnWAGCfGPbZjSBSL1sAnXkhW3ixbFcpkatUKYNiNRjUJWQUVYEZYuRaAl,0,0,Fotos,,,,,Total,17941,12987,76,59,14,3,248,81,167,,0,,,,,
1547237524105859,100064588783898,"Federação Paulista de Futebol - FPF","É O TIGRE DO ABC!⚽⚽🐯
São Bernardo volta de Minas Gerais com três pontos na bagagem!
#PaulistasEmCampo #FutebolPaulista
📷Panda Mourão/São Bernardo",,0,"09/14/2026 17:40",N/A,https://www.facebook.com/futebolpaulista/posts/pfbid0KcHpUrXmBLgzpNR7X4qYP9Acc7evnpmPjP1nPtxbMix9aWMmVkxXTyEZoWMGakihl,0,0,Fotos,,,,,Total,32152,24188,108,102,4,2,203,116,87,,0,,,,,
1547265224103089,100064588783898,"Federação Paulista de Futebol - FPF","QUE GOLAÇO! 
Fabrício Daniel entrou para resolver o jogo e marcar esse belo gol para o São Bernardo!
#PaulistasEmCampo #FutebolPaulista
🎥 ESPN","QUE GOLAÇO! 
Fabrício Daniel entrou para resolver o jogo e marcar esse belo gol para o São Bernardo!
#PaulistasEmCampo #FutebolPaulista
🎥 ESPN",15,"09/14/2026 18:30",auto,https://www.facebook.com/reel/1452328083531589/,1,0,Vídeos,,,,,Total,26514,21810,175,174,0,1,290,,290,,0,192263.873,9.149,0,,
1547318480764430,100064588783898,"Federação Paulista de Futebol - FPF","NO MORUMBIS, O BICHO PEGA!
Hoje é dia do Tricolor buscar a virada na @sudamericanabr!
#FutebolPaulista #PaulistasEmCampo #SãoPaulo",,0,"09/14/2026 20:05",N/A,https://www.facebook.com/futebolpaulista/posts/pfbid0yk86RVBHStePdn6dFrQ66zHt59AuBp98FEdoMeyamzakkhxmv7PwHj8PND34WTjul,0,0,Fotos,,,,,Total,10602,7488,270,252,12,6,174,57,117,,0,,,,,
1547562630740015,100064588783898,"Federação Paulista de Futebol - FPF","TEM TETRACAMPEÃO COMEMORANDO ANIVERSÁRIO!
Nesta terça-feira, Márcio Santos completa 57 anos. Parabéns!🥳🎉🎂
#FutebolPaulista #Aniversário",,0,"09/15/2026 03:00",N/A,https://www.facebook.com/futebolpaulista/posts/pfbid0HoELDtUa5rGPbzrVX9u9iNuo1TRGaCgNHGEPLm85BbH1X6NNHenu5KFzHRoRxhuZl,0,0,Fotos,,,,,Total,12882,9568,47,39,7,1,81,37,44,,0,,,,,
1547620467400898,100064588783898,"Federação Paulista de Futebol - FPF","PARA FECHAR A RODADA!
Grêmio Prudente e Linense encerram a ida das quartas de final da Copa Paulista Rivalo nessa terça-feira!
#CopaPaulistaRivalo",,0,"09/15/2026 04:30",N/A,https://www.facebook.com/futebolpaulista/posts/pfbid028Jhe31xWjzfHJVw9uSXPw7AsKibfVrxQSBqLLprrLyUnBSF385wDXgzNzNockXfUl,0,0,Fotos,,,,,Total,4651,3513,25,22,0,3,18,11,7,,0,,,,,
1547750714054540,100064588783898,"Federação Paulista de Futebol - FPF","2️⃣5️⃣0️⃣ VITÓRIAS!🐷💚
MARCA HISTÓRICA DO CAPITÃO GUSTAVO GÓMEZ!
#FutebolPaulista #Palmeiras",,0,"09/15/2026 07:26",N/A,https://www.facebook.com/futebolpaulista/posts/pfbid0J7gqMNfapTkBb73od2rkfybMn58wggTUgEj64S8YrGzWZNLSkZ9WCKQyt6eRuW9ul,0,0,Fotos,,,,,Total,18024,13485,695,655,17,23,148,52,96,,0,,,,,
1547795894050022,100064588783898,"Federação Paulista de Futebol - FPF","SEMANA CHEIA!
Bora ficar de olho em todos os compromissos dos #PaulistasEmCampo nesta semana 👀",,0,"09/15/2026 08:20",N/A,https://www.facebook.com/futebolpaulista/posts/pfbid02g8a4CWVG3gDDfb4ERCaJqvYcmcaxXJ996jSk3v46AfihLnd5UZX78iFwd8MdDGUWl,0,0,Fotos,,,,,Total,11786,8523,76,68,0,8,105,76,29,,0,,,,,
1547839794045632,100064588783898,"Federação Paulista de Futebol - FPF","É A SELESANTOS EM AÇÃO!
Ninguém segura o Peixão no Brasileirão!
#PaulistasEmCampo #Santos",,0,"09/15/2026 09:00",N/A,https://www.facebook.com/futebolpaulista/posts/pfbid02ajnyHJZq2xUEasHkDmC1D9hxTbxCxvKk9G66688CSrc1zA5aHmf27a8q8BYrBpXVl,0,0,Fotos,,,,,Total,43128,30127,489,438,42,9,635,194,441,,0,,,,,1
1547884004041211,100064588783898,"Federação Paulista de Futebol - FPF","CHOQUE-REI EM 2026? O VERDÃO DOMINOU COM QUATRO VITÓRIAS!
#FutebolPaulista #Palmeiras",,0,"09/15/2026 10:00",N/A,https://www.facebook.com/futebolpaulista/posts/pfbid02UWrTgFXaw6Qfzm5EkjnF3usuvxq1fkuAQteusFzZ9MGV3TZfziEM4Pzcrs87sfm4l,0,0,Fotos,,,,,Total,15290,10766,300,227,61,12,256,88,168,,0,,,,,
1547927480703530,100064588783898,"Federação Paulista de Futebol - FPF","OLHA ELA AÍ! 👀 Como está o seu time na classificação do @brasileirao?
#FutebolPaulista #Brasileirão #PaulistasEmCampo",,0,"09/15/2026 11:00",N/A,https://www.facebook.com/futebolpaulista/posts/pfbid02vqq5VBsXEhHjqFbcjhhF7ZYHKFhxVuXqPYP6gAW8VQzdM6cnN6RoNG3SXcSxwmKel,0,0,Fotos,,,,,Total,25494,17547,112,99,7,6,387,171,216,,0,,,,,
1547992214030390,100064588783898,"Federação Paulista de Futebol - FPF","TREZE JOGOS SEM PERDER NO CHOQUE-REI!
O Palmeiras aumentou ainda mais a vantagem nos últimos clássicos contra o São Paulo!
#PaulistasEmCampo #ChoqueRei",,0,"09/15/2026 12:30",N/A,https://www.facebook.com/futebolpaulista/posts/pfbid0384W8oSwed7horxeaQBa9uYJBphspqw4VBHZXx7cqkqNqwZTGzZJKiyThmL7indKMl,0,0,Fotos,,,,,Total,3132,2219,34,31,2,1,38,24,14,,0,,,,,
1548069890689289,100064588783898,"Federação Paulista de Futebol - FPF","O COUTINHO CHEGOU, QUERENDO DEMAIS!
Com passagens pelo Vasco, Inter de Milão, Liverpool, Barcelona, Bayern e Aston Villa, o craque chega para vestir a camisa 11 no Peixão!
#PaulistasEmCampo #Santos",,0,"09/15/2026 15:00",N/A,https://www.facebook.com/futebolpaulista/posts/pfbid02qkxkUkSvoJvU9qmaVXmRUP7x8Lw5HVLbJQWKf5v79t18Mcz9dcVgHbjkhZyJDdkxl,0,0,Fotos,,,,,Total,43263,30305,1094,1068,10,16,471,258,213,,0,,,,,
1548084427354502,100064588783898,"Federação Paulista de Futebol - FPF","NO MORUMBIS, O TRICOLOR RESOLVE! 🇾🇪
O São Paulo precisa da virada para manter vivo o sonho da #GrandeConquista da @sudamericanabr!
#PaulistasEmCampo",,0,"09/15/2026 15:26",N/A,https://www.facebook.com/futebolpaulista/posts/pfbid02p8ss4J67wZSe2YY2owzSy2sq2E71sV8Q7pubsjqXYFvuyXvD27KNXCQjoFtn9Bgl,0,0,Fotos,,,,,Total,16922,12660,347,309,28,10,226,63,163,,0,,,,,
1548146864014925,100064588783898,"Federação Paulista de Futebol - FPF","A Ponte Preta sofre a derrota no @brasileiraob.
#PaulistasEmCampo
📷Rafael Martins/Londrina Esporte Clube",,0,"09/15/2026 17:19",N/A,https://www.facebook.com/futebolpaulista/posts/pfbid0K2yvAGybs7CGTVh8U72nEmMgz9AXiyZR2qN2y4pjvxRL7nwKzHiqf4QcqNQiremJl,0,0,Fotos,,,,,Total,221278,153569,1968,1565,373,30,7926,1473,6453,,0,,,,,
1548155144014097,100064588783898,"Federação Paulista de Futebol - FPF","TUDO IGUAL!
No primeiro jogo das quartas de final da Copa Paulista Rivalo, Grêmio Prudente e Linense terminam empatados!
#CopaPaulistaRivalo
📷Murilo Aguilar",,0,"09/15/2026 17:32",N/A,https://www.facebook.com/futebolpaulista/posts/pfbid0G6wZhVDQYxjvkKvq32qFsrPBhY7fFQGGM6ctxXqku6pdDFhht8bBroZPaq444Bc4l,0,0,Fotos,,,,,Total,14089,10751,79,75,1,3,111,60,51,,0,,,,,
1548156304013981,100064588783898,"Federação Paulista de Futebol - FPF","FIM DE PAPO!
Esses foram os resultados dos primeiros jogos das quartas de final da Copa Paulista Rivalo!
#CopaPaulistaRivalo",,0,"09/15/2026 17:34",N/A,https://www.facebook.com/futebolpaulista/posts/pfbid0EFb5qVx3om2aeJM9nFMdnDybxzqVoLzmc8DZNxm1R9trB83gDvVgDidxCATLtkABl,0,0,Fotos,,,,,Total,16552,12078,104,94,3,7,246,88,158,,0,,,,,
1548223537340591,100064588783898,"Federação Paulista de Futebol - FPF","O São Paulo se despede da @sudamericanabr.
#PaulistasEmCampo
📷Rubens Chiri/São Paulo FC",,0,"09/15/2026 19:32",N/A,https://www.facebook.com/futebolpaulista/posts/pfbid02Bm6sUutxJK3aKKRdhxiQD7G4t7NWCxUohwVutrmt7Pf4ra3ZRUGqgTZV4Dep2zkWl,0,0,Fotos,,,,,Total,35490,24166,467,347,100,20,1072,184,888,,0,,,,,
1548524397310505,100064588783898,"Federação Paulista de Futebol - FPF","TEM QUE DAR A VIDA, TEM QUE DEIXAR O SANGUE!
O Santos já está com a vantagem e quer a classificação na CONMEBOL Sudamericana.
#PaulistasEmCampo #Santos",,0,"09/16/2026 04:00",N/A,https://www.facebook.com/futebolpaulista/posts/pfbid0pKXWvNNNo6iEnWR3D5RnYMuMgiUTvUNTbdBCACzJHFtvvmWjwjs8nz65FAhq2WM2l,0,0,Fotos,,,,,Total,18151,13241,488,375,28,85,311,90,221,,0,,,,,
1548656213963990,100064588783898,"Federação Paulista de Futebol - FPF","PELA OBSESSÃO! PELA VAGAS NA SEMIFINAL!
Com vantagem conquistada em casa, o Palmeiras visita a LDU em busca de cravar a vaga na semifinal da @libertadoresbr!
#PaulistasEmCampo #Libertadores",,0,"09/16/2026 07:00",N/A,https://www.facebook.com/futebolpaulista/posts/pfbid02HoZJLWUqH8LrZxUfezWn3RdvrNFR4yjg4YzEVrcpJ7KrErEnVKHwnN8JsrqcZUY3l,0,0,Fotos,,,,,Total,13770,10436,370,344,13,13,182,78,104,,0,,,,,
1548703473959264,100064588783898,"Federação Paulista de Futebol - FPF","450 JOGOS DOS PORTUGUESES!
Muita história construída nesse período, hein, torcedor palmeirense?
#PaulistasEmCampo #Palmeiras",,0,"09/16/2026 08:00",N/A,https://www.facebook.com/futebolpaulista/posts/pfbid0uoyyk7Y65jf2YqW88CpS8EbxRvWbnEUjSP8MwoDYBf537YzZW9Z1aY9FFJoxTauol,0,0,Fotos,,,,,Total,12972,9609,149,140,4,5,123,59,64,,0,,,,,
1548724083957203,100064588783898,"Federação Paulista de Futebol - FPF","HOJE TEM CORINTHIANS! 🙏
E o corinthiano que não acordou assim hoje tá maluco! 🤯😂 #PaulistasEmCampo #Libertadores","HOJE TEM CORINTHIANS! 🙏
E o corinthiano que não acordou assim hoje tá maluco! 🤯😂 #PaulistasEmCampo #Libertadores",47,"09/16/2026 08:30",uploaded,https://www.facebook.com/reel/3140608809478660/,0,0,Vídeos,,,,,Total,3811,3595,50,47,1,2,29,,29,,0,19054.573,5.353,0,,
1548743463955265,100064588783898,"Federação Paulista de Futebol - FPF","VAMO, VAMO, MEU TIMÃO! 🔥
Com o agregado empatado, a Neo Química Arena vai tremer com o confronto entre Corinthians e Estudiantes na @libertadoresbr!
#PaulistasEmCampo #Libertadores",,0,"09/16/2026 09:00",N/A,https://www.facebook.com/futebolpaulista/posts/pfbid02fy51L7Ty7gjGGkpQvNnDhN8eJiGmvnnabpt9Zx6cn1pazKzGCEbbsZGYid4PZYPvl,0,0,Fotos,,,,,Total,5982,4349,153,137,15,1,71,19,52,,0,,,,,
1548786193950992,100064588783898,"Federação Paulista de Futebol - FPF","FERROVIÁRIA E INTER DE LIMEIRA EM BUSCA DO ACESSO NA SÉRIE C!
#FutebolPaulista #PaulistasEmCampo",,0,"09/16/2026 10:00",N/A,https://www.facebook.com/futebolpaulista/posts/pfbid02LEmQJZMRfEuQereJRmAPo6JwNhYQ2PwNVoN114SxrGGY9inQweWuRR8Tif7HsEUwl,0,0,Fotos,,,,,Total,24468,17300,233,199,28,6,608,133,475,,0,,,,,
1548914697271475,100064588783898,"Federação Paulista de Futebol - FPF","QUE CATEGORIA DO JÚLIO BAPTISTA! 
O técnico do São Paulo esbanjou qualidade no Paulista Sub-20! 
#PaulistaSub20","QUE CATEGORIA DO JÚLIO BAPTISTA! 
O técnico do São Paulo esbanjou qualidade no Paulista Sub-20! 
#PaulistaSub20",11,"09/16/2026 13:08",auto,https://www.facebook.com/reel/1854977695942255/,1,0,Vídeos,,,,,Total,7555,6239,45,45,0,0,217,,217,,0,39134.913,6.655,0,,
1548956467267298,100064588783898,"Federação Paulista de Futebol - FPF","QUEM TÁ PASSANDO É O BONDE...
Combo PESADÍSSIMO chegando na Vila Belmiro 🐳
#SantosFC #PaulistasEmCampo",,0,"09/16/2026 14:30",N/A,https://www.facebook.com/futebolpaulista/posts/pfbid02tWX2C5kkzEzabD9MnUgGx8zWGPkbxLaRDynFemRVkihiToa5VxrYvsZRLXRmQANnl,0,0,Fotos,,,,,Total,39364,27451,314,289,19,6,680,234,446,,0,,,,,
1549013740594904,100064588783898,"Federação Paulista de Futebol - FPF","ALVIVERDE NAS ALTURAS!
A bola sobrou nos pés de Marlon Freitas, que manda para o fundo das redes.
#PaulistasEmCampo #Palmeiras 
🎥 Paramount+ Esportes","ALVIVERDE NAS ALTURAS!
A bola sobrou nos pés de Marlon Freitas, que manda para o fundo das redes.
#PaulistasEmCampo #Palmeiras 
🎥 Paramount+ Esportes",31,"09/16/2026 16:24",auto,https://www.facebook.com/reel/28284194111244286/,1,0,Vídeos,,,,,Total,28467,26566,645,623,11,11,794,,794,,0,264842.163,10.535,0,,
1549035330592745,100064588783898,"Federação Paulista de Futebol - FPF","FOI NA EMOÇÃO!
NOS PÊNALTIS, O PALMEIRAS GARANTE A VAGA NA SEMIFINAL DA @libertadoresbr.
#Palmeiras #Libertadores #PaulistasEmCampo",,0,"09/16/2026 17:08",N/A,https://www.facebook.com/futebolpaulista/posts/pfbid02EVEmnNkcaWUT5KtNYe9zKDwmB29kFSksgZFoBfSucRCBmf1CmhyV1sWK3Ld91BBal,0,0,Fotos,,,,,Total,11951,8495,452,379,31,42,390,166,224,,0,,,,,
1549037977259147,100064588783898,"Federação Paulista de Futebol - FPF","AGUENTA CORAÇÃO!
Carlos Miguel defende dois pênaltis e o Palmeiras está classificado na @libertadoresbr.
#PaulistasEmCampo #Palmeiras 
📷 Cesar Greco/Palmeiras",,0,"09/16/2026 17:13",N/A,https://www.facebook.com/futebolpaulista/posts/pfbid0ekXA5BAcyyzXh7tYZBZsG9dau66x4PNVE8Gyg86AmTq5CPkpE7rNutVB8dqJSoHql,0,0,Fotos,,,,,Total,27321,19132,372,331,19,22,467,206,261,,0,,,,,
1549040810592197,100064588783898,"Federação Paulista de Futebol - FPF","Nos pênaltis, o Santos se despede da @sudamericanabr.
#PaulistasEmCampo
📷 Reinaldo Campos/Santos FC",,0,"09/16/2026 17:18",N/A,https://www.facebook.com/futebolpaulista/posts/pfbid0sFEqoKE9UyKJfqR7jzFvAB9LzXcuZG7QfwGHHNwUBXXvTvMtf4f59CWwdCyD3byql,0,0,Fotos,,,,,Total,30058,21367,199,162,29,8,601,181,420,,0,,,,,
1549043800591898,100064588783898,"Federação Paulista de Futebol - FPF","QUE TEMPORADA 😮‍💨💚
Já veio título do Paulistão Casas Bahia e, agora, o Verdão segue na disputa por mais três taças. 
#PaulistasEmCampo #Palmeiras",,0,"09/16/2026 17:24",N/A,https://www.facebook.com/futebolpaulista/posts/pfbid02f7VG6sBBo7avWbXLXEfmntY8vgkUtBTsF8NHsCKipb1AJuaKmzBRbcHXL4uFSFnsl,0,0,Fotos,,,,,Total,15421,11087,355,283,26,46,426,202,224,,0,,,,,
1549051103924501,100064588783898,"Federação Paulista de Futebol - FPF","A FIEL É DIFERENTE 🦅🖤
É FESTA NA NEO QUÍMICA ARENA PARA A DECISÃO DO TIMÃO 🔥
#PaulistasEmCampo #Libertadores #Corinthians","A FIEL É DIFERENTE 🦅🖤
É FESTA NA NEO QUÍMICA ARENA PARA A DECISÃO DO TIMÃO 🔥
#PaulistasEmCampo #Libertadores #Corinthians",49,"09/16/2026 17:38",N/A,https://www.facebook.com/reel/884669991248199/,1,0,Vídeos,,,,,Total,2054,1933,54,41,7,6,43,,43,,0,7795.188,4.005,0,,
1549062693923342,100064588783898,"Federação Paulista de Futebol - FPF","O HERÓI DA CLASSIFICAÇÃO...
Carlos Miguel defendeu dois pênaltis e garantiu a vaga na semifinal para o Verdão.
#Palmeiras #Libertadores #PaulistasEmCampo",,0,"09/16/2026 17:58",N/A,https://www.facebook.com/futebolpaulista/posts/pfbid0bymEarCNRZJ8QFmLPMg6mxeMTztcmcZifLiYB1R2ExuzS5wmtciBFMutHGyrDW9Tl,0,0,Fotos,,,,,Total,12372,8987,522,476,25,21,165,60,105,,0,,,,,
1549069060589372,100064588783898,"Federação Paulista de Futebol - FPF","RIO X SP MAIS UMA VEZ!
Palmeiras e Fluminense será o confronto da semifinal da @libertadoresbr.
#PaulistasEmCampo",,0,"09/16/2026 18:10",N/A,https://www.facebook.com/futebolpaulista/posts/pfbid02FVEE3zWwYaFJWAv4YzapZVAcQS8QFoUs5S5x6fg9tAcGLo6GfFgC5m8neSRYSicEl,0,0,Fotos,,,,,Total,3111,2237,54,45,0,9,18,12,6,,0,,,,,
1549079097255035,100064588783898,"Federação Paulista de Futebol - FPF","As definições de PAREDÃO foram atualizada, né, Carlos Miguel?
#PaulistasEmCampo #Palmeiras",,0,"09/16/2026 18:28",N/A,https://www.facebook.com/futebolpaulista/posts/pfbid0MJ9GugQvqRjKyc93guRquqNxZp1pwUX7DTSnMqu7dzS2gFsS9BczZSSJ2u4bX9Qxl,0,0,Fotos,,,,,Total,12394,8788,355,337,7,11,353,287,66,,0,,,,,
1549118043917807,100064588783898,"Federação Paulista de Futebol - FPF","O VERDÃO SEGUE FAZENDO HISTÓRIA...
Pela sétima vez em nove anos, o Palmeiras chega à semifinal da @libertadoresbr. É a equipe brasileira que mais vezes chegou nesta fase da competição 🔥
#Libertadores #PaulistasEmCampo",,0,"09/16/2026 19:35",N/A,https://www.facebook.com/futebolpaulista/posts/pfbid0a8xQCe4nUcwwXaF9iBDL5R54V6TXwrjU6kAKQM4MzLg55rF9JtnRZCXnXcsVqSB9l,0,0,Fotos,,,,,Total,10652,7664,328,287,23,18,206,66,140,,0,,,,,
1549119627250982,100064588783898,"Federação Paulista de Futebol - FPF","O Corinthians foi superado pelo Estudiantes e se despede da @libertadoresbr.
#PaulistasEmCampo
📷 Reprodução/Estudiantes",,0,"09/16/2026 19:37",N/A,https://www.facebook.com/futebolpaulista/posts/pfbid02XNJkdHx9QtCk68wBf5QMK8wf6s6PCzDp9z2yfKE4RmYqBizVfDSvFrapdoh4XL3Ll,0,0,Fotos,,,,,Total,30028,21410,512,403,88,21,652,164,488,,0,,,,,1
1549421910554087,100064588783898,"Federação Paulista de Futebol - FPF","PARABÉNS, CAPETINHA!🥳🎉
Tricampeão do Paulistão e Campeão do Mundo com a Seleção Brasileira em 2002, Edilson comemora 56 anos de vida!
#FutebolPaulista #Aniversário",,0,"09/17/2026 04:00",N/A,https://www.facebook.com/futebolpaulista/posts/pfbid0aRLXd3GyjNGWe9hE4fhV7RPYgFnEFcrurToeaLyceB8rNZ2ZE3rxnQPPsE3wB11rl,0,0,Fotos,,,,,Total,10833,7704,67,49,15,3,113,37,76,,0,,,,,
1549570690539209,100064588783898,"Federação Paulista de Futebol - FPF","Bom dia na estica e classificado 🐷💚
#PaulistasEmCampo #Palmeiras","Bom dia na estica e classificado 🐷💚
#PaulistasEmCampo #Palmeiras",17,"09/17/2026 07:28",uploaded,https://www.facebook.com/reel/1077661338194447/,1,0,Vídeos,,,,,Total,4609,4211,218,208,8,2,50,,50,,0,17282.723,4.09,0,,
1549636967199248,100064588783898,"Federação Paulista de Futebol - FPF","NOVORIZONTINO NO TOPO!
É o Tigre na liderança do @brasileiraob!
#PaulistasEmCampo",,0,"09/17/2026 09:00",N/A,https://www.facebook.com/futebolpaulista/posts/pfbid02dCRRDzFVVAPAAxiwqTD8gKLc28me7iKtJEkA8ssVFmch7ATEq8KC6GbTZhXgCDqrl,0,0,Fotos,,,,,Total,13779,10100,165,145,15,5,280,54,226,,0,,,,,
1549722893857322,100064588783898,"Federação Paulista de Futebol - FPF","QUE MOMENTO!🐷💚
AQUELE ABRAÇO ESPECIAL DA DUPLA ABEL E GÓMEZ!
#Palmeiras #Libertadores
🎥 @palmeiras","QUE MOMENTO!🐷💚
AQUELE ABRAÇO ESPECIAL DA DUPLA ABEL E GÓMEZ!
#Palmeiras #Libertadores
🎥 @palmeiras",11,"09/17/2026 11:00",N/A,https://www.facebook.com/reel/2613615415755715/,0,0,Vídeos,,,,,Total,38983,27597,957,910,34,13,1076,,1076,,0,203295.447,7.586,0,,
1549798897183055,100064588783898,"Federação Paulista de Futebol - FPF","O ARTILHEIRO DA LOCOMOTIVA! 🚂
São 11 gols na conta do Vitor Barreto nesse ano!
#PaulistasEmCampo",,0,"09/17/2026 13:00",N/A,https://www.facebook.com/futebolpaulista/posts/pfbid02SNaA3ce4SuH8bMyaBp3LqwmdGWwgLRwhezLd8FULiVdtpok6QZDNGdDwLJq437dEl,0,0,Fotos,,,,,Total,9688,6818,136,114,19,3,118,31,87,,0,,,,,
1549861757176769,100064588783898,"Federação Paulista de Futebol - FPF","MANIFESTO DO FUTEBOL!
Um movimento dos clubes e da Federação Paulista de Futebol pelo mercado responsável de apostas.",,0,"09/17/2026 15:02",N/A,https://www.facebook.com/futebolpaulista/posts/pfbid02FXjuresktsYJNhtUUTNRJf81AsYnZJy5RpnGm8ZJdcMBHBmfbZB8ViyXhtCyJnt5l,0,0,Fotos,,,,,Total,19810,16580,1063,34,18,1011,244,180,64,,0,,,,,
1550225587140386,100064588783898,"Federação Paulista de Futebol - FPF","DIA DO FENÔMENO! 🌟
Campeão paulista e bicampeão do mundo com a Seleção Brasileira, Ronaldo completa 50 anos nessa sexta-feira (18)!
#FPF #Aniversário",,0,"09/18/2026 02:00",N/A,https://www.facebook.com/futebolpaulista/posts/pfbid0dgvhc78qDktEeBJyRjtA2mzaPU6Fegzn1kzJ6UXB7YvtT7iD1TJxrie7G1kHe4pnl,0,0,Fotos,,,,,Total,3615,2454,24,17,5,2,52,42,10,,0,,,,,
1550263590469919,100064588783898,"Federação Paulista de Futebol - FPF","59 ANOS DO RAMALHÃO!
Feliz aniversário, Santo André!
#FPF #Aniversário",,0,"09/18/2026 03:00",N/A,https://www.facebook.com/futebolpaulista/posts/pfbid02BJtfcGm3VSSckfZ7kiub5sMcGkMyAfUtob9oL2XGPFP9TWgNzm66Tz7vWKnE1fZal,0,0,Fotos,,,,,Total,5178,3691,137,106,19,12,74,16,58,,0,,,,,
1550283113801300,100064588783898,"Federação Paulista de Futebol - FPF","107 ANOS DO BATATAIS!
Desejamos os parabéns para o Fantasma da Mogiana!
#FPF #Aniversário",,0,"09/18/2026 03:30",N/A,https://www.facebook.com/futebolpaulista/posts/pfbid0MSE1EgGFY3JQ42XN9EqxkLdFCSMCr9xxdn4yk4GJS3kKHr4YkkUJYR8BWVvkjxrAl,0,0,Fotos,,,,,Total,3761,2616,38,30,4,4,46,14,32,,0,,,,,
1550393860456892,100064588783898,"Federação Paulista de Futebol - FPF","O HOMEM-GOL DO LEÃO EM BUSCA DO ACESSO!
Miguel Bianconi é o cara da Inter de Limeira e o artilheiro do @cbfseriec!
#FutebolPaulista #PaulistasEmCampo #SérieC",,0,"09/18/2026 06:00",N/A,https://www.facebook.com/futebolpaulista/posts/pfbid0G9ZcKay6g5SLRPnBepcfSLhnHERRzjEDEvHa21hJCJYeqAYKfna9AdbxpQLnnqpKl,0,0,Fotos,,,,,Total,63126,45699,264,248,13,3,1004,303,701,,0,,,,,
1550540930442185,100064588783898,"Federação Paulista de Futebol - FPF","ROMARINHO É DA LUSA ❤️💚
O atacante é o novo reforço da Portuguesa para a temporada 2027! Aprovado, torcedor?
#FutebolPaulista 
📷Divulgação/Portuguesa",,0,"09/18/2026 09:13",N/A,https://www.facebook.com/futebolpaulista/posts/pfbid02t2zoj1ZZ32XCMSvxoYMyqf8792MdSduQr56a89TrMoS36dsZWvAacCYKQ74JCrU9l,0,0,Fotos,,,,,Total,35168,24279,337,312,21,4,1095,419,676,,0,,,,,
1550752747087670,100064588783898,"Federação Paulista de Futebol - FPF","QUEM SERÃO OS SEMIFINALISTAS?
Os jogos de volta das quartas de final da Copa Paulista Rivalo vem aí! Confira os horários e transmissões dos confrontos.
#CopaPaulistaRivalo",,0,"09/18/2026 14:30",N/A,https://www.facebook.com/futebolpaulista/posts/pfbid0LZDwU2oVz5yEtGmRQpDRaaGzJQct2LbxCkYoMKDHzins76tswroViqoZEsMtc4S2l,0,0,Fotos,,,,,Total,25286,18173,143,115,15,13,393,204,189,,0,,,,,
1550777427085202,100064588783898,"Federação Paulista de Futebol - FPF","LEGADO DA COPINHA SIL 2026!
Pelo quarto ano consecutivo, Federação Paulista de Futebol e Penalty unem forças para realizar o Legado da Copinha Sil. O evento conduzido pelo vice-presidente da FPF, Mauro Silva, nesta sexta-feira (18), no Edifício Pelé, reuniu representantes das cidades-sede da competição para a entrega dos kits esportivos que serão utilizados por projetos e atividades esportivas locais. A iniciativa visa fortalecer o futebol de base e gerar impacto positivo nas comunidades que recebem a Copinha Sil.
#CopinhaSil2026
📷Diego Rodrigues/Ag. Paulistão",,0,"09/18/2026 15:18",N/A,https://www.facebook.com/futebolpaulista/posts/pfbid02gvf7BGdFf1F1zXMWiNdYe44NP7m8NRTQkVHoEaQ9mPStLu5w1qxn2Lf2mFmhDSrBl,0,0,Fotos,,,,,Total,7267,5212,22,21,0,1,129,112,17,,0,,,,,
1550886570407621,100064588783898,"Federação Paulista de Futebol - FPF","Não deu pro Novorizontino no @brasileiraob! 🥲 #PaulistasEmCampo 
📷 Ozzair Jr./Novorizontino",,0,"09/18/2026 18:37",N/A,https://www.facebook.com/futebolpaulista/posts/pfbid032r6oFViooorkzGAgfSAXJW7QkZSa6K6BcVHj11TybJBCWy8EkKF1Q8UPf36yU1qVl,0,0,Fotos,,,,,Total,41041,30089,196,158,29,9,569,203,366,,0,,,,,
1550902653739346,100064588783898,"Federação Paulista de Futebol - FPF","MAIS 3 PONTOS! 👏👏👏
O São Bernardo venceu o Atlético-GO no @brasileiraob! #PaulistasEmCampo 
📷 Janes Carvalho",,0,"09/18/2026 19:04",N/A,https://www.facebook.com/futebolpaulista/posts/pfbid09rakzGeJ4UwtQrxm5duvEF67sBv2x12uJUwbH4URmTCtae5BwGv7DqvXEt9QQwdzl,0,0,Fotos,,,,,Total,20262,15090,78,76,1,1,119,72,47,,0,,,,,
1551213367041608,100064588783898,"Federação Paulista de Futebol - FPF","ABRINDO A RODADA!
Dois confrontos nesse sábado definem os dois primeiros semifinalistas da #CopaPaulistaRivalo!",,0,"09/19/2026 04:00",N/A,https://www.facebook.com/futebolpaulista/posts/pfbid0hgZV6jHiTFEGoUvRXW6YAHJrLXpjGihc9PBp19H9J2q1GN8uRvg4GHBaEXP3M2DNl,0,0,Fotos,,,,,Total,6331,4775,26,24,0,2,35,18,17,,0,,,,,
1551302557032689,100064588783898,"Federação Paulista de Futebol - FPF","FIM DE SEMANA LOTADO!
Vem conferir os confrontos de sábado e domingo dos #PaulistasEmCampo no @brasileirao, @brasileiraob e na @cbfseriec!",,0,"09/19/2026 06:00",N/A,https://www.facebook.com/futebolpaulista/posts/pfbid029JURYEDHrMSeudk6NBCguUKjqdynheKufs8gtjLayyJa8xFRBpoVd5i5LdvLhczol,0,0,Fotos,,,,,Total,26981,18625,187,171,2,14,380,308,72,,0,,,,,
1551695936993351,100064588783898,"Federação Paulista de Futebol - FPF","DEU LEÃO! 🦁
Eduardo marca duas vezes e o Mirassol leva mais três pontos no @brasileirao.
#PaulistasEmCampo
📷 JP Pinheiro/Agencia Mirassol",,0,"09/19/2026 15:30",N/A,https://www.facebook.com/futebolpaulista/posts/pfbid0zMBNJYSwT8t3GcrQt6vsoifJbsRex5BGNQ5Wh2LFW3eG1Kum9zf3djxB8ix4dkFhl,0,0,Fotos,,,,,Total,17442,12815,316,286,16,14,231,69,162,,0,,,,,
1551729790323299,100064588783898,"Federação Paulista de Futebol - FPF","PRIMEIRO CLASSIFICADO!
O Norusca leva a melhor nos pênaltis e se garante nas semifinais da Copa Paulista Rivalo!
#CopaPaulistaRivalo",,0,"09/19/2026 16:31",N/A,https://www.facebook.com/futebolpaulista/posts/pfbid01CepBaF1SKxZHmevqUJhAK2CRKeuGwny6kKQBH3P7uMjg5Ea6NHYkPnHnzG8HJexl,0,0,Fotos,,,,,Total,20901,14703,338,299,21,18,718,107,611,,0,,,,,
1551731976989747,100064588783898,"Federação Paulista de Futebol - FPF","MAIS UMA VITÓRIA DO PEIXÃO!
Fora de casa, o Santos leva a melhor e garante mais três pontos na conta.
#PaulistasEmCampo
📷 Reinaldo Campos/Santos FC",,0,"09/19/2026 16:35",N/A,https://www.facebook.com/futebolpaulista/posts/pfbid02AW3KpZcq4RmCAb2V23FUbE3uoC9hahmNrJdWTwfVW7gc7wnW2dwFFZ6JPG34LnFJl,0,0,Fotos,,,,,Total,22505,15983,693,647,32,14,497,130,367,,0,,,,,
1551735353656076,100064588783898,"Federação Paulista de Futebol - FPF","NOS PÊNALTIS...
Jogando em casa, Diogo Silva pega duas cobranças e o Noroeste garante vaga na semifinal da #CopaPaulistaRivalo.
📷 Tainá Araújo/Primavera SAF",,0,"09/19/2026 16:41",N/A,https://www.facebook.com/futebolpaulista/posts/pfbid0D84a9u7GnNbVQVZMW1wUryc948aEevK6Ph8M3ttpK813rYAwNvZpQ2dHAFJif7tal,0,0,Fotos,,,,,Total,43383,32424,350,310,36,4,807,213,594,,0,,,,,
1551745950321683,100064588783898,"Federação Paulista de Futebol - FPF","ÁGUIA DO VALE NA SEMI!
São José vence e garante classificação na Copa Paulista Rivalo!
#CopaPaulistaRivalo",,0,"09/19/2026 17:00",N/A,https://www.facebook.com/futebolpaulista/posts/pfbid0xMR8XiRqNzWpTJ96hibPprzEuUEY8TnoirwwXEJSetnS9iGvziZv2ej7L9d1ey5Ql,0,0,Fotos,,,,,Total,5824,4443,66,56,6,4,89,26,63,,0,,,,,
1551747770321501,100064588783898,"Federação Paulista de Futebol - FPF","TUDO IGUAL!
Botafogo fica no empate pelo @brasileiraob.
#PaulistasEmCampo
📷 Reprodução/Botafogo",,0,"09/19/2026 17:04",N/A,https://www.facebook.com/futebolpaulista/posts/pfbid0MkTpAXJcaH1JPDqumZwEKbjrHpQZ9vjoZQQq2rbwY7xwFudFZYDJdhKMQ2UQLPWgl,0,0,Fotos,,,,,Total,9410,7056,25,22,0,3,37,23,14,,0,,,,,
1551748016988143,100064588783898,"Federação Paulista de Futebol - FPF","SÃO JOSÉ SEMIFINALISTA!
Águia do Vale vence em casa e está entre os quatro melhores da #CopaPaulistaRivalo!
📷Victor Cônsoli/SJEC",,0,"09/19/2026 17:04",N/A,https://www.facebook.com/futebolpaulista/posts/pfbid0NjgvkinX3GKyvMZEHoUH1ZYX1XE82giTu7DWEQR5WAMDPnc9EYnuUeeKsvLg2hrEl,0,0,Fotos,,,,,Total,40744,30302,430,362,40,28,795,202,593,,0,,,,,
1551788503650761,100064588783898,"Federação Paulista de Futebol - FPF","QUE NOITE INSPIRADA!
Gabriel B. deu uma assistência e marcou um gol na vitória de hoje. Peça chave hein, torcedor do Peixão?! 👀🐳
#PaulistasEmCampo 
🎥 Premiere","QUE NOITE INSPIRADA!
Gabriel B. deu uma assistência e marcou um gol na vitória de hoje. Peça chave hein, torcedor do Peixão?! 👀🐳
#PaulistasEmCampo 
🎥 Premiere",34,"09/19/2026 18:25",auto,https://www.facebook.com/reel/1639582714512081/,1,0,Vídeos,,,,,Total,13541,13478,228,219,6,3,305,,305,,0,113210.925,8.885,0,,
1551809736981971,100064588783898,"Federação Paulista de Futebol - FPF","VAMOS, SÃO PAULO!🇾🇪
Anota mais três pontos para o Tricolor do MorumBIS!
#PaulistasEmCampo #FutebolPaulista
📷Rubens Chiri/São Paulo FC",,0,"09/19/2026 19:02",N/A,https://www.facebook.com/futebolpaulista/posts/pfbid0jukrPinCZ46GoFSe7MTA7LvaDx8yc7o3gRQC2AmYLhJvHk5xYSWbiXxufbZpDXwtl,0,0,Fotos,,,,,Total,19433,13488,432,376,26,30,317,96,221,,0,,,,,
1551820916980853,100064588783898,"Federação Paulista de Futebol - FPF","O GOL DA VITÓRIA TRICOLOR! 
Calleri garantiu os três pontos para o São Paulo no Brasileirão! 
#PaulistasEmCampo #FutebolPaulista 
🎥 Premiere","O GOL DA VITÓRIA TRICOLOR! 
Calleri garantiu os três pontos para o São Paulo no Brasileirão! 
#PaulistasEmCampo #FutebolPaulista 
🎥 Premiere",61,"09/19/2026 19:22",N/A,https://www.facebook.com/reel/4538441066482975/,1,0,Vídeos,,,,,Total,8023,8195,322,305,6,11,179,,179,,0,69327.881,8.983,0,,
1552073990288879,100064588783898,"Federação Paulista de Futebol - FPF","DOMINGOU!
Linense e Grêmio Prudente disputam por um espaço na semifinal da Copa Paulista Rivalo!
#CopaPaulistaRivalo",,0,"09/20/2026 02:00",N/A,https://www.facebook.com/futebolpaulista/posts/pfbid02YeMLAhfLrDuFWfZTSqtmSieVVfeUdzY2uBzCTAXSQRRG1FbzNJnsJDFjDuwH4SmEl,0,0,Fotos,,,,,Total,3599,2628,20,18,1,1,16,8,8,,0,,,,,
1552345036928441,100064588783898,"Federação Paulista de Futebol - FPF","CARCARÁ CLASSIFICADO!
O Grêmio Prudente vence o Linense fora de casa e garante a vaga para a semifinal da Copa Paulista Rivalo!
#CopaPaulistaRivalo",,0,"09/20/2026 08:04",N/A,https://www.facebook.com/futebolpaulista/posts/pfbid0HhDxAjxy2NuDmGx21Vb61CbNN5mqavutV5HiKzvkVK1YX32bTdPBEav5vRrNpDkJl,0,0,Fotos,,,,,Total,6263,4586,136,110,17,9,163,27,136,,0,,,,,
1552346900261588,100064588783898,"Federação Paulista de Futebol - FPF","VENCE O GRÊMIO PRUDENTE!
O Carcará conquista a classificação para a semifinal da Copa Paulista Rivalo!
#CopaPaulistaRivalo
📷Luiz Maziero/CALinense",,0,"09/20/2026 08:05",N/A,https://www.facebook.com/futebolpaulista/posts/pfbid02pDxPVaLcBDRTG88VZVnQhirNpdhAMVcW3TyArd6aSUUftVsFvkCDTwkNjBgCNGeBl,0,0,Fotos,,,,,Total,32869,24396,304,260,34,10,776,173,603,,0,,,,,
1552397693589842,100064588783898,"Federação Paulista de Futebol - FPF","VITÓRIA DA MACACA!
A Ponte Preta volta a vencer no @brasileiraob e soma três pontos em casa!
#PaulistasEmCampo
📷Divulgação/Ponte Preta",,0,"09/20/2026 09:01",N/A,https://www.facebook.com/futebolpaulista/posts/pfbid0Mxauf25bd5vhEic1k7WBDwnPBgo6g8LFKYD1NE8HdzHM7UoGRJVxQy54AoEFZU7Ul,0,0,Fotos,,,,,Total,72705,50285,1141,945,178,18,2415,431,1984,,0,,,,,
1552401613589450,100064588783898,"Federação Paulista de Futebol - FPF","NADA DE GOLS EM PORTO ALEGRE!
O Palmeiras empata com o Grêmio e soma um ponto fora de casa no @brasileirao.
#PaulistasEmCampo
📷Cesar Greco/Palmeiras",,0,"09/20/2026 09:06",N/A,https://www.facebook.com/futebolpaulista/posts/pfbid02EpMFmqqB3WGKGnbUommKbC2PzEAnuZW96fJfJGCz74ayr579Wn4pVKDWJrdjjYTYl,0,0,Fotos,,,,,Total,27103,19871,155,102,43,10,655,157,498,,0,,,,,
1552502710246007,100064588783898,"Federação Paulista de Futebol - FPF","TRÊS PONTOS PRA MACACA!
Brandão garantiu a vitória da 🦍 Ponte Preta no Brasileirão Série B!
#PaulistasEmCampo","TRÊS PONTOS PRA MACACA!
Brandão garantiu a vitória da 🦍 Ponte Preta no Brasileirão Série B!
#PaulistasEmCampo",12,"09/20/2026 11:13",auto,https://www.facebook.com/reel/2836877073356456/,1,0,Vídeos,,,,,Total,13476,11606,161,142,18,1,401,,401,,0,64012.723,5.786,0,,
1552583046904640,100064588783898,"Federação Paulista de Futebol - FPF","É SEMPRE ELE!!!! GUSTAVO HENRIQUE DEIXA TUDO IGUAL PRO TIMÃO!!!!! #PaulistasEmCampo #Corinthians","É SEMPRE ELE!!!! GUSTAVO HENRIQUE DEIXA TUDO IGUAL PRO TIMÃO!!!!! #PaulistasEmCampo #Corinthians",21,"09/20/2026 13:21",N/A,https://www.facebook.com/reel/936730759023146/,1,0,Vídeos,,,,,Total,31892,28288,333,271,58,4,702,,702,,0,240980.402,8.938,0,,
1552602210236057,100064588783898,"Federação Paulista de Futebol - FPF","O Corinthians sofre revés pelo @brasileirao.
#PaulistasEmCampo
📷 Marina Garcia/Fluminense FC",,0,"09/20/2026 13:59",N/A,https://www.facebook.com/futebolpaulista/posts/pfbid0SbTg7zEjGbR9UjncZdMtATRVknX1BhqSdFxmyYECZbqnmUx7xWF168ib8MK2uE9el,0,0,Fotos,,,,,Total,31775,22852,553,423,100,30,843,170,673,,0,,,,,
1552682050228073,100064588783898,"Federação Paulista de Futebol - FPF","Red Bull Bragantino sofre revés no Maracanã!
#PaulistasEmCampo #FutebolPaulista
📷Ari Ferreira/Red Bull Bragantino",,0,"09/20/2026 16:32",N/A,https://www.facebook.com/futebolpaulista/posts/pfbid084HayVERdZfeL4LHHcbfANUiifLXDVZ4wWVfduGRXzfztbyb5TKx6XeLsPYs9TNhl,0,0,Fotos,,,,,Total,15569,11619,61,49,4,8,122,64,58,,0,,,,,
1552686710227607,100064588783898,"Federação Paulista de Futebol - FPF","VIRADA HISTÓRICA EM BUSCA DO ACESSO!
Ferroviária vira o jogo nos acréscimos e segue firme na liderança na @cbfseriec!
#PaulistasEmCampo #FutebolPaulista
📷Guilherme Moro/Divulgação/Ferroviária",,0,"09/20/2026 16:41",N/A,https://www.facebook.com/futebolpaulista/posts/pfbid024RWYh7hESo2amckHFq2qmJk2goLfqLUyoK9CkDcuVWz3zHyuTYYcj3Z9mPH3ViEml,0,0,Fotos,,,,,Total,43042,30135,740,607,104,29,939,228,711,,0,,,,,1
1552691386893806,100064588783898,"Federação Paulista de Futebol - FPF","EMPATE COM SABOR DE VITÓRIA!
Inter de Limeira busca resultado nos acréscimos e soma mais um ponto na @cbfseriec!
#PaulistasEmCampo #FutebolPaulista
📷Divulgação/Inter de Limeira",,0,"09/20/2026 16:49",N/A,https://www.facebook.com/futebolpaulista/posts/pfbid0m2Qh1han9bU5Ss4QaXPmLMCAUgP7afD1FcTzHgdLGthu7UHYNhDjzcfmbbaeiLDgl,0,0,Fotos,,,,,Total,30443,22149,432,348,72,12,874,164,710,,0,,,,,
1553018560194422,100064588783898,"Federação Paulista de Futebol - FPF","IGUALDADE NA INCLUSÃO!
Hoje é dia de celebrar o Dia Nacional de Luta da Pessoa com Deficiência.
#DIaNacionaldaLutadaPessoacomDeficiencia",,0,"09/21/2026 03:00",N/A,https://www.facebook.com/futebolpaulista/posts/pfbid0QuAubayZjXmiFqtokipoHTSQJj2CEUjAJE2uXnagGdakN16yoMbMU7GAerPRYyWal,0,0,Fotos,,,,,Total,4064,3010,53,41,1,11,32,21,11,,0,,,,,
1553056660190612,100064588783898,"Federação Paulista de Futebol - FPF","O ÚLTIMO DUELO!
Juventus e União São João disputam pela última vaga na semifinal da Copa Paulista Rivalo! Quem vai levar a melhor?
#CopaPaulistaRivalo",,0,"09/21/2026 04:00",N/A,https://www.facebook.com/futebolpaulista/posts/pfbid0qSwfnXpH3xF3VdsnK8ntuw9UWrjxHHb3U1F8zp5hg7um2qPags1CG7DLoSGZz2tkl,0,0,Fotos,,,,,Total,7172,5386,69,59,4,6,116,28,88,,0,,,,,
1553098693519742,100064588783898,"Federação Paulista de Futebol - FPF","FAZ GOL E BAILA! É O RONY RÚSTICO DO PEIXÃO!
#PaulistasEmCampo #Santos #Brasileirão
🎥@santosfc","FAZ GOL E BAILA! É O RONY RÚSTICO DO PEIXÃO!
#PaulistasEmCampo #Santos #Brasileirão
🎥@santosfc",16,"09/21/2026 05:00",uploaded,https://www.facebook.com/reel/2125630121396350/,0,0,Vídeos,,,,,Total,309523,197592,3780,3684,63,33,3003,,3003,,0,2566841.729,13.231,0,,
1553392090157069,100064588783898,"Federação Paulista de Futebol - FPF","QUE SEQUÊNCIA DO PEIXÃO! 🐳🔥
#PaulistasEmCampo #Santos",,0,"09/21/2026 11:18",N/A,https://www.facebook.com/futebolpaulista/posts/pfbid02JSuZpaxewedNJ6srSmbS2brfwApCVP6JA6rTy4N6H2iL4HjQ2yZQozQ5xQDuu5uTl,0,0,Fotos,,,,,Total,16753,11996,293,277,13,3,180,62,118,,0,,,,,
1553442840151994,100064588783898,"Federação Paulista de Futebol - FPF","HAJA CORAÇÃO!
Terminou mais uma rodada do @brasileirao, então vem dar aquele confere na classificação 👀
#PaulistasEmCampo",,0,"09/21/2026 12:30",N/A,https://www.facebook.com/futebolpaulista/posts/pfbid02SRjsajAdDAfQYP1pPNDahwFTVP974WEY5Xj8NfmCiCjaxHzQQ9PYzfXgkSGgEN8Ql,0,0,Fotos,,,,,Total,25486,17427,128,117,9,2,431,186,245,,0,,,,,
1553478773481734,100064588783898,"Federação Paulista de Futebol - FPF","O AMADOR DO ESTADO VEM AÍ!
Confira os grupos e os detalhes da competição! 
#AmadorDoEstado",,0,"09/21/2026 13:25",N/A,https://www.facebook.com/futebolpaulista/posts/pfbid0fMuS6qhbmshtcQzDsBcMy8S5vEBGeDre9GNA2HerQcrgyfyBKETRD9hbPBphhE9il,0,0,Fotos,,,,,Total,4771,3113,32,29,1,2,287,258,29,,0,,,,,
1553487486814196,100064588783898,"Federação Paulista de Futebol - FPF","QUALQUER SEMELHANÇA...
O Kaio Cristian meteu um golaço na Copa Paulista Rivalo à la Alex pela Seleção 😮💨
#CopaPaulistaRivalo #GrêmioPrudente","QUALQUER SEMELHANÇA...
O Kaio Cristian meteu um golaço na Copa Paulista Rivalo à la Alex pela Seleção 😮💨
#CopaPaulistaRivalo #GrêmioPrudente",23,"09/21/2026 13:40",auto,https://www.facebook.com/reel/1552012502908581/,0,0,Vídeos,,,,,Total,4435,4222,40,35,2,3,44,,44,,0,26694.233,6.597,0,,
1553513136811631,100064588783898,"Federação Paulista de Futebol - FPF","SAI DA FRENTE QUE A LOCOMOTIVA TÁ PASSANDO! 🚂🔥
A Ferroviária segue firme no topo do grupo C em busca do acesso!
#PaulistasEmCampo #SérieC",,0,"09/21/2026 14:00",N/A,https://www.facebook.com/futebolpaulista/posts/pfbid02FGfo2girnJadZr2NQgF3UdnY5Up4uAw4ZzpwTzzrgWZ7a3Tc9czu5ACDy8Q4wmTtl,0,0,Fotos,,,,,Total,9487,7019,244,211,19,14,232,71,161,,0,,,,,
1553543443475267,100064588783898,"Federação Paulista de Futebol - FPF","LOCOMOTIVA LÍDER E LEÃO NA BUSCA PELA CLASSIFICAÇÃO!
Ferroviária e Inter de Limeira estão na busca pelo acesso na @cbfseriec!
#PaulistasEmCampo #SérieC",,0,"09/21/2026 15:00",N/A,https://www.facebook.com/futebolpaulista/posts/pfbid04scW61cdbTHefvTEVdQJHfyKEKTSqdTkSpDjSY2Sj9S7LU3hcqYu2o8PtzvGWYXsl,0,0,Fotos,,,,,Total,23094,16837,199,182,12,5,452,120,332,,0,,,,,
1553605720135706,100064588783898,"Federação Paulista de Futebol - FPF","GOLAÇO! 🔥
Felipe Augusto passou por todo mundo e abriu o placar pro Moleque Travesso! #CopaPaulistaRivalo #Juventus","GOLAÇO! 🔥
Felipe Augusto passou por todo mundo e abriu o placar pro Moleque Travesso! #CopaPaulistaRivalo #Juventus",24,"09/21/2026 16:45",N/A,https://www.facebook.com/reel/2266065950852523/,1,0,Vídeos,,,,,Total,5882,5526,45,44,0,1,91,,91,,0,42510.661,7.995,0,,
1553615123468099,100064588783898,"Federação Paulista de Futebol - FPF","CRISTALCOPO 🤝 RECICLA JUNTO 🤝 COPA PAULISTA RIVALO
Na partida entre Juventus e União São João pelas quartas de final da Copa Paulista Rivalo, foram distribuídas sacolas aos torcedores e instaladas PEVs (Pontos de Entrega Voluntária). 
#CopaPaulistaRivalo #Cristalcopo #ReciclaJunto",,0,"09/21/2026 17:02",N/A,https://www.facebook.com/futebolpaulista/posts/pfbid031MH7vNhykYrFY8GGzvpSxk6bD5LGQTjGkss55DbRHrHsWCQ4rLAxsYujAVuXNDa8l,0,0,Fotos,,,,,Total,3765,2881,9,9,0,0,26,20,6,,0,,,,,
1553622246800720,100064588783898,"Federação Paulista de Futebol - FPF","SEQUÊNCIA DE DEFESAÇA! 🧤
João Souto foi bem demais e salvou o União São João E.C.! 🔥 #CopaPaulistaRivalo","SEQUÊNCIA DE DEFESAÇA! 🧤
João Souto foi bem demais e salvou o União São João E.C.! 🔥 #CopaPaulistaRivalo",10,"09/21/2026 17:14",N/A,https://www.facebook.com/reel/1566102724727297/,1,0,Vídeos,,,,,Total,7246,5865,52,47,4,1,84,,84,,0,31566.2,5.581,0,,
1553653196797625,100064588783898,"Federação Paulista de Futebol - FPF","OLHA O EMPATE DO UNIÃO SÃO JOÃO! 
Alex Oliveira é o nome do gol! 
#CopaPaulistaRivalo","OLHA O EMPATE DO UNIÃO SÃO JOÃO! 
Alex Oliveira é o nome do gol! 
#CopaPaulistaRivalo",14,"09/21/2026 18:13",N/A,https://www.facebook.com/reel/1631254118701584/,1,0,Vídeos,,,,,Total,7350,6214,76,72,4,0,181,,181,,0,40863.704,6.766,0,,
1553663836796561,100064588783898,"Federação Paulista de Futebol - FPF","UNIÃO CLASSIFICADO!
O @uniaosaojoaodeararas está garantido na semifinal da Copa Paulista Rivalo!
#CopaPaulistaRivalo",,0,"09/21/2026 18:31",N/A,https://www.facebook.com/futebolpaulista/posts/pfbid0LESSBwMATyJhoHmURzJeWQLJc1pDArBMc69nUqE9NcnvPetFHcNsDyA8dQiwwL2Hl,0,0,Fotos,,,,,Total,9113,7129,127,110,8,9,182,28,154,,0,,,,,
1553665926796352,100064588783898,"Federação Paulista de Futebol - FPF","FIM DAS QUARTAS DE FINAL!
Vem conferir os resultados dos jogos de volta das quartas da Copa Paulista Rivalo!
#CopaPaulistaRivalo",,0,"09/21/2026 18:35",N/A,https://www.facebook.com/futebolpaulista/posts/pfbid0btXCD7yBrtA4wkEMsJriCjRFJeALWduUsYZ6nAQG23WBbcUiAB6kDfgSWsGSYxhfl,0,0,Fotos,,,,,Total,19557,13916,127,114,8,5,571,139,432,,0,,,,,
1553677970128481,100064588783898,"Federação Paulista de Futebol - FPF","Seu reel",,8,"09/21/2026 18:44",N/A,https://www.facebook.com/reel/1431304632265496/,1,0,Vídeos,,,,,Total,12567,8462,45,45,0,0,80,,80,,0,50460.604,6.182,0,,
1553679080128370,100064588783898,"Federação Paulista de Futebol - FPF","SEMIFINAIS DEFINIDAS!
São José, Noroeste, União São João e Grêmio Prudente disputam pelas duas vagas na final da Copa Paulista Rivalo!
#CopaPaulistaRivalo",,0,"09/21/2026 18:46",N/A,https://www.facebook.com/futebolpaulista/posts/pfbid02amyewMfKbm22sYwhGCvCW6AkzHd4tRhikkjYJ6CHzMVrPrrveF5haW8Y57wpWqPBl,0,0,Fotos,,,,,Total,26128,18693,411,309,66,36,1134,195,939,,0,,,,,
1553679193461692,100064588783898,"Federação Paulista de Futebol - FPF","HERÓI DA NOITE! 🔥
O goleirão do União São João E.C. brilhou na classificação na #CopaPaulistaRivalo!","HERÓI DA NOITE! 🔥
O goleirão do União São João E.C. brilhou na classificação na #CopaPaulistaRivalo!",20,"09/21/2026 18:46",N/A,https://www.facebook.com/reel/1443395544380323/,1,0,Vídeos,,,,,Total,5666,4635,74,66,6,2,124,,124,,0,33483.401,7.368,0,,
1553681076794837,100064588783898,"Federação Paulista de Futebol - FPF","EMPATE NO PACAEMBU!
Com a vantagem do jogo de ida, o União São João se classifica para a semifinal da Copa Paulista Rivalo!
#CopaPaulistaRivalo
📷Bruno Costa/Divulgação/Juventus",,0,"09/21/2026 18:50",N/A,https://www.facebook.com/futebolpaulista/posts/pfbid02fi7CT7Rk6Hmw3CukkwMuAQUuwapVouuaoLaGQVYJqr2T1csdYDCnMt7X98wnSSoel,0,0,Fotos,,,,,Total,20468,15804,153,128,12,13,319,86,233,,0,,,,,
1553685793461032,100064588783898,"Federação Paulista de Futebol - FPF","AHAAA, UHUUU… 🤩
A torcida do União São João E.C. fez festa depois da classificação! #CopaPaulistaRivalo","AHAAA, UHUUU… 🤩
A torcida do União São João E.C. fez festa depois da classificação! #CopaPaulistaRivalo",14,"09/21/2026 18:58",N/A,https://www.facebook.com/reel/1634121861380853/,1,0,Vídeos,,,,,Total,12186,9779,175,155,12,8,413,,412,1,0,66983.514,7.005,0,,
1554174960078782,100064588783898,"Federação Paulista de Futebol - FPF","VAMOS INVADIR SUA PRAIA!
O Verdão só tem decisão contra os cariocas nesta reta final da temporada.
#PaulistasEmCampo #Palmeiras",,0,"09/22/2026 08:00",N/A,https://www.facebook.com/futebolpaulista/posts/pfbid0FvtpUqn99LdpFaVPXjUzykTRAfVMYu2Wy9pCyE7ec1gSVQpzNHwW6A8ARm9oegE1l,0,0,Fotos,,,,,Total,0,0,9,9,0,0,0,,,,0,,,,,
1541310904698521,100064588783898,"Federação Paulista de Futebol - FPF","TUDO DEFINIDO PARA AS QUARTAS DE FINAL!
Restam oito na disputa pelo título da Copa Paulista Rivalo! Vem conferir os confrontos de ida e volta dessa fase 👀
#CopaPaulistaRivalo",,0,"09/08/2026 11:10",N/A,https://www.facebook.com/futebolpaulista/posts/pfbid07Wj1Lv7ZL6En1984NuBY6mjq8yL3dbfntfSWBNJtqsLBp27dqJQF4AxDTQyziaKEl,0,0,Fotos,,,,,Total,10279,6583,107,85,9,13,618,518,100,,0,,,,
1545303747632570,100064588783898,"Federação Paulista de Futebol - FPF","PRIMEIRO DIA CONCLUÍDO!
Vem conferir como terminou o sábado de Copa Paulista Rivalo por aqui.
#CopaPaulistaRivalo",,0,"09/12/2026 16:25",N/A,https://www.facebook.com/futebolpaulista/posts/pfbid02XUKA7g6rK9sHyzwXzJMeRauEjV7wqwZ572cFULYUQQmH3S8WqVBBc1HZvfmTkixrl,0,0,Fotos,,,,,Total,8945,6476,81,74,4,3,180,38,142,,0,,,,
1545293957633549,100064588783898,"Federação Paulista de Futebol - FPF","TUDO IGUAL!
Primavera e Noroeste ficaram no empate no encerramento do primeiro dia das quartas na #CopaPaulistaRivalo.
📷 Tainá Araújo/Primavera",,0,"09/12/2026 16:09",N/A,https://www.facebook.com/futebolpaulista/posts/pfbid0GRciA9GsJXwuKbffpFbxNQSYnFEVVfjAwNkqgGq66RpVay42fuU41UBhaQEYrdc8l,0,0,Fotos,,,,,Total,15793,11542,166,125,36,5,317,63,254,,0,,,,
1545283270967951,100064588783898,"Federação Paulista de Futebol - FPF","CAAARLOS MIGUEEL!!!
Que defesa do Paredão Alviverde!
#ChoqueRei #PaulistasEmCampo","CAAARLOS MIGUEEL!!!
Que defesa do Paredão Alviverde!
#ChoqueRei #PaulistasEmCampo",6,"09/12/2026 15:52",N/A,https://www.facebook.com/reel/3714270232062797/,1,0,Vídeos,,,,,Total,46699,30769,294,284,6,4,431,,431,,0,150889.623,4.965,0,
1545280000968278,100064588783898,"Federação Paulista de Futebol - FPF","FAZ O TIGRE! 🐯🐯🐯🐯
Vitor Roque amplia para o Palmeiras no Choque-Rei!
#PaulistasEmCampo #Palmeiras #SãoPaulo","FAZ O TIGRE! 🐯🐯🐯🐯
Vitor Roque amplia para o Palmeiras no Choque-Rei!
#PaulistasEmCampo #Palmeiras #SãoPaulo",23,"09/12/2026 15:46",N/A,https://www.facebook.com/reel/1828307945187800/,1,0,Vídeos,,,,,Total,51967,44399,2063,1940,43,80,1226,,1226,,0,438689.954,10.395,0,
1545267854302826,100064588783898,"Federação Paulista de Futebol - FPF","MURILO ABRE O PLACAR CHOQUE-REI! 🐷🔥
O zagueiro do Palmeiras apareceu na hora certa para balançar as redes no Nubank Parque!
#PaulistasEmCampo #Palmeiras #SãoPaulo","MURILO ABRE O PLACAR CHOQUE-REI! 🐷🔥
O zagueiro do Palmeiras apareceu na hora certa para balançar as redes no Nubank Parque!
#PaulistasEmCampo #Palmeiras #SãoPaulo",35,"09/12/2026 15:23",N/A,https://www.facebook.com/reel/942515388902988/,1,0,Vídeos,,,,,Total,66971,66304,2309,2200,42,67,1624,,1624,,0,587145.281,9.329,0,
1545264997636445,100064588783898,"Federação Paulista de Futebol - FPF","UNIÃO NA FRENTE!
Alex Oliveira marca no final do segundo tempo e garante a vantagem para o @uniaosaojoaodeararas na Copa Paulista Rivalo.
#CopaPaulistaRivalo 
📷Reprodução/União São João",,0,"09/12/2026 15:19",N/A,https://www.facebook.com/futebolpaulista/posts/pfbid02jx3nXX6Cn7dHaJtC9cYetbt9GVweaAPJrCf3WhfMKaXaNXCjTLRJiN4ar51ruSzbl,0,0,Fotos,,,,,Total,12774,9457,131,120,5,6,172,59,113,,0,,,,
1545258380970440,100064588783898,"Federação Paulista de Futebol - FPF","GIAY TÁ CONFIANTE! 💪
O lateral do Verdão tá na melhor fase e teve a chance de abrir o placar no Choque-Rei! 
#PaulistasEmCampo #Palmeiras #SãoPauli","GIAY TÁ CONFIANTE! 💪
O lateral do Verdão tá na melhor fase e teve a chance de abrir o placar no Choque-Rei! 
#PaulistasEmCampo #Palmeiras #SãoPauli",6,"09/12/2026 15:06",N/A,https://www.facebook.com/reel/4682907298596151/,1,0,Vídeos,,,,,Total,32389,21277,296,287,4,5,375,,375,,0,114645.957,5.615,0,
1545236150972663,100064588783898,"Federação Paulista de Futebol - FPF","EQUIPES EM CAMPO PARA O CHOQUE-REI!
Vai começar o clássico no Nubank Parque! 
#PaulistasEmCampo #Palmeiras #SãoPaulo","EQUIPES EM CAMPO PARA O CHOQUE-REI!
Vai começar o clássico no Nubank Parque! 
#PaulistasEmCampo #Palmeiras #SãoPaulo",28,"09/12/2026 14:28",N/A,https://www.facebook.com/reel/1395224618662450/,1,0,Vídeos,,,,,Total,7579,6944,138,129,5,4,135,,135,,0,46605.522,6.816,0,
1545070520989226,100064588783898,"Federação Paulista de Futebol - FPF","DUELO DE ARGENTINOS! 🔥
Flaco López e Calleri se enfrentam no Choque-Rei desse sábado no @brasileirao!
#PaulistasEmCampo #Palmeiras #SãoPaulo",,0,"09/12/2026 10:00",N/A,https://www.facebook.com/futebolpaulista/posts/pfbid0sWXbxTFVcZh9esmFLSEXFvtKDzvx2JdLNDTQfJDdi7yEgQGEcNq4pAfjT4yiKzXJl,0,0,Fotos,,,,,Total,11297,8037,90,86,1,3,124,62,62,,0,,,,
1544891717673773,100064588783898,"Federação Paulista de Futebol - FPF","DOSE TRIPLA!
Três confrontos no @brasileiro com direito à Choque-Rei recheiam esse sábado de #FutebolPaulista!
#PaulistasEmCampo",,0,"09/12/2026 06:00",N/A,https://www.facebook.com/futebolpaulista/posts/pfbid02ycNJmsh86rs6ex1eDNuLPW2QgA6ZpoJEyQQxy3MtJwxyQD4vvqZbrxPrPShG2qWFl,0,0,Fotos,,,,,Total,14215,10075,147,136,1,10,189,133,56,,0,,,,
1544829734346638,100064588783898,"Federação Paulista de Futebol - FPF","PARA INAUGURAR AS QUARTAS!
São dois confrontos nesse sábado pelas quartas de final da Copa Paulista Rivalo!
#CopaPaulistaRivalo",,0,"09/12/2026 04:30",N/A,https://www.facebook.com/futebolpaulista/posts/pfbid0xPAUexWEEVQiejAggrwKb5nYWQsteg7w5nKEkRGrXnMyFtRmuDrBfVwfdxzQpqqZl,0,0,Fotos,,,,,Total,12428,9338,100,89,4,7,116,51,65,,0,,,,
1544773101018968,100064588783898,"Federação Paulista de Futebol - FPF","PARABÉNS, FBF!
A Federação Boliviana de Futebol completa 101 nesse sábado (12)!
#FPF #Aniversário",,0,"09/12/2026 03:00",N/A,https://www.facebook.com/futebolpaulista/posts/pfbid02yRSuvqrm6vPsdBAX7QFxHEFy7dWxw5CTjuKFodZSZTTAzZV7LoZagtfAWUPdgcGsl,0,0,Fotos,,,,,Total,2817,2082,28,24,0,4,23,6,17,,0,,,,
1544538934375718,100064588783898,"Federação Paulista de Futebol - FPF","HOJE É DIA DE CHOQUE-REI!
O Nubank Parque vai receber mais um confronto entre Palmeiras e São Paulo pelo @brasileirao!
#PaulistasEmCampo",,0,"09/11/2026 20:05",N/A,https://www.facebook.com/futebolpaulista/posts/pfbid0rENiU5Rd6HoFjYPYet7e93tjno89EZksFG6noN5NEoLVYzRg6UEwWHVdgJCaSEXfl,0,0,Fotos,,,,,Total,21557,16107,270,244,14,12,201,105,96,,0,,,,
1544400921056186,100064588783898,"Federação Paulista de Futebol - FPF","TUDO ATUALIZADO! ✅
Antes do Choque-Rei desse sábado, vem conferir o desempenho das minhas equipes nos clássicos desse ano!
#PaulistasEmCampo",,0,"09/11/2026 16:00",N/A,https://www.facebook.com/futebolpaulista/posts/pfbid02UZhB4knpuoVrvPQVgufR3yRoSJ6TbtoKSmz9nQpgotiBmDQd1EjhDeTKwEDse2pMl,0,0,Fotos,,,,,Total,6982,4571,54,45,3,6,340,294,46,,0,,,,
1544377584391853,100064588783898,"Federação Paulista de Futebol - FPF","AS QUARTAS DE FINAL VEM AÍ!
Começando no sábado e terminando na terça-feira, esses são os confrontos de ida das quartas da Copa Paulista Rivalo!
#CopaPaulistaRivalo",,0,"09/11/2026 15:16",N/A,https://www.facebook.com/futebolpaulista/posts/pfbid02cK6MJjXR9rAf5j51XV79Ax4yxYUsRvNCAvVfJfV47guh1NuXBLVFVhTFtLbJSUE5l,0,0,Fotos,,,,,Total,28847,20825,180,150,21,9,418,219,199,,0,,,,
1544336667729278,100064588783898,"Federação Paulista de Futebol - FPF","MENINO DA VILA, SANTISTA E CRUEL! 🔥
Gabigol tá voando esse ano no Peixão! 
#PaulistasEmCampo #Santos",,0,"09/11/2026 14:00",N/A,https://www.facebook.com/futebolpaulista/posts/pfbid0eouYNhCjboi3Cmy5Whp5i2z9akhh9fDKx8K3nX5uMKmhKtYCZQw9Wp5vmF1iu8Q5l,0,0,Fotos,,,,,Total,20263,14752,302,286,10,6,254,82,172,,0,,,,
1544320934397518,100064588783898,"Federação Paulista de Futebol - FPF","OS CONVOCADOS DE SÃO PAULO PÓS-COPA DESDE 2010! 🇧🇷
Ancelotti definiu a primeira lista de jogadores da #SeleçãoBrasileira depois da Copa do Mundo de 2026, mas você lembra dos paulistas presentes nas outras primeiras convocações depois de cada Copa? 
#PaulistasEmCampo #CopaDoMundo",,0,"09/11/2026 13:30",N/A,https://www.facebook.com/futebolpaulista/posts/pfbid0Dh9oi59tErq7AKa8oeaGQVbBNtbc4cbKLz2Qe8zVciBEnjyGGbw7hq7ZGWrtxvV8l,0,0,Fotos,,,,,Total,9150,6038,25,22,0,3,537,497,40,,0,,,,
1544302057732739,100064588783898,"Federação Paulista de Futebol - FPF","CORINGÃO DOMINOU A SELEÇÃO! 🇧🇷🤝🦅
O Corinthians foi a equipe que teve mais jogadores convocados para os próximos amistosos da #SeleçãoBrasileira!
#PaulistasEmCampo #HugoSouza #BrenoBidon #Matheuzinho",,0,"09/11/2026 13:00",N/A,https://www.facebook.com/futebolpaulista/posts/pfbid02CYrvK4md8S5XyMEXbzJsTcX7vgcmeXXZWvbJL9TahuZB3w3gDZ8rnBmJm8X3CxDXl,0,0,Fotos,,,,,Total,19925,14397,358,317,36,5,228,80,148,,0,,,,
1544227464406865,100064588783898,"Federação Paulista de Futebol - FPF","QUE DUPLA! 🐯
Robson e Rômulo somam 56 participações em gols do Novorizontino nesse ano!
#PaulistasEmCampo",,0,"09/11/2026 11:15",N/A,https://www.facebook.com/futebolpaulista/posts/pfbid0JWWevVmP1T7nXfQw2AMFABhTqYsYnv5nCp2qnyWeDdyPtJDikrFZAzB5ZaQJEV2rl,0,0,Fotos,,,,,Total,12857,9354,125,105,13,7,243,159,84,,0,,,,
1544175204412091,100064588783898,"Federação Paulista de Futebol - FPF","GOL DO OLIVA É BOM PRESSÁGIO!
O uruguaio marcou três vezes em três vitórias do Peixão nos últimos jogos!
#PaulistasEmCampo #Santos",,0,"09/11/2026 10:00",N/A,https://www.facebook.com/futebolpaulista/posts/pfbid0ULhSYdEi2VayCTVLT5NYXbmMDRNS92CqSwCbVTPHV6gEc3iSM3DkFrXdoWCS5Lh7l,0,0,Fotos,,,,,Total,39988,29197,352,343,2,7,247,149,98,,0,,,,
1544000421096236,100064588783898,"Federação Paulista de Futebol - FPF","63 ANOS DA SEGUNDA LIBERTADORES DO PEIXÃO! 🏆🐳
No dia 11 de setembro de 1963, o Santos conquistava o bicampeonato da @libertadoresbr!
#PaulistasEmCampo #BaúDoPaulistão #Santos",,0,"09/11/2026 06:00",N/A,https://www.facebook.com/futebolpaulista/posts/pfbid02ez4ZWKVcWN1off1oGwmHN9wisTchWp2MHYqrDy9qjiFSzvuopvjeZLd5wuCXbRnel,0,0,Fotos,,,,,Total,12780,9111,527,493,17,17,233,79,154,,0,,,,1
1543954584434153,100064588783898,"Federação Paulista de Futebol - FPF","PARABÉNS, XERIFE! 🎉
Ricardo Rocha, bicampeão paulista e campeão do mundo com a Seleção Brasileira em 1994, completa 64 anos!
#FutebolPaulista #Aniversário",,0,"09/11/2026 05:00",N/A,https://www.facebook.com/futebolpaulista/posts/pfbid02mujg2VmbDAoyRKj42M7aH7RcXWhf6HC6bYvFZaFz8eAwLx8ZuGvc8966RkA5m2cil,0,0,Fotos,,,,,Total,9580,7110,103,92,6,5,70,42,28,,0,,,,
1543913871104891,100064588783898,"Federação Paulista de Futebol - FPF","DIA DOS DONOS DO APITO! 
Parabéns a todos os árbitros e assistentes do quadro da FPF!
#DiaDoÁrbitroEsportivo #Arbitragem #FPF",,0,"09/11/2026 04:00",N/A,https://www.facebook.com/futebolpaulista/posts/pfbid02yVhwrkHyJza9JnbRXSEtfbyvfCvRU2gn9nPrXLrFEdKmZppJoqR3BT9Le6j1BCeTl,0,0,Fotos,,,,,Total,6810,4785,109,75,18,16,134,63,71,,0,,,,
1543626817800263,100064588783898,"Federação Paulista de Futebol - FPF","Não foi uma boa noite para as minhas equipes no @brasileiraob 😢
#PaulistasEmCampo",,0,"09/10/2026 19:50",N/A,https://www.facebook.com/futebolpaulista/posts/pfbid0i6hN8kj1Tm4mb7HoHJpvUi8togSfVk6BA161WXQxX1jmBVWvwVtpH3PVj9Mo8noLl,0,0,Fotos,,,,,Total,11492,8151,43,37,5,1,87,50,37,,0,,,,
1543616427801302,100064588783898,"Federação Paulista de Futebol - FPF","A Ponte Preta foi superada pelo Sport pelo @brasileiraob.
#PaulistasEmCampo
📷  Paulo Paiva/Sport Club do Recife.",,0,"09/10/2026 19:32",N/A,https://www.facebook.com/futebolpaulista/posts/pfbid0PKyqX88ei3WUX4FFmgGYXtxMksAha3xKNXcMKtSoG6DWZf6m5QpvfUitEMTUy3ffl,0,0,Fotos,,,,,Total,26001,18289,367,263,97,7,718,96,622,,0,,,,
1543590414470570,100064588783898,"Federação Paulista de Futebol - FPF","O São Bernardo FC sofre revés em casa pelo @brasileiraob.
#PaulistasEmCampo
📷 Janes Carvalho/São Bernardo FC",,0,"09/10/2026 18:46",N/A,https://www.facebook.com/futebolpaulista/posts/pfbid0PNGszcd23WAP9KuWYhn6P9z6vSicZv4HLGoqY6wZMJQpB7wmesDesYFHiiUt8cqsl,0,0,Fotos,,,,,Total,18330,13633,99,87,10,2,204,79,125,,0,,,,
1543504367812508,100064588783898,"Federação Paulista de Futebol - FPF","PASSOU PELO PAULISTÃO? VAI PRA SELEÇÃO!
Lembra de todos eles por aqui ? 👀 13 dos 23 convocados por Carlo Ancelotti jogam ou já jogaram alguma divisão do Paulistão!
#Paulistão #SeleçãoBrasileira #Brasil",,0,"09/10/2026 16:12",N/A,https://www.facebook.com/futebolpaulista/posts/pfbid029nyftMqZzefro7V2d9gSpjpMkZ3kks1vDSYxwmEmgkYSyuCScNAw1T7gDbyivrHUl,0,0,Fotos,,,,,Total,18382,12362,50,48,0,2,956,868,88,,0,,,,
1543494737813471,100064588783898,"Federação Paulista de Futebol - FPF","CINCO VITÓRIAS SEGUIDAS E CONTANDO...
NINGUÉM SEGURA O NOVORIZONTINO NO @brasileiraob!
#FutebolPaulista #PaulistasEmCampo",,0,"09/10/2026 15:56",N/A,https://www.facebook.com/futebolpaulista/posts/pfbid02u9eeLzN8dfyTVMrtE8iZUQm5ftf76xbd3iL9afXtKyGFK8nByuuarSmL73cDX42Hl,0,0,Fotos,,,,,Total,18785,12283,274,232,35,7,466,101,365,,0,,,,
1543355037827441,100064588783898,"Federação Paulista de Futebol - FPF","O QUE MAIS VENCEU MATA-MATAS EM CASA! 🐳
Precisando de uma vitória em confronto decisivo na Vila Belmiro? Chama o Peixão!
#PaulistasEmCampo #Santos
📝@r10score",,0,"09/10/2026 12:00",N/A,https://www.facebook.com/futebolpaulista/posts/pfbid026rHK8MYj7cFbwp5NYkR3EzdteYk82qgyNA6vZipv8S2MyPEpQRywDzd3Lgdw92YUl,0,0,Fotos,,,,,Total,22722,15996,240,215,22,3,294,102,192,,0,,,,
1543153587847586,100064588783898,"Federação Paulista de Futebol - FPF","A DISPUTA DO VERDÃO COMEÇA EM CASA!
Pelo sorteio dos mandos da @copadobrasilcbf, o Palmeiras faz o primeiro jogo em São Paulo e viaja para o Rio de Janeiro para decidir quem fica com a vaga para a final!
#PaulistasEmCampo #CopaDoBrasil",,0,"09/10/2026 07:25",N/A,https://www.facebook.com/futebolpaulista/posts/pfbid06PrXPmSXidyYLhf3mRzM9vUBdnFcGKfXsF73GZaUHf6WUzjHA7B5aiTGpEHi7iUil,0,0,Fotos,,,,,Total,105679,76374,983,933,19,31,2015,1059,956,,0,,,,
1543090071187271,100064588783898,"Federação Paulista de Futebol - FPF","BERNÔ E MACACA PELA VITÓRIA!
O objetivo é um só: somar pontos no @brasileiraob!
#PaulistasEmCampo",,0,"09/10/2026 06:00",N/A,https://www.facebook.com/futebolpaulista/posts/pfbid0f5Jdv2yrfMqCosCd5sTcgASYQDMxy8zZ5BZ88FX3HMB419zbu9CkkVXqJyyAQvjul,0,0,Fotos,,,,,Total,6348,4699,31,23,0,8,44,24,20,,0,,,,
1543001277862817,100064588783898,"Federação Paulista de Futebol - FPF","💛🤝 O dia 10 de setembro marca o Dia Mundial de Prevenção ao Suicídio! Você não está sozinho. Se precisar, peça ajuda, ligue 188 para o Centro de Valorização da Vida (CVV).
#FPF #DiaMundialDePrevençaoAoSuicídio",,0,"09/10/2026 04:00",N/A,https://www.facebook.com/futebolpaulista/posts/pfbid02Fj6ffjNKSskDwsKK5FDrqqVx77niH4u3NAc9dbZEww4wBLoZSZC9BUPBVkEWWFxMl,0,0,Fotos,,,,,Total,2308,1655,29,19,0,10,6,5,1,,0,,,,
1542526504576961,100064588783898,"Federação Paulista de Futebol - FPF","A quarta-feira dos paulistas na Libertadores, Sudamericana e Brasileirão Série B! 👏 #PaulistasEmCampo",,0,"09/09/2026 19:44",N/A,https://www.facebook.com/futebolpaulista/posts/pfbid0MuJrjhoFvvUdhEqQpLk9vBnj6zPvoK8chtr9QYQGyPsaaCm43LmVEzfeqmGvvndYl,0,0,Fotos,,,,,Total,74996,50986,332,305,6,21,842,532,310,,0,,,,
1542521717910773,100064588783898,"Federação Paulista de Futebol - FPF","EMPATE IMPORTANTE! ⚫⚪
O Corinthians buscou o resultado na Argentina e agora decide em casa em busca da vaga na semifinal da @libertadoresbr! #PaulistasEmCampo #Corinthians
📷 Rodrigo Coca/Ag. Corinthians",,0,"09/09/2026 19:36",N/A,https://www.facebook.com/futebolpaulista/posts/pfbid05ieXXmrLbUvj64MMChrZTpi6TfSPoXYX2UkGLTHEDTe6JcyVvL4Vf3pcHmwRt66rl,0,0,Fotos,,,,,Total,11778,8175,300,264,30,6,298,51,247,,0,,,,
1542483434581268,100064588783898,"Federação Paulista de Futebol - FPF","O GARÇOM DA NOITE NA VILA BELMIRO! 
#FutebolPaulista #PaulistasEmCampo #Santos #Gabigol
📷 Raul Baretta/Santos FC",,0,"09/09/2026 18:34",N/A,https://www.facebook.com/futebolpaulista/posts/pfbid02VWJF2rX3FrNmVPQAGJLxrstUkvBnuFAdPkDB3nHMZizemfUxdccBj6jU7ZRbJcZal,0,0,Fotos,,,,,Total,4649,3490,84,83,0,1,24,14,10,,0,,,,
1542473084582303,100064588783898,"Federação Paulista de Futebol - FPF","QUE ESTILO! 😎
O Príncipe Neymar ficou feliz com a vitória do Peixão na CONMEBOL Sudamericana! 
#FutebolPaulista #PaulistasEmCampo #Santos #neymarjr 
📷 Raul Baretta/Santos FC",,0,"09/09/2026 18:19",N/A,https://www.facebook.com/futebolpaulista/posts/pfbid0gWCHTrpoHwSxmVfrq3orsKuTz8AjGNmrWSAs2cKrTNrmeEuwL1mr36C18WmAsd4zl,0,0,Fotos,,,,,Total,5687,4124,113,96,10,7,65,18,47,,0,,,,
1542458801250398,100064588783898,"Federação Paulista de Futebol - FPF","Robson, vice-artilheiro do @brasileiraob! 🤩🔥 #PaulistasEmCampo #Novorizontino
📷 Juan Rodrigues/Novorizontino",,0,"09/09/2026 17:56",N/A,https://www.facebook.com/futebolpaulista/posts/pfbid02cx7ceCjv2iixer6E5YvfAPKeRYwUiQwqrb5fFFBaHDA6XNp4XKbUZtZgvYB3owjPl,0,0,Fotos,,,,,Total,4932,3666,43,40,3,0,71,25,46,,0,,,,
1542445417918403,100064588783898,"Federação Paulista de Futebol - FPF","VITÓRIA IMPORTANTE DE OLHO NO TOPO DA TABELA! 🤩
No confronto paulista, o Novorizontino levou a melhor pelo @brasileiraob! #PaulistasEmCampo #Novorizontino
📷 Juan Rodrigues/Novorizontino",,0,"09/09/2026 17:35",N/A,https://www.facebook.com/futebolpaulista/posts/pfbid0xvHkBxF6fDtVjh2BL31J9DW4zqK3pKmiAzVnVTWifeK3KxyZcPv5bMqqUWoasd8il,0,0,Fotos,,,,,Total,44448,33224,462,403,49,10,727,259,468,,0,,,,
1542440734585538,100064588783898,"Federação Paulista de Futebol - FPF","FASE ARTILHEIRA DO OLIVA!
Coloca mais um gol na conta do uruguaio com a camisa do Santos!
#FutebolPaulista #PaulistasEmCampo
🎥@sudamericanabr","FASE ARTILHEIRA DO OLIVA!
Coloca mais um gol na conta do uruguaio com a camisa do Santos!
#FutebolPaulista #PaulistasEmCampo
🎥@sudamericanabr",41,"09/09/2026 17:29",N/A,https://www.facebook.com/reel/1485272276897237/,0,0,Vídeos,,,,,Total,22512,22370,698,667,10,21,467,,467,,0,258173.408,12.134,0,
1542437767919168,100064588783898,"Federação Paulista de Futebol - FPF","O PRIMEIRO DE GIAY COM A CAMISA DO PALMEIRAS!
O GOL DA VITÓRIA DO VERDÃO NO NUBANK PARQUE!
#FutebolPaulista #PaulistasEmCampo
🎥@sudamericanabr","O PRIMEIRO DE GIAY COM A CAMISA DO PALMEIRAS!
O GOL DA VITÓRIA DO VERDÃO NO NUBANK PARQUE!
#FutebolPaulista #PaulistasEmCampo
🎥@sudamericanabr",35,"09/09/2026 17:24",N/A,https://www.facebook.com/reel/1437552698217698/,0,0,Vídeos,,,,,Total,166190,170380,6570,6207,163,200,4539,,4539,,0,1796297.944,11.627,0,
1542431414586470,100064588783898,"Federação Paulista de Futebol - FPF","VANTAGEM ALVIVERDE!🐷💚⚽
#FutebolPaulista #PaulistasEmCampo
📷Cesar Greco/Palmeiras",,0,"09/09/2026 17:14",N/A,https://www.facebook.com/futebolpaulista/posts/pfbid02nNiDaZBvX8htFxpZ7kV7aEwTXKxRn8ejFHMQpAyXseH6FPLhCVnzdRfTQPfqnJXvl,0,0,Fotos,,,,,Total,8112,5968,217,203,3,11,90,42,48,,0,,,,
1542422121254066,100064588783898,"Federação Paulista de Futebol - FPF","NA VILA QUEM MANDA É O PEIXÃO!⚽⚽
#PaulistasEmCampo #Santos #FutebolPaulista
📷Raul Baretta/Santos FC",,0,"09/09/2026 16:59",N/A,https://www.facebook.com/futebolpaulista/posts/pfbid02aJM5er5EtGkLBL8ktVKFHKGLw3wD9XR8uC2o6rng2RPdSbsGmSHuCgXmub5CPDowl,0,0,Fotos,,,,,Total,25883,18504,542,506,16,20,490,146,344,,0,,,,
1542418357921109,100064588783898,"Federação Paulista de Futebol - FPF","É O RODILINDO DESFILANDO NA VILA BELMIRO! 
#PaulistasEmCampo #Santos #Rodinei
🎥 Sudamericana","É O RODILINDO DESFILANDO NA VILA BELMIRO! 
#PaulistasEmCampo #Santos #Rodinei
🎥 Sudamericana",16,"09/09/2026 16:53",N/A,https://www.facebook.com/reel/4812524595641562/,1,0,Vídeos,,,,,Total,839247,574646,17161,16393,518,250,10740,,10740,,0,7013988.614,12.564,0,
1542407361255542,100064588783898,"Federação Paulista de Futebol - FPF","É O VAN DIJK DA BAIXADA!
#FutebolPaulista #PaulistasEmCampo #Santos
📷Raul Baretta/Santos FC",,0,"09/09/2026 16:33",N/A,https://www.facebook.com/futebolpaulista/posts/pfbid0dPLsYEz1uzR2ccRNzFHfm93xZd55aK5pKxtToKeZaTZpDzBMeuSjfHBpNkK5K3a3l,0,0,Fotos,,,,,Total,5606,4128,131,128,2,1,62,19,43,,0,,,,
1542404954589116,100064588783898,"Federação Paulista de Futebol - FPF","O PRIMEIRO GOL DE GIAY COM A CAMISA DO PALMEIRAS!💚🐷⚽
#FutebolPaulista #PaulistasEmCampo
📷Cesar Greco/Palmeiras",,0,"09/09/2026 16:29",N/A,https://www.facebook.com/futebolpaulista/posts/pfbid02qtc9GwH9najKKGdNYsE8hy8i1no7PXkT5DMfJa5h3Dtnd8VQ3hUiDX7GBEPFgWywl,0,0,Fotos,,,,,Total,9813,7263,347,324,13,10,111,35,76,,0,,,,
1542402591256019,100064588783898,"Federação Paulista de Futebol - FPF","Aquele encontro especial do Deyverson com os antigos companheiros de Palmeiras!
#PaulistasEmCampo 
🎥 @libertadoresbr","Aquele encontro especial do Deyverson com os antigos companheiros de Palmeiras!
#PaulistasEmCampo 
🎥 @libertadoresbr",90,"09/09/2026 16:25",N/A,https://www.facebook.com/reel/38492057100442125/,0,0,Vídeos,,,,,Total,590369,586154,18948,17891,638,419,22595,,22595,,0,14831227.204,27.028,0,
1542377194591892,100064588783898,"Federação Paulista de Futebol - FPF","AQUELA LIGAÇÃO ESPECIAL DO NEYMAR PARA O GABRIEL BONTEMPO!
E de Seleção Brasileira o menino Ney entende, hein?!🥰
#PaulistasEmCampo #Santos #Convocação
🎥@santosfc","AQUELA LIGAÇÃO ESPECIAL DO NEYMAR PARA O GABRIEL BONTEMPO!
E de Seleção Brasileira o menino Ney entende, hein?!🥰
#PaulistasEmCampo #Santos #Convocação
🎥@santosfc",39,"09/09/2026 15:40",auto,https://www.facebook.com/reel/1013611485058088/,0,0,Vídeos,,,,,Total,1926,1842,41,35,5,1,25,,25,,0,10729.975,5.941,0,
1542360064593605,100064588783898,"Federação Paulista de Futebol - FPF","É O MATHEUZINHO! 
O lateral do Timão vai brilhar na Seleção Brasileira! 
#Corinthians #PaulistasEmCampo","É O MATHEUZINHO! 
O lateral do Timão vai brilhar na Seleção Brasileira! 
#Corinthians #PaulistasEmCampo",7,"09/09/2026 15:10",N/A,https://www.facebook.com/reel/2318415385580764/,1,0,Vídeos,,,,,Total,258520,181104,396,354,39,3,3041,,3040,1,0,1036801.346,5.984,0,
1542350927927852,100064588783898,"Federação Paulista de Futebol - FPF","EVERTON CEBOLINHA É DO PEIXÃO!
O novo camisa 7 do Santos chegou para reforçar o elenco até o final da temporada 2026!
#PaulistasEmCampo #Santos
📷Raul Baretta/Santos FC",,0,"09/09/2026 14:52",N/A,https://www.facebook.com/futebolpaulista/posts/pfbid0nc33kWAbDF8biRoCYobizYsJ1zoH4shtDvVojQHt9rsKM7tmrLtpv3AAAU8uyxKBl,0,0,Fotos,,,,,Total,15128,10377,244,231,10,3,430,169,261,,0,,,,
1542331564596455,100064588783898,"Federação Paulista de Futebol - FPF","É O MENINO DA VILA, PARÇA! 🇧🇷🥰
Que dia para o Gabriel Bontempo, convocado por Carlo Ancelotti para defender a #SeleçãoBrasileira!
#PaulistasEmCampo #Santos #Convocação
🎥@santosfc","É O MENINO DA VILA, PARÇA! 🇧🇷🥰
Que dia para o Gabriel Bontempo, convocado por Carlo Ancelotti para defender a #SeleçãoBrasileira!
#PaulistasEmCampo #Santos #Convocação
🎥@santosfc",111,"09/09/2026 14:18",auto,https://www.facebook.com/reel/1500739728763531/,0,0,Vídeos,,,,,Total,2945,2792,60,58,1,1,36,,36,,0,23177.5,8.254,0,
1542294277933517,100064588783898,"Federação Paulista de Futebol - FPF","A REAÇÃO DOS CORINTHIANOS CONVOCADOS!
Hugo Souza, Matheuzinho e Breno Bidon foram chamados para defender a Amarelinha nos próximos amistosos da #SeleçãoBrasileira!
#PaulistasEmCampo #Corinthians #Convocação
🎥@corinthians","A REAÇÃO DOS CORINTHIANOS CONVOCADOS!
Hugo Souza, Matheuzinho e Breno Bidon foram chamados para defender a Amarelinha nos próximos amistosos da #SeleçãoBrasileira!
#PaulistasEmCampo #Corinthians #Convocação
🎥@corinthians",114,"09/09/2026 13:10",auto,https://www.facebook.com/reel/1087148423731628/,0,0,Vídeos,,,,,Total,6737,6621,132,105,24,3,253,,253,,0,69072.806,10.867,0,
1542269047936040,100064588783898,"Federação Paulista de Futebol - FPF","GARRA NÃO VAI FALTAR NA SELEÇÃO, NÉ, @matheuzinhoo? 🔥
#Seleção #PaulistãoCasasBahia","GARRA NÃO VAI FALTAR NA SELEÇÃO, NÉ, @matheuzinhoo? 🔥
#Seleção #PaulistãoCasasBahia",25,"09/09/2026 12:30",N/A,https://www.facebook.com/reel/1489298662933923/,0,0,Vídeos,,,,,Total,16156,15071,315,304,9,2,450,,450,,0,135072.872,9.416,0,
1542258124603799,100064588783898,"Federação Paulista de Futebol - FPF","BONDE DOS CONVOCADOS! 🤩
Com três convocados do Timão e um representante do Santos, estes são os jogadores do #FutebolPaulista na Seleção para os amistosos da Data Fifa.
#Seleção #PaulistasEmCampo",,0,"09/09/2026 12:15",N/A,https://www.facebook.com/futebolpaulista/posts/pfbid02DqzpFGPU1GMSk2ASHZKGD4JePK9LGhR3RT7vBPo1UZ4vN2h6k2w3Ah1F7XJen9x7l,0,0,Fotos,,,,,Total,26086,17251,342,239,100,3,639,121,518,,0,,,,
1542246601271618,100064588783898,"Federação Paulista de Futebol - FPF","BRENO BIDON É SELEÇÃO BRASILEIRA! 🇧🇷
Brilhou no Paulistão Casas Bahia e vai brilhar vestindo a Amarelinha! 😮💨
#PaulistasEmCampo #Corinthians #SeleçãoBrasileira","BRENO BIDON É SELEÇÃO BRASILEIRA! 🇧🇷
Brilhou no Paulistão Casas Bahia e vai brilhar vestindo a Amarelinha! 😮💨
#PaulistasEmCampo #Corinthians #SeleçãoBrasileira",37,"09/09/2026 12:00",mixed,https://www.facebook.com/reel/3502236053271803/,0,0,Vídeos,,,,,Total,5129,5093,215,202,9,4,98,,98,,0,25938.868,5.301,0,
1542237034605908,100064588783898,"Federação Paulista de Futebol - FPF","TUDO NO SEU TEMPO...
@gbontempo_05 balançou a rede no Paulistão Casas Bahia 2025 e chegou a hora de representar a Seleção Brasileira 🌟🥹
#PaulistãoCasasBahia #Seleção","TUDO NO SEU TEMPO...
@gbontempo_05 balançou a rede no Paulistão Casas Bahia 2025 e chegou a hora de representar a Seleção Brasileira 🌟🥹
#PaulistãoCasasBahia #Seleção",35,"09/09/2026 11:45",N/A,https://www.facebook.com/reel/1438839261635802/,0,0,Vídeos,,,,,Total,5097,4969,29,26,1,2,59,,59,,0,36677.073,7.477,0,
1542230784606533,100064588783898,"Federação Paulista de Futebol - FPF","TEM DIA MELHOR QUE ESSE?
Você é um vencedor, @hugosouza! 🥺🇧🇷 O goleiro do Corinthians marcou presença na primeira convocação da #SeleçãoBrasileira depois da Copa do Mundo!
#PaulistasEmCampo #Corinthians #Convocação #HugoSouza","TEM DIA MELHOR QUE ESSE?
Você é um vencedor, @hugosouza! 🥺🇧🇷 O goleiro do Corinthians marcou presença na primeira convocação da #SeleçãoBrasileira depois da Copa do Mundo!
#PaulistasEmCampo #Corinthians #Convocação #HugoSouza",66,"09/09/2026 11:34",auto,https://www.facebook.com/reel/1421089849935815/,0,0,Vídeos,,,,,Total,1763,1601,62,60,0,2,15,,15,,0,9388.589,5.542,0,
1542207741275504,100064588783898,"Federação Paulista de Futebol - FPF","PANTERA E TIGRE SE ENFRENTAM NA SÉRIE B! 👀
Quem vai levar a melhor no #DueloPaulista: Botafogo ou Novorizontino?
#PaulistasEmCampo",,0,"09/09/2026 11:00",N/A,https://www.facebook.com/futebolpaulista/posts/pfbid02vZSvdZ2E969kFZEzA4VWBzNtgYgNFK2E2rBkuY7NhnL8ftd6QrpFTsKMb1Axssvil,0,0,Fotos,,,,,Total,6994,5167,44,40,0,4,53,35,18,,0,,,,
1542169424612669,100064588783898,"Federação Paulista de Futebol - FPF","VAAAAAAAAI, CORINTHIANS! 🦅
O primeiro confronto das quartas da @libertadoresbr é na Argentina!
#PaulistasEmCampo",,0,"09/09/2026 10:00",N/A,https://www.facebook.com/futebolpaulista/posts/pfbid0279Y93cSDdkc6U7YbLNe1ng55mbb4vNqvdzqV6Qg9VnTV7Fin2XCztUHBZ4fRYuxgl,0,0,Fotos,,,,,Total,6826,4869,93,88,3,2,69,26,43,,0,,,,
1542123981283880,100064588783898,"Federação Paulista de Futebol - FPF","AVANTI, PALESTRA! 🐷🌟
O primeiro duelo contra a LDU na @libertadoresbr é na casa do Verdão!
#PaulistasEmCampo #Palmeiras",,0,"09/09/2026 09:00",N/A,https://www.facebook.com/futebolpaulista/posts/pfbid02P15xpqfUfgfR1RYeEBd64KZFbWRFAFp7vXSB6GgQxqn2TTFx98wm2F8irAoQHJZQl,0,0,Fotos,,,,,Total,9830,6870,238,218,9,11,109,43,66,,0,,,,
1542078181288460,100064588783898,"Federação Paulista de Futebol - FPF","VAI PRA CIMA DELES, SANTOS! 🔥
O Peixão enfrenta o Atlético Mineiro no primeiro jogo das quartas de final da @sudamericanabr!
#PaulistasEmCampo #Sulamericana",,0,"09/09/2026 08:00",N/A,https://www.facebook.com/futebolpaulista/posts/pfbid0r13vL7i1zMaNSxteiKvVPfi1BimMpTdMwT5azcrA3LXNKm199RwXYW2VneBVv3Frl,0,0,Fotos,,,,,Total,12637,8756,348,319,24,5,193,70,123,,0,,,,
1542024161293862,100064588783898,"Federação Paulista de Futebol - FPF","QUARTA-FEIRA MOVIMENTADA!
Dia de confrontos importantes para as minhas equipes na @libertadoresbr e na @sudamericanabr, além de duelo paulista no @brasileiraob!
#PaulistasEmCampo",,0,"09/09/2026 06:49",N/A,https://www.facebook.com/futebolpaulista/posts/pfbid074dAHiNXHktVeri57uviZT8DW2guYKZ9b5EtVW5fkZyGHMqVgwnj4k5RL95XxEzGl,0,0,Fotos,,,,,Total,11878,8342,123,108,0,15,132,102,30,,0,,,,
1541945947968350,100064588783898,"Federação Paulista de Futebol - FPF","Entramos na trend também! Esses craques teriam vaga nos elencos da década de 80? 👀
#PaulistasEmCampo",,0,"09/09/2026 05:00",N/A,https://www.facebook.com/futebolpaulista/posts/pfbid0KqPwrQjpRRQcZcD1raPMvpU6nPjkmyq1AiTH4SHkPRVqGnCZFY4NrF54gZSVwjg3l,0,0,Fotos,,,,,Total,5806,3873,21,19,0,2,210,183,27,,0,,,,
1541589714670640,100064588783898,"Federação Paulista de Futebol - FPF","O São Paulo foi superado nos primeiros 90 minutos contra o Boca Juniors e agora vai precisar reverter a desvantagem jogando no MorumBIS.
#PaulistasEmCampo
📷 @SudamericanaBR",,0,"09/08/2026 19:33",N/A,https://www.facebook.com/futebolpaulista/posts/pfbid03ZiF3A5GNxh8xEycHLAwSbnFVpNU5BYC4hhuqBCZ7Ni3TjoAYyC9mnDnfn3B6JAtl,0,0,Fotos,,,,,Total,38077,25759,358,274,55,29,864,196,668,,0,,,,
1541361251360153,100064588783898,"Federação Paulista de Futebol - FPF","FIM DE MAIS UMA RODADA! ✅
Assim estão os paulistas na classificação do @brasileirao!
#PaulistasEmCampo",,0,"09/08/2026 12:30",N/A,https://www.facebook.com/futebolpaulista/posts/pfbid0iSFADoBZoX6QNqTknLWPrCmNG5w8aXWBStmNHaHoSFEpXmx8UY3RYg1KC7AscanYl,0,0,Fotos,,,,,Total,27075,17911,184,168,6,10,357,197,160,,0,,,,
1542464261249852,100064588783898,"Federação Paulista de Futebol - FPF","Robson, vice-artilheiro do @brasileiraob! 🤩🔥 #PaulistasEmCampo #Novorizontino
📷 Juan Rodrigues/Novorizontino",,0,"09/09/2026 18:05",N/A,https://www.facebook.com/futebolpaulista/posts/pfbid02N7eaxcpjF95iy8t8AX5ci36eBbZVrK7T6LMHHcuUw4UghEgFdyLVvSUuzUeD9L3Tl,0,0,Fotos,,,,,Total,3977,3040,26,26,0,0,25,13,12,,0,,,,
