Título do vídeo,Link para o vídeo,Hora da publicação,Visualizações do vídeo,Curtidas,Comentários,Compartilhamentos,Adicionar aos Favoritos
"QUE ISSO, MEU GAROTO! O Luizinho tava desfilando na estreia do Timão na Copinha Sil 2026! #CopinhaSil2026",https://www.tiktok.com/@copinha/video/7591257342700719371,2026/01/03 21:55:40,267211,3202,10,44,81
"ELE É BOM MESMO, HEIN?! Pega só esse golaço do João Bom, camisa 9 do Volta Redonda! #CopinhaSil2026",https://www.tiktok.com/@copinha/video/7591252543670406456,2026/01/03 21:37:03,1355925,111053,827,2315,1409
É O FAVELA DA FIEL! O camisa 9 do Corinthians marcou o gol da vitória na estreia da Copinha Sil 2026! #CopinhaSil2026,https://www.tiktok.com/@copinha/video/7591247309623676172,2026/01/03 21:16:45,311466,11744,77,344,231
GOLAAAAAÇO DO GALO DA COMARCA! Guilherme Said viu o goleirão adiantado e não pensou duas vezes! Tá na rede pro XV de Jaú! #CopinhaSil2026,https://www.tiktok.com/@copinha/video/7591245157144513803,2026/01/03 21:08:21,44973,1711,8,24,22
"DE LETRA, PAPAI! Que categoria do Peu para marcar esse golaço para o Santa Cruz! #CopinhaSil2026",https://www.tiktok.com/@copinha/video/7591230053824941323,2026/01/03 20:09:47,762220,74900,139,1456,991
"QUALIDADE DO CLEBINHO, HEIN?! O camisa 11 fez fila e marcou essa pintura para o São Bento na Copinha Sil 2026! #CopinhaSil2026",https://www.tiktok.com/@copinha/video/7591229877458603276,2026/01/03 20:09:05,43447,3900,10,169,67
"✅ Jogada bonita pra gol ✅ Todo mundo de cabelo raspado ✅ Dancinha pra comemorar Se isso não é o puro suco de #CopinhaSil2026, eu não sei o que é! 😎🤣",https://www.tiktok.com/@copinha/video/7591187816160218380,2026/01/03 17:25:51,41094,2148,9,16,20
O PRIMEIRO HAT-TRICK! Três vezes Juninho na vitória do @ecbahia na #CopinhaSil2026 ⚽️🔥,https://www.tiktok.com/@copinha/video/7591175429621386508,2026/01/03 16:37:50,63757,3847,13,55,32
QUE PINTURA! O João Andrade colocou toda a categoria para abrir o placar para os Pivetes de Aço! #CopinhaSil2026,https://www.tiktok.com/@copinha/video/7591151503616888075,2026/01/03 15:04:58,499468,41706,93,1215,575
O PRIMEIRO DO SPORT! 🦁⚽️ Rafael de Jesus marca o primeiro dos Leões da Base na #CopinhaSil2026! ,https://www.tiktok.com/@copinha/video/7590890413725093128,2026/01/02 22:11:51,41269,1971,6,27,18
GRÊMIO A TODO VAPOR!  Vitor Ramon corre o campo todo e marca o segundo do Tricolor!  #CopinhaSil2026 ,https://www.tiktok.com/@copinha/video/7590881568315493639,2026/01/02 21:37:29,191033,13875,22,249,109
"DOMINOU, AJEITOU E MANDOU PRO GOL! O Yago marcou o dele na #CopinhaSil2026 ⚽️",https://www.tiktok.com/@copinha/video/7590859190655028536,2026/01/02 20:10:36,175565,9204,24,92,70
VEIO AÍ! Kaio é o responsável pelo primeiro gol da Copinha Sil 2026 🔥 #CopinhaSil2026,https://www.tiktok.com/@copinha/video/7590794783292083512,2026/01/02 16:00:40,1423161,51681,85,519,665
O KUKRI APRONTOU DE NOVO! OUTRO GOLAÇO DE FALTA DO CAMISA 7 DO ÁGUIA DE MARABÁ! #CopinhaSil2026,https://www.tiktok.com/@copinha/video/7592770144942722325,2026/01/07 23:46:24,123169,8391,50,193,88
"QUE GOLAÇOOOOOO! QUE PINTURA DO KUKRI, DO ÁGUIA DE MARABÁ! #CopinhaSil2026",https://www.tiktok.com/@copinha/video/7592768422526618900,2026/01/07 23:39:44,25736,1713,13,56,24
QUE GOLAÇO! O Rafael acertou esse lindo chute e fez um belo gol para o Grêmio São-Carlense! #CopinhaSil2026,https://www.tiktok.com/@copinha/video/7592747745652329748,2026/01/07 22:19:32,9480,381,2,7,2
FESTA EM SÃO CARLOS! O GRÊMIO SÃO-CARLENSE ABRE O PLACAR NA COPINHA SIL! #CopinhaSil2026,https://www.tiktok.com/@copinha/video/7592738460767735052,2026/01/07 21:43:13,17446,1012,3,1,1
"O MOLEQUE É DIFERENTE! Que chapéu do Tetê, do São Paulo, hein?! #CopinhaSil2026",https://www.tiktok.com/@copinha/video/7592727399997934860,2026/01/07 21:00:14,2737380,93518,309,2536,1695
"PAREDÃO! 🧤🔥 Apesar da derrota, @felipe_fortaleza_12 brilhou demais no gol do Independente-AP! #CopinhaSil2026",https://www.tiktok.com/@copinha/video/7592724576799296780,2026/01/07 20:49:18,226102,9126,42,121,116
QUE PINTURAAAA! 😮‍💨 Que golaço absurdo do Pedro Henrique pro Juventude! #CopinhaSil2026,https://www.tiktok.com/@copinha/video/7592721926196563212,2026/01/07 20:39:01,8458,340,6,7,3
"GOLAÇO, WENDELL! 🔥 O jogador do Náutico-PE aproveitou o erro adversário e mandou um belo gol de cobertura! #CopinhaSil2026",https://www.tiktok.com/@copinha/video/7592716812777835832,2026/01/07 20:19:12,11795,539,5,10,4
"DE PRIMEIRA, BIDU! 😮‍💨🔥 #CopinhaSil2026",https://www.tiktok.com/@copinha/video/7592707359865113912,2026/01/07 19:42:28,8330,359,5,5,4
NO LUGAR CERTO! Isac marca o segundo do São Paulo! #CopinhaSil2026,https://www.tiktok.com/@copinha/video/7592704559076691212,2026/01/07 19:31:37,4626,129,4,3,3
PAULINHO NÃO PERDOA! TEM GOL DO SÃO PAULO NA COPINHA SIL 2026! #CopinhaSil2026,https://www.tiktok.com/@copinha/video/7592703339494690059,2026/01/07 19:26:51,26720,1099,6,9,11
PAREEEEECE QUE ELE TÁ VENDENDO ÁGUA….. 💦🤣🤣🤣 #CopinhaSil2026,https://www.tiktok.com/@copinha/video/7592701394658823435,2026/01/07 19:19:19,11720,678,8,19,17
"COMBINAÇÃO PERFEITA EM COSMÓPOLIS! Nada como acompanhar um jogo da Copinha Sil 2026 com um pastel e caldo de cana, né? A adm ficou na vontade aqui 😅 #CopinhaSil2026",https://www.tiktok.com/@copinha/video/7592672262407425292,2026/01/07 17:26:15,4725,64,3,0,1
DE PRIMEIRA! LUCAS NÃO PERDEU A CHANCE E SOLTOU UM FOGUETE PARA FECHAR A VITÓRIA DO CEARÁ 🚀 #CopinhaSil2026,https://www.tiktok.com/@copinha/video/7592444674279755019,2026/01/07 02:43:09,208352,8079,27,93,98
QUE SEQUÊNCIA! O Kaique Feijó não deixou passar nada hoje! #CopinhaSil2026,https://www.tiktok.com/@copinha/video/7592428388791373067,2026/01/07 01:40:01,21231,961,7,15,9
TOMA PEDACLETE!  O ROGER VIDAL APRONTOU DE NOVO! #CopinhaSil2026 ,https://www.tiktok.com/@copinha/video/7592405099176086805,2026/01/07 00:09:59,219330,20033,74,581,284
O LEO BORGES É TRANQUILO E CALMO! #CopinhaSil2026 🎥 Operário Ferroviário ,https://www.tiktok.com/@copinha/video/7592351021733530900,2026/01/06 20:40:01,38493,1598,5,55,23
A PERGUNTA QUE FICA É: QUEM É O DONO DO GOL? 🤣🤣🤣 Eles tiveram a mesma ideia e deu MUITO CERTO! 👏 #CopinhaSil2026,https://www.tiktok.com/@copinha/video/7592337222750309643,2026/01/06 19:46:11,41053,2322,11,20,27
GOLAAAAAÇOOOO! 🔥 O chutaço de surpresa do @gilvan_.09 é um absurdo! 🥵 #CopinhaSil2026,https://www.tiktok.com/@copinha/video/7592335298730675467,2026/01/06 19:38:39,220825,29777,156,3151,1045
QUE PASSE ABSURDO! 😮‍💨🤌 O @vitorfonseca.5 mandou o lançamento perfeito pro @williemartins9 concluir o golaço do Goiás! 🔥 #CopinhaSil2026,https://www.tiktok.com/@copinha/video/7592333170616438027,2026/01/06 19:30:25,14571,890,8,16,9
"QUE LIIINDOOOO! Que categoria do Deivid, do Santa Fé! #CopinhaSil2026",https://www.tiktok.com/@copinha/video/7592321380436184332,2026/01/06 18:44:39,5357438,32314,39,688,560
"RABIIIXXXCAAAA, ROGER VIDAL! #CopinhaSil2026",https://www.tiktok.com/@copinha/video/7592314500724886840,2026/01/06 18:17:59,170483,15875,19,467,190
QUE GOLAÇO DO AMÉRICA!  O Kayan entrou no jogo e já deixou o dele! #CopinhaSil2026 ,https://www.tiktok.com/@copinha/video/7592310892688149768,2026/01/06 18:03:59,13383,544,6,29,7
FACULDADE DE PÊNALTI?!  Que categoria na batida do Henrique Miranda!  #CopinhaSil2026 ,https://www.tiktok.com/@copinha/video/7592310202817367317,2026/01/06 18:01:26,10422,622,5,5,4
GOLAAAAÇO DO PANTERA!  E com direito a uma narração diferenciada 😅 #CopinhaSil2026 ,https://www.tiktok.com/@copinha/video/7592304899594013960,2026/01/06 17:40:44,16744,1209,5,10,14
"TOME CANETA! O Paraná é ousado, hein?! #CopinhaSil2026",https://www.tiktok.com/@copinha/video/7592297778710138124,2026/01/06 17:13:05,21337,1343,10,6,13
"BOM, BOM, BOM! Coloca na conta mais um gol do João Bom, do Volta Redonda! #CopinhaSil2026",https://www.tiktok.com/@copinha/video/7592293547592797460,2026/01/06 16:56:52,217293,11857,82,208,101
"QUE PINTURA, FLU! 😮‍💨 Vagno marca o primeiro do Tricolor na Copinha Sil, e foi logo UM GOLAÇO! 🔥🇭🇺 #CopinhaSil2026",https://www.tiktok.com/@copinha/video/7592063662999833912,2026/01/06 02:04:42,27300,1994,10,44,21
PAREDÃO! 🧤 O goleirão dos @leoesdabase foi um grande destaque do jogo contra o Forte-ES! 👏👏👏 #CopinhaSil2026,https://www.tiktok.com/@copinha/video/7592059346490526988,2026/01/06 01:48:01,21792,1052,6,6,5
TEM GOL DO VERDÃO! Luis Sabóia tabela na entrada da área e anota o primeiro das Crias da Academia na Copinha Sil 2026! #CopinhaSil2026,https://www.tiktok.com/@copinha/video/7592014763467590968,2026/01/05 22:55:11,40203,2095,22,12,19
OLHA O CHUUUUUTEEEE! Tico soltou o pé da entrada da área e balançou a rede para o Remo! #CopinhaSil2026,https://www.tiktok.com/@copinha/video/7591996658347412747,2026/01/05 21:44:39,124984,4083,12,31,24
PASSO A PASSO LIBERADO 📲 Confira o tutorial e saiba como resgatar seus ingressos para assistir aos jogos da #CopinhaSil2026!,https://www.tiktok.com/@copinha/video/7591990972335148299,2026/01/05 21:22:32,13956,152,19,105,47
HAT TRICK DO FELIPE MAGALHÃES! 🔥 Um belo cruzamento e uma cabeçada certeira para fazer o sexto gol do Grêmio! #CopinhaSil2026  ,https://www.tiktok.com/@copinha/video/7591981259799186696,2026/01/05 20:44:52,61487,4059,11,24,31
GOLAÇO DO COXA! 🔥 Pegou de primeira e mandou pro fundo do gol!  #CopinhaSil2026 ,https://www.tiktok.com/@copinha/video/7591950345765457159,2026/01/05 18:44:56,22066,1155,9,12,7
MAIS UM DO 10 DA MACACA! 🦍 Nikolas coloca a Ponte Preta na frente do placar! #CopinhaSil2026 ,https://www.tiktok.com/@copinha/video/7591919519589780743,2026/01/05 16:45:16,29387,1326,8,6,11
Um ano desse lance do Marcos Vinicius que marcou a Copinha 2025! Será que teremos um desse na Copinha Sil 2026? #CopinhaSil2026,https://www.tiktok.com/@copinha/video/7591861728447630604,2026/01/05 13:01:01,3576268,214832,362,11488,4936
"ELE TEM O VENENO! Quero ver pegar o Gabriel Veneno, do Atlético-MG!  #CopinhaSil2026",https://www.tiktok.com/@copinha/video/7591717932825185557,2026/01/05 03:43:04,645932,59098,148,2646,1457
"QUE ISSO, MLK RYAN?! QUE CANETA, PAPAI! #CopinhaSil2026",https://www.tiktok.com/@copinha/video/7591705585125526840,2026/01/05 02:55:17,2495068,236414,431,8694,4456
TÁ COM FRIO? QUE CATEGORIA DO GABRIEL SANTANA! #CopinhaSil2026,https://www.tiktok.com/@copinha/video/7591703961506221323,2026/01/05 02:48:59,161114,14496,44,377,156
De Filipinho para Jhuan Nunes! E QUE JOGADA DO FILIPINHO! #CopinhaSil2026,https://www.tiktok.com/@copinha/video/7591700337023585548,2026/01/05 02:34:53,198173,21185,53,856,331
SÓ A COPINHA SIL PROPORCIONA ESSES MOMENTOS🥹 #CopinhaSil2026 🎥 @rafafalino,https://www.tiktok.com/@copinha/video/7591681784115481867,2026/01/05 01:23:39,27899,1251,7,6,19
A emoção de disputar a maior competição de base do mundo! 🥹🥰 #CopinhaSil,https://www.tiktok.com/@copinha/video/7591672791095659832,2026/01/05 00:47:56,749685,96954,629,2419,2448
O PRIMEIRO GOL DO QFC NA HISTÓRIA DA COPINHA SIL! João Lucas foi o responsável por esse gol histórico! #CopinhaSil2026,https://www.tiktok.com/@copinha/video/7591655740587265292,2026/01/04 23:41:46,66008,4022,28,99,38
QUE GOLAÇO DO MATEUS XAVIER! O Santos começou a Copinha Sil 2026 com essa pintura! #CopinhaSil2026 🎥 @cazetv,https://www.tiktok.com/@copinha/video/7591649542265769272,2026/01/04 23:17:40,34036,1856,13,60,33
"OLHA O JOTTA! 🥵 O camisa 6 da Portuguesa não deu a menor chance pro Puskas, do Vila Nova-GO e lançou logo o lençol pra cima do atacante. #CopinhaSil2026",https://www.tiktok.com/@copinha/video/7591579587096644875,2026/01/04 18:46:08,43531,1719,5,26,20
"METEU O GOLAÇO E O PASSINHO DO JAMAL! 🔥😮‍💨 Que jogada e que molejo do Vitinho, que amplia para o Canaã! #CopinhaSil2026 ",https://www.tiktok.com/@copinha/video/7591552852007423240,2026/01/04 17:02:22,90448,5664,20,49,49
GOL RELÂMPAGO DO ITAQUÁ! ⚽️⚡️😮‍💨 O Nicolas só precisou de 19 SEGUNDOS para marcar o seu na #CopinhaSil2026! ,https://www.tiktok.com/@copinha/video/7591544071018040594,2026/01/04 16:28:17,36792,1127,10,9,12
É GOLAÇO QUE VOCÊS QUEREM? ENTÃO É GOL OLÍMPICO QUE VOCÊS VÃO TER! TETÊ MARCOU ESSA PINTURA PARA O SÃO PAULO 🤯🔥 #CopinhaSil2026,https://www.tiktok.com/@copinha/video/7591521547538402571,2026/01/04 15:00:54,108874,6119,44,408,101
DISCÍPULO DO REI! Não dá mole que ele guarda! Lucas Pelé aproveita a bobeira da zaga e marca pro Assisense! #CopinhaSil2026,https://www.tiktok.com/@copinha/video/7591285606647385355,2026/01/03 23:45:25,38277,1786,12,42,19
ROCHA! O camisa 90 do Grêmio Prudente cavou na penalidade e ainda mandou a bola na gaveta! Lindo gol do Carcará na #CopinhaSil2026!,https://www.tiktok.com/@copinha/video/7591263675609435448,2026/01/03 22:20:20,31862,1269,19,34,18
FANTASMA NA ÁREA! 👻 Um torcedor sobrenatural pra acompanhar o jogão entre Operário-PR e Independente-AP! #CopinhaSil2026,https://www.tiktok.com/@copinha/video/7594847441074097419,2026/01/13 14:07:08,7627,422,2,5,3
A molecada do Palmeiras tá abusada! 🤪😅 #CopinhaSil2026,https://www.tiktok.com/@copinha/video/7594830277420010764,2026/01/13 13:00:31,160894,5631,14,22,53
Como explicar o que é a Copinha Sil sem dizer o que é a Copinha Sil... 🥶🤣 #CopinhaSil2026,https://www.tiktok.com/@copinha/video/7594680878832323851,2026/01/13 03:20:54,324265,19643,116,1547,300
O CORINTHIANS ATÉ TENTOU... MAS ENCONTROU O PAREDÃO HYAN PELA FRENTE! 🧤🔥 #CopinhaSil2026,https://www.tiktok.com/@copinha/video/7594671637270760715,2026/01/13 02:45:06,16656,829,6,24,5
☑️ CANETAÇA ☑️ DEFESAÇA Isso é #CopinhaSil2026!,https://www.tiktok.com/@copinha/video/7594661832657276172,2026/01/13 02:06:59,16215,870,8,6,3
"QUE ISSO, CAIO! 🔥 O camisa 9 do América-RN foi mais rápido que o goleiro e tirou bem demais pra abrir o placar! #CopinhaSil2026",https://www.tiktok.com/@copinha/video/7594660496184200460,2026/01/13 02:01:50,229948,9746,30,151,90
QUE GOLAÇO! 🏁 Adriano finalizou com muita categoria pra colocar o Ceará na frente! 🔥 #CopinhaSil2026!,https://www.tiktok.com/@copinha/video/7594610958362807563,2026/01/12 22:49:28,135516,3199,14,13,39
GOLAÇO + COMEMORAÇÃO DIFERENCIADA! Iago Valeije mandou esse foguete para o fundo da rede e comemorou desse jeito aí! #CopinhaSil2026 ,https://www.tiktok.com/@copinha/video/7594570451452513544,2026/01/12 20:12:12,75087,7107,14,118,69
OLHA O EMPATE DO BAHIA! Fernando Gabriel chegou chegando para finalizar! #CopinhaSil2026,https://www.tiktok.com/@copinha/video/7594552485423975692,2026/01/12 19:02:32,110250,5794,34,96,44
"QUE GOLAÇO DO LUIS CARLOS! A canhotinha tá afiada, hein?! #CopinhaSil2026",https://www.tiktok.com/@copinha/video/7594551278999457035,2026/01/12 18:57:48,417894,27357,73,479,258
GOLAÇO DA RAPOSA! Eduardo Pape amplia para o Cruzeiro! #CopinhaSil2026 ,https://www.tiktok.com/@copinha/video/7594500234068184328,2026/01/12 15:39:44,11604,445,5,2,4
AKILES VIRA PARA OS CRIAS DA TOCA! É o Cruzeiro na frente do placar!  #CopinhaSil2026 ,https://www.tiktok.com/@copinha/video/7594497184708463879,2026/01/12 15:27:51,146948,6219,19,95,83
DEFENDEEEEU EDUARDO! O goleiro do @esporteclubemeianoite pegou o pênalti e impediu o empate do Cruzeiro! #CopinhaSil2026,https://www.tiktok.com/@copinha/video/7594484494824967480,2026/01/12 14:38:42,81622,2106,10,11,31
SORRISO! O camisa 7 do Verdão avançou livre e encheu o pé para fechar a vitória do Palmeiras pra cima do Remo! #CopinhaSil2026,https://www.tiktok.com/@copinha/video/7594139679897767224,2026/01/11 16:20:38,87517,5397,8,71,45
NAKAMURA! 🤯 O camisa 10 do Batalhão limpou a marcação e deu o tapa pra marcar um golaço pra equipe do Tocantins! #CopinhaSil2026,https://www.tiktok.com/@copinha/video/7594103467191340344,2026/01/11 14:00:06,22932,1597,9,56,12
"AULA DE CONTRA-ATAQUE! O escanteio era o Água Santa, mas o Brasiliense recuperou a bola e só foi parar no fundo da rede! #CopinhaSil2026",https://www.tiktok.com/@copinha/video/7594088306594434315,2026/01/11 13:01:17,24576,1616,7,12,10
VAI DAÍ MESMO?! 😱 Que golaço do Cosmopolitano!  #CopinhaSil2026 ,https://www.tiktok.com/@copinha/video/7593807346254564615,2026/01/10 18:50:59,21913,1062,6,13,14
DE PRIMEIRA PARA O FUNDO DA REDE! Belo cruzamento do Izidoro e lindo gol do JP! #CopinhaSil2026 ,https://www.tiktok.com/@copinha/video/7593790811792362759,2026/01/10 17:46:48,10083,514,5,2,5
CHAMOU A RESPONSA E DISSE “DEIXA QUE EU RESOLVO”! Que golaço do Everson para ampliar o placar para o Confiança!  #CopinhaSil2026 ,https://www.tiktok.com/@copinha/video/7593786966374747399,2026/01/10 17:31:54,14027,976,5,2,11
A molecada do @nacionalacsp tá abusada! 🤪🔥 #CopinhaSil2026,https://www.tiktok.com/@copinha/video/7593785580366941452,2026/01/10 17:26:31,21818,1766,11,255,24
Contra-ataque rápido e um belo gol pra fechar a vitória do @ecsantoandre! 🔥 #CopinhaSil2026,https://www.tiktok.com/@copinha/video/7593768064844385547,2026/01/10 16:18:33,12513,780,6,4,4
Gol de falta = 😍🥰🤩 #CopinhaSil2026,https://www.tiktok.com/@copinha/video/7593752312640818444,2026/01/10 15:17:26,13919,1007,3,7,10
✅ Lindo passe ✅ Drible no goleiro Belo gol pra começar o sábado de #CopinhaSil2026!,https://www.tiktok.com/@copinha/video/7593706556810628364,2026/01/10 12:19:56,71002,4820,12,44,38
BELO GOL! 🔥 O Olímpico se despediu da #CopinhaSil2026 com um golaço!,https://www.tiktok.com/@copinha/video/7593483252099271947,2026/01/09 21:53:21,12510,626,5,4,6
"JOÃO BOM, SEMPRE ELE!  O camisa 9 do Volta Redonda é goleador!  #CopinhaSil2026 ",https://www.tiktok.com/@copinha/video/7593455580975467796,2026/01/09 20:06:12,72041,5471,58,135,43
"QUE EFEITO!  Pega só esse chute do João Paulo, do Atlético de Alagoinhas!  #CopinhaSil2026 ",https://www.tiktok.com/@copinha/video/7593454324181732629,2026/01/09 20:01:21,13117,741,5,4,10
"TEVE GOL DE BICICLETA NA COPINHA SIL!  QUE GOLAÇO DO BRENNO, DO AMÉRICA DE NATAL!  #CopinhaSil2026 ",https://www.tiktok.com/@copinha/video/7593443300535815444,2026/01/09 19:18:40,10252,574,8,19,10
COM CATEGORIA!  Pedrinho caprichou na finalização e fez mais um para o Cascavel!  #CopinhaSil2026 ,https://www.tiktok.com/@copinha/video/7593440326375705876,2026/01/09 19:06:55,12435,569,9,4,6
QUE TAPA DO NEGUEBA!  Belo gol na goleada do Cascavel na Copinha Sil 2026!  #CopinhaSil2026 ,https://www.tiktok.com/@copinha/video/7593437371631242516,2026/01/09 18:55:27,5883,170,2,1,1
"FOI O TEMPO DE COMEMORAR… E O EMPATE VEIO! 😱 O Capivariano se colocou na frente do placar, mas o Rio Branco empatou de novo assim que o jogo recomeçou! #CopinhaSil2026 ",https://www.tiktok.com/@copinha/video/7593430122946956562,2026/01/09 18:27:07,9689,476,6,1,2
"FOI DALI! O dia de Copinha Sil 2026 começou como? Com golaço de falta! O Nicolas, da Inter de Limeira, soltou o pé para abrir o placar contra o CSA-Al! #CopinhaSil2026",https://www.tiktok.com/@copinha/video/7593366045256076556,2026/01/09 14:18:31,14095,649,6,6,2
O golaço de @edu_conceicao09 na #CopinhaSil2026! 🔥,https://www.tiktok.com/@copinha/video/7593163391380884747,2026/01/09 01:12:13,29861,1190,10,30,17
7️⃣ VEZES EDUARDO! O craque do Palmeiras marcou 4 gols e deu 3 assistências na goleada na #CopinhaSil2026! 😮‍💨,https://www.tiktok.com/@copinha/video/7593162873719819576,2026/01/09 01:10:12,673887,33474,216,1903,677
"QUE ISSO, ARTHUR! 😮‍💨🔥 #CopinhaSil2026",https://www.tiktok.com/@copinha/video/7593155364909026571,2026/01/09 00:41:01,322244,14638,55,837,207
FRIO DEMAIS! 🥶 Matheus Lacort fez um golaço de cavadinha pra cima do Mirassol! #CopinhaSil2026,https://www.tiktok.com/@copinha/video/7593154530615872824,2026/01/09 00:37:51,9831,544,4,10,6
QUE PANCADA! 🔥 Rafael deu um chutaço de longe pra marcar pro Falcon! #CopinhaSil2026,https://www.tiktok.com/@copinha/video/7593147752951893260,2026/01/09 00:11:32,11809,612,3,27,3
É DELE DE NOVO! 🟢⚪ Eduardo saiu deixando todo mundo pra trás e marcou o 5º gol do Verdão! #CopinhaSil2026,https://www.tiktok.com/@copinha/video/7593140109311085836,2026/01/08 23:41:48,26844,1607,4,22,24
ABSURDOOO! 😮‍💨 Eduardo deu um belo chapéu e finalizou com um golaço pro Palmeiras! #CopinhaSil2026,https://www.tiktok.com/@copinha/video/7593136172717722891,2026/01/08 23:26:31,98563,6063,30,249,53
GOLAÇO DE CAMISA 🔟! O @nicolas_viana_06 foi bem demais no 3º gol do Netuno! #CopinhaSil2026,https://www.tiktok.com/@copinha/video/7593129884864531768,2026/01/08 23:02:05,11392,633,6,2,5
WILLY DEFENDE O PÊNALTI! O goleirão da @associacaoesportivareal impediu a virada da Ponte Preta! #CopinhaSil2026,https://www.tiktok.com/@copinha/video/7593045190915525944,2026/01/08 17:33:25,598487,2473,7,48,121
METEU O GOLAÇO E MANDOU O CORAÇÃOZINHO! ⚽️🫶 Que pintura do Pepeu para abrir o placar para o Real! #CopinhaSil2026 ,https://www.tiktok.com/@copinha/video/7593029671575440647,2026/01/08 16:33:10,26423,2258,8,30,24
QUE VENENO!  O Gabriel Veneno pratica o futebol arte na Copinha Sil 2026!  #CopinhaSil2026,https://www.tiktok.com/@copinha/video/7592823384325606676,2026/01/08 03:12:48,282464,19919,111,812,308
"JOGADA ENSAIADA E GOLAÇO DO VITOR GABRIEL, DO GALO! #CopinhaSil2026",https://www.tiktok.com/@copinha/video/7592804898408795404,2026/01/08 02:01:12,62112,3381,12,38,38
TODA A QUALIDADE DO CAUÃ ZAPPELINI! #CopinhaSil2026,https://www.tiktok.com/@copinha/video/7592800901614603531,2026/01/08 01:45:42,21721,927,10,9,9
COPINHA SIL DOS APAIXONADOS!❤️ Gol e comemoração apaixonada do João Teixeira! #CopinhaSil2026,https://www.tiktok.com/@copinha/video/7592793658898910476,2026/01/08 01:17:29,21127,866,15,12,14
"COBRA DA BOLA! O goleirão do Galo, Pedro Cobra defendeu o pênalti no comecinho do jogo! #CopinhaSil2026",https://www.tiktok.com/@copinha/video/7592789720610950420,2026/01/08 01:02:08,231169,13691,26,134,127
GOLAÇO DE PÊNALTI! Que categoria do Ji-Paraná para marcar o gol do União Cacoalense! #CopinhaSil2026,https://www.tiktok.com/@copinha/video/7592789497327226132,2026/01/08 01:01:26,13713,670,6,10,5
"GOLAÇOOOO! A BATIDA PERFEITA DE KAYKY PERSI, DO OSASCO AUDAX! #CopinhaSil2026",https://www.tiktok.com/@copinha/video/7592779763178114324,2026/01/08 00:23:41,40154,3065,7,46,22
É GOL DO UNIÃO CACOALENSE! JI-PARANÁ DEIXA TUDO IGUAL CONTRA O SANTOS! #CopinhaSil2026,https://www.tiktok.com/@copinha/video/7592773351765036299,2026/01/07 23:58:35,21720,966,8,8,3
O PAREDÃO LUAN! O goleiro do Maruinense defendeu o pênalti no último lance do jogo e garantiu os três pontos para a equipe de Sergipe! #CopinhaSil2026,https://www.tiktok.com/@copinha/video/7592770709538000148,2026/01/07 23:48:37,18156,667,4,6,1
É OS GURI! O Grêmio tá na frente de novo! Harlley vai pra rede mais uma vez e anota o segundo do Tricolor! #CopinhaSil2026,https://www.tiktok.com/@copinha/video/7597988516416605452,2026/01/22 01:16:04,77599,2037,21,8,13
AVISA QUE É ELE! Harlley é o nome da emoção para a torcida do Grêmio! #CopinhaSil2026,https://www.tiktok.com/@copinha/video/7597988301324274956,2026/01/22 01:15:20,245047,9518,88,100,95
TÁ TUDO IGUAL! Baptistella finaliza de dentro da área para empatar o jogo para o Cruzeiro! #CopinhaSil2026,https://www.tiktok.com/@copinha/video/7597984051001052427,2026/01/22 00:58:45,243488,4385,38,85,62
PLACAR ABERTO! Harlley bate com categoria e inaugura o marcador da semifinal da Copinha Sil 2026! #CopinhaSil2026,https://www.tiktok.com/@copinha/video/7597984008949042488,2026/01/22 00:58:34,163732,6078,14,122,60
"Não dá pra resistir a um convite desses, né? 👀🥰 #CopinhaSil2026",https://www.tiktok.com/@copinha/video/7597965640623770892,2026/01/21 23:47:17,10728,481,10,14,3
APROVEITOU! Paulinho marcou esse golaço do meio de campo para colocar o São Paulo na semi! #CopinhaSil,https://www.tiktok.com/@copinha/video/7597259462776278284,2026/01/20 02:07:08,185699,9957,75,898,210
O GOL DA VANTAGEM TRICOLOR! Matheus Menezes colocou no fundo da rede para ampliar para o São Paulo! #CopinhaSil,https://www.tiktok.com/@copinha/video/7597258198638169355,2026/01/20 02:02:18,29874,1331,11,30,18
TÁ LIBERADO EMOLDURAR ESSA PINTURA! 🖼️ Bota mais um golaço na conta do @arthur_izaque07! #CopinhaSil,https://www.tiktok.com/@copinha/video/7597250210674347276,2026/01/20 01:31:12,170839,11410,24,124,75
GOL DO TRICOLOR PARA ABRIR O PLACAR! 8️⃣🇾🇪 Djhordney coloca o São Paulo na vantagem em Sorocaba! #CopinhaSil,https://www.tiktok.com/@copinha/video/7597243365033266443,2026/01/20 01:04:36,27695,1392,10,22,16
A DEFESA DA CLASSIFICAÇÃO! 🧤🌟 @gabrielsena_06 é o nome dele! #CopinhaSil,https://www.tiktok.com/@copinha/video/7597229806547176716,2026/01/20 00:11:57,137948,5499,55,104,60
IGUALOU DE NOVO! O Palmeiras deixa tudo igual no placar. Tá disputadooooo! #CopinhaSil,https://www.tiktok.com/@copinha/video/7597220220209515788,2026/01/19 23:34:45,27313,1105,6,19,9
A VIRADA FOI RÁPIDA! 🔥 O Ibrachina veio com tudo para o segundo tempo e tá na vantagem no placar! #CopinhaSil,https://www.tiktok.com/@copinha/video/7597214713700683064,2026/01/19 23:13:22,100363,4215,15,25,29
TÁ TUDO IGUAL! 🤝 Pirituba empatou para o Ibrachina! #CopinhaSil,https://www.tiktok.com/@copinha/video/7597213150668262667,2026/01/19 23:07:22,161548,6127,14,68,54
O PLACAR FOI ABERTO EM BARUERI! Pimenta subiu mais alto e o Verdão sai na frente no primeiro jogo dessa segundona! #CopinhaSil,https://www.tiktok.com/@copinha/video/7597195529566702859,2026/01/19 21:58:54,36308,1121,3,3,13
O PLACAR FOI ABERTO EM BARUERI! Pimenta subiu mais alto e o Verdão sai na frente no primeiro jogo dessa segundona! #CopinhaSil,https://www.tiktok.com/@copinha/video/7597195215975238923,2026/01/19 21:57:41,4451,150,1,0,0
Isso é #CopinhaSil2026! 🕺🪩,https://www.tiktok.com/@copinha/video/7597094889527971083,2026/01/19 15:28:16,14737,1414,9,12,23
O GOL DA CLASSIFICAÇÃO CABULOSA! O capitão Fernando anotou o terceiro gol do Cruzeiro e fechou a conta em São Carlos! #CopinhaSil,https://www.tiktok.com/@copinha/video/7596855726685900044,2026/01/19 00:00:19,60546,1732,10,14,16
DUAS VEZES JOÃO BORNE! O atacante do @gremio tá on demais nas quartas de final! #CopinhaSil2026,https://www.tiktok.com/@copinha/video/7596722512579267852,2026/01/18 15:23:19,253188,7700,29,157,135
"ENTROU PRA DECIDIR! 👀 No segundo tempo, Lucyan entra e abre o placar para o Tricolor! #CopinhaSil2026",https://www.tiktok.com/@copinha/video/7596467546283445516,2026/01/17 22:53:59,48350,2263,13,28,29
"É O 🔟! Gabriel Lopes, do @redbullbragantino, marca o primeiro gol contra o São Paulo. #CopinhaSil2026",https://www.tiktok.com/@copinha/video/7596459587369291064,2026/01/17 22:23:03,78331,1819,10,34,27
DEU FOGO! 🔥 O Botafogo levou a melhor na decisão por pênaltis e venceu o Itaquaquecetuba! #CopinhaSil2026,https://www.tiktok.com/@copinha/video/7596457382771739960,2026/01/17 22:14:30,5542,73,3,1,1
QUE JOGADA E QUE GOLAÇO! Luiz Fernando coloca o Ibrachina na frente do placar mais uma vez! #copinhasil2026,https://www.tiktok.com/@copinha/video/7596410691431501074,2026/01/17 19:13:18,38464,1598,10,48,15
EMPATE DO INTER! João Miranda deixa tudo igual nas oitavas da #CopinhaSil2026! ,https://www.tiktok.com/@copinha/video/7596407772665744648,2026/01/17 19:02:00,127661,3736,14,80,45
NATHAN YURI MARCA PARA O IBRA! O Ibrachina abre o placar nas oitavas de final da #CopinhaSil2026! ,https://www.tiktok.com/@copinha/video/7596404988885159176,2026/01/17 18:51:10,107211,6305,13,69,54
SAMUEL PEGOU DOIS PÊNALTIS E GARANTIU A CLASSIFICAÇÃO DO GUANABARA CITY NA COPINHA SIL! #CopinhaSil2026,https://www.tiktok.com/@copinha/video/7596085550881312056,2026/01/16 22:11:36,143960,4039,16,26,40
GABRIEL DEFENDEU E O IBRACHINA GARANTIU VAGA NAS OITAVAS DA COPINHA SIL! #CopinhaSil2026,https://www.tiktok.com/@copinha/video/7595695342549617976,2026/01/15 20:57:23,30331,920,10,2,12
BELA JOGADA E O GOL DE EMPATE DO FLAMENGO-SP MARCADO POR RHAUL!  #CopinhaSil2026 ,https://www.tiktok.com/@copinha/video/7595688448992890132,2026/01/15 20:30:40,148489,1858,18,15,42
QUE JOGADA DAS CRIAS DA ACADEMIA! BELO GOL DO SORRISO!  #PaulistãoCasasBahia ,https://www.tiktok.com/@copinha/video/7595668565987020052,2026/01/15 19:13:34,39387,1411,6,15,16
DEFENDEEEEEEEEU! @mroger_05 salvou o Corvo e defendeu um pênalti! #CopinhaSil2026,https://www.tiktok.com/@copinha/video/7595668164004891916,2026/01/15 19:11:53,1153708,6657,15,150,286
NO COMECINHO… Gabriel Lopes pegou de primeira e marcou o primeiro do Massa Bruta! #CopinhaSil2026,https://www.tiktok.com/@copinha/video/7595649718898691339,2026/01/15 18:00:18,10540,652,5,1,3
TRANQUILO E CALMO NA CARA DO GOL!  QUE GOLAÇO DO KLEBER!  #CopinhaSil2026 ,https://www.tiktok.com/@copinha/video/7595620213643660564,2026/01/15 16:05:52,32790,3150,19,24,28
MAX!  O goleiro do Itaquá defendeu dois pênaltis e garantiu a classificação da equipe!  #CopinhaSil2026 ,https://www.tiktok.com/@copinha/video/7595618876155710741,2026/01/15 16:00:39,33542,1948,6,17,13
QUE GOLAÇO DO ITAQUÁ!  LUCÃO ACERTOU UM LINDO CHUTE!  #CopinhaSil2026 ,https://www.tiktok.com/@copinha/video/7595615911659179285,2026/01/15 15:49:10,43180,3282,12,54,35
QUE PANCADA! MAIS UM DOS MENINOS DA VILA 🥵 #CopinhaSil2026,https://www.tiktok.com/@copinha/video/7595402096883567884,2026/01/15 01:59:35,40199,1799,4,6,11
GOOOOL DO XV! Juan faz o primeiro e o XV de Jaú sai na frente! 🔥 #CopinhaSil2026,https://www.tiktok.com/@copinha/video/7595394025046199608,2026/01/15 01:28:11,81872,2413,8,32,19
NA SOBRA 🤯 Pablo não perdoou e marcou o segundo do Cabuloso! #CopinhaSil2026,https://www.tiktok.com/@copinha/video/7595334761606909196,2026/01/14 21:38:11,47548,1158,4,9,20
"CRIAS DA TOCA! 🦊 Gustavo Zago, subiu e marcou o primeiro gol no duelo entre Cruzeiro e Ponte Preta! #CopinhaSil2026",https://www.tiktok.com/@copinha/video/7595325735322127672,2026/01/14 21:03:07,104486,2628,13,74,57
O GOLAÇO DO VOZÃO! Melk abriu espaço e soltou a bomba de fora da área para abrir o placar para o Ceará! #CopinhaSil2026 🎥CazéTV,https://www.tiktok.com/@copinha/video/7595308371817811256,2026/01/14 19:55:45,15736,1324,2,35,15
NO ÂNGULO! Golaço do Matheus Fortunato para ampliar o placar para o Botafogo! #CopinhaSil,https://www.tiktok.com/@copinha/video/7595039706404883768,2026/01/14 02:33:26,23997,1412,8,11,14
MOMENTO FOFURA! A base vem forte até fora dos gramados 🥹🤏 #CopinhaSil2026,https://www.tiktok.com/@copinha/video/7595035709421948172,2026/01/14 02:17:47,11841,439,6,4,3
O GOL DA CLASSIFICAÇÃO TRICOLOR! 🇾🇪 Pedro Ferreira marcou o segundo do São Paulo! #CopinhaSil,https://www.tiktok.com/@copinha/video/7595026438680595723,2026/01/14 01:41:46,23000,1046,10,7,8
"FIM DE JOGO ELETRIZANTE! 🔥🤩 Virada do Vitória, e empate do Palmeiras... duas vezes em 11 minutos! #CopinhaSil",https://www.tiktok.com/@copinha/video/7595012977833643320,2026/01/14 00:49:33,665246,51672,302,559,627
ALERTA DE GOLAÇO! 🚨🤯 Jhow marcou para o Referência e deixou tudo igual no placar! #CopinhaSil,https://www.tiktok.com/@copinha/video/7594990324234079500,2026/01/13 23:21:35,21585,1177,6,31,4
O GOLAÇO DA CLASSIFICAÇÃO DO IAC! ⚽️💥🤯 #CopinhaSil2026 ,https://www.tiktok.com/@copinha/video/7594941674732735751,2026/01/13 20:12:46,13435,765,10,6,4
QUE LOUCURA!!  O Pedro Cobra defendeu o pênalti e na sequência o Ibrachina marcou o gol!  #CopinhaSil2026 ,https://www.tiktok.com/@copinha/video/7594926169456151828,2026/01/13 19:12:58,23752,1354,10,19,8
"NO ÂNGULO! ⚽️🔥 João Miranda faz esse golaço, o terceiro do Internacional no jogo! #CopinhaSil2026",https://www.tiktok.com/@copinha/video/7594913555342724359,2026/01/13 18:23:36,690925,65943,486,5820,1444
OPA! 🤣 #CopinhaSil2026,https://www.tiktok.com/@copinha/video/7594892118984838456,2026/01/13 17:00:27,14860,835,6,3,5
GOLAÇO NO JUVENAL! Heverton limpou a marcação do Juventus e bateu colocado pra marcar um lindo gol pro Nacional! #CopinhaSil2026 🎥Ulisses TV,https://www.tiktok.com/@copinha/video/7594876572721532172,2026/01/13 16:00:09,27858,1911,10,29,15
"AQUELE? Tem nome de craque e faro de gol! Rafael Nada, o camisa 9 do Operário, deixou sua marca contra o Independente-AP! #CopinhaSil2026",https://www.tiktok.com/@copinha/video/7594871283184176440,2026/01/13 15:39:37,9084,307,1,0,1
LEÃO A JATO! O Fortaleza só precisou de 32 segundos para balançar a rede pela primeira vez contra o Novorizontino! #CopinhaSil2026,https://www.tiktok.com/@copinha/video/7594853148980776248,2026/01/13 14:29:17,71817,3091,16,50,20
"QUEE GOLAAAÇOOOO!!!! Felipe Teresa, do @palmeiras, arriscou do meio de campo e acertou um golaço no Brasileirão Sub-20!",https://www.tiktok.com/@copinha/video/7663227940347432200,2026/07/16 20:38:22,21048,1365,18,134,47
"SOSA 🤝🏻 FLACO! 💚 Que lindo domínio do paraguaio, e que bela finalização do argentino, para abrir o placar e colocar o Palmeiras na frente. #PaulistãoCasasBahia #Betano",https://www.tiktok.com/@copinha/video/7613539638539586828,2026/03/04 23:58:29,23613,544,5,15,12
A Copinha Sil é talento!😍 #CopinhaSil,https://www.tiktok.com/@copinha/video/7610785799386254604,2026/02/25 14:00:27,4804,243,3,2,3
"E essa caneta, hein?!🖊️ Ah, que saudade da Copinha Sil! #CopinhaSil",https://www.tiktok.com/@copinha/video/7610539632656223500,2026/02/24 22:00:24,27899,1376,8,10,19
O LUCAS PAQUETÁ VOLTOU! TEM CAMPEÃO DA COPINHA SIL DE VOLTA AO FUTEBOL BRASILEIRO! #CopinhaSil #LucasPaquetá,https://www.tiktok.com/@copinha/video/7600534258612047115,2026/01/28 22:08:48,107651,5531,6,37,62
UM MILAGRE DE VITOR LAMOUNIER NA DECISÃO DA COPINHA SIL! #CopinhaSil2026,https://www.tiktok.com/@copinha/video/7600409803948592396,2026/01/28 14:00:27,215505,9976,50,126,169
O CAOS QUE A GENTE GOSTA! 🤪🏆🌟 O Cruzeiro fez a festa no vestiário depois da vitória na final da Copinha Sil 2026 e a @rebecareisfoto registrou tudo! #CopinhaSil2026 #POV  ,https://www.tiktok.com/@copinha/video/7600117577716649234,2026/01/27 18:57:54,50431,3366,9,15,62
EITA! Olha onde passou essa bola na final da Copinha Sil 😯😯 #CopinhaSil2026,https://www.tiktok.com/@copinha/video/7600101431663693112,2026/01/27 18:02:37,219543,13324,13,78,187
ENTRANDO EM CAMPO COM O CRUZEIRO! 🦊🏆 Já imaginou ser campeão da Copinha Sil e entrar no gramado depois do apito final? 🌟⚽️ O @niicopontes te leva para dentro das quatro linhas da Mercado Livre Arena Pacaembu 👀😮‍💨 #CopinhaSil2026 #Cruzeiro #POV,https://www.tiktok.com/@copinha/video/7599795294003268871,2026/01/26 22:07:16,31104,2344,8,11,82
"O TRADICIONAL BANHO DE GELO NO PROFESSOR! 🦊🧊 Não tem como escapar: ganhou a taça, o banho de gelo vem junto!  #CopinhaSil2026 #Cruzeiro ",https://www.tiktok.com/@copinha/video/7599448149605895432,2026/01/25 23:40:09,836469,56654,150,392,1337
Os detalhes da comemoração do capitão do Cruzeiro com o título da Copinha Sil!  #CopinhaSil2026,https://www.tiktok.com/@copinha/video/7599425772637490452,2026/01/25 22:13:31,163492,20408,36,280,346
"🕶️🏆 Se é campeão, tem que usar o óculos da Copinha Sil!  #CopinhaSil2026 ",https://www.tiktok.com/@copinha/video/7599421338817711380,2026/01/25 21:56:14,599912,24904,30,201,350
"FALA, CAMPEÃO! MAIRON CESAR COM A PALAVRA! #CopinhaSil2026 ",https://www.tiktok.com/@copinha/video/7599417550664994069,2026/01/25 21:41:36,11052,378,13,5,10
"NÃO PODIA FALTAR O BANHO DE GELO NO MAIRON CESAR, TÉCNICO CAMPEÃO DA COPINHA SIL 2026!  #CopinhaSil2026 ",https://www.tiktok.com/@copinha/video/7599409010537876757,2026/01/25 21:08:27,44069,1676,3,12,21
Festa com a Nação Azul!  #CopinhaSil2026 ,https://www.tiktok.com/@copinha/video/7599405593178180885,2026/01/25 20:55:08,10525,300,5,11,6
Hora da foto dos campeões!  #CopinhaSil2026 ,https://www.tiktok.com/@copinha/video/7599404838954241300,2026/01/25 20:52:07,12608,665,3,21,22
"O Pedro Lourenço, presidente do Cruzeiro estava só alegria após o título da Copinha Sil 2026!  #CopinhaSil2026 ",https://www.tiktok.com/@copinha/video/7599401008887909653,2026/01/25 20:37:22,23074,900,16,17,23
"POR TODOS OS ÂNGULOS: O GOL DE WILLIAM, QUE ABRIU O CAMINHO PARA O TÍTULO DO CRUZEIRO!  #CopinhaSil2026 ",https://www.tiktok.com/@copinha/video/7599398754906574100,2026/01/25 20:28:39,38780,731,6,16,22
O GOL DO TÍTULO DO CRUZEIRO NA COPINHA SIL 2026! GUSTAVINHO É O NOME DELE!  #CopinhaSil2026 ,https://www.tiktok.com/@copinha/video/7599396503202925845,2026/01/25 20:19:48,115884,8019,62,327,169
É A RAÇA CRUZEIRENSE!  #CopinhaSil2026 ,https://www.tiktok.com/@copinha/video/7599392156691811604,2026/01/25 20:02:55,14416,547,3,2,12
O WILLIAM FOI NO TERCEIRO ANDAR PARA MARCAR O PRIMEIRO GOL DO CRUZEIRO NA FINAL DA COPINHA SIL!  #CopinhaSil2026 ,https://www.tiktok.com/@copinha/video/7599389604206185749,2026/01/25 19:53:08,160638,8982,8,47,87
Deixa os campeões balançarem!!! 🤪🕺🏾🏆 #CopinhaSil,https://www.tiktok.com/@copinha/video/7599368943559707960,2026/01/25 18:35:02,778302,51756,297,1483,1138
ENTRANDO EM CAMPO COM O NICOLAS! 👀😮‍💨🦊 POV: Você é um jogador do Cruzeiro no momento do apito final da decisão da #CopinhaSil2026! ,https://www.tiktok.com/@copinha/video/7599358730458664199,2026/01/25 17:53:09,64501,4228,41,57,81
AH EU TÔ MALUCO!  A torcida do Cruzeiro fez a festa após o gol!  #CopinhaSil2026 ,https://www.tiktok.com/@copinha/video/7599304280968940821,2026/01/25 14:21:56,33091,1253,13,22,19
A VOZ DA COPINHA SIL 2026 NA ÁREA! @mcguiguijr cantou antes da decisão! #CopinhaSil2026,https://www.tiktok.com/@copinha/video/7599302919808208139,2026/01/25 14:19:40,8676,231,1,2,0
PEGA O TUTORIAL! 🤪 Logo na entrada da Mercado Livre Arena Pacaembu já tem pessoas posicionadas pra vender nosso copo oficial! 🤩 Nas arquibancadas você também consegue encontrar! #CopinhaSil,https://www.tiktok.com/@copinha/video/7599303116164435212,2026/01/25 14:17:29,6326,74,2,0,1
A VOZ DA COPINHA SIL 2026 NA ÁREA!  MC Guigui Jr cantou antes da decisão!  #CopinhaSil2026,https://www.tiktok.com/@copinha/video/7599303028306480405,2026/01/25 14:17:04,34273,933,16,5,13
A molecada do Cruzeiro chegou curtindo um pagodinho!  #CopinhaSil2026 ,https://www.tiktok.com/@copinha/video/7599283606732786964,2026/01/25 13:01:42,9260,205,8,1,5
TODOS OS DETALHES! 🇾🇪 Se liga no gol do Isac na semifinal da #CopinhaSil! 😮‍💨 Será que ele vem inspirado pra grande final? 👀,https://www.tiktok.com/@copinha/video/7599106770413440312,2026/01/25 01:35:33,12919,497,1,3,4
☑️ DECISIVO NA FINAL DE 2025 ⏳ DECISIVO NA FINAL DE 2026... O Paulinho brilhou na #CopinhaSil mais uma vez! Será que vem mais na grande decisão? 🇾🇪🔥,https://www.tiktok.com/@copinha/video/7599052753104604472,2026/01/24 22:05:49,26999,1688,5,4,21
"FALA, PROFESSOR! Depois de levantar o caneco em 2025, Allan Barcellos comentou sobre a possibilidade de conquistar o bicampeonato da Copinha Sil. #CopinhaSil2026",https://www.tiktok.com/@copinha/video/7599035900613446924,2026/01/24 21:00:24,9168,537,6,3,4
TOP TRÊS! Todo jogo de Copinha Sil é uma decisão e o mas o Mairon César falou os três que mais marcaram o treinador este ano. #CopinhaSil2026,https://www.tiktok.com/@copinha/video/7599028170636971275,2026/01/24 20:30:24,7621,360,6,0,8
"VOZ DA EXPERIÊNCIA! Com uma decisão de Copinha Sil no currículo, Luis Fernando quer a taça em 2026! #CopinhaSil2026",https://www.tiktok.com/@copinha/video/7599012699795672331,2026/01/24 19:30:23,7868,386,3,1,5
"""MINHA FAMÍLIA""! O Allan Barcellos tá em casa quando se fala de São Paulo #CopinhaSil2026",https://www.tiktok.com/@copinha/video/7599004970247048504,2026/01/24 19:00:24,14455,1315,22,13,35
"É DE FAMÍLIA! Em sua segunda final de Copinha Sil Mairon César falou um pouco sobre seus treinadores de referencia, sendo que um é pra lá de especial. #CopinhaSil2026",https://www.tiktok.com/@copinha/video/7598997249506495800,2026/01/24 18:30:26,39699,2298,33,22,50
"CONHECE O CAMINHO! Campeão no ano passado, Paulinho falou um pouco de como é estar em sua segunda final de Copinha Sil seguida. #CopinhaSil2026",https://www.tiktok.com/@copinha/video/7598989511506332939,2026/01/24 18:00:23,25927,2500,12,14,38
"UM PÉ LÁ, OUTRO CÁ! Capitão do Cruzeiro na Copinha Sil, Luis Fernando falou sobre a experiência de jogar o profissional na disputa do Campeonato Mineiro e voltar para jogar a decisão deste domingo. #CopinhaSil2026",https://www.tiktok.com/@copinha/video/7598971754735766795,2026/01/24 16:51:27,51048,4047,15,23,69
QUE CATEGORIA! QUE GOLAÇO DE FALTA DO IGOR FELISBERTO! #CopinhaSil2026,https://www.tiktok.com/@copinha/video/7598664835261353272,2026/01/23 21:00:29,11901,750,6,8,12
PINTURA! O golaço de Igor Felisberto fechou a goleada do São Paulo na semifinal da Copinha Sil 2026! #CopinhaSil2026,https://www.tiktok.com/@copinha/video/7598380667105250571,2026/01/23 02:37:50,185921,19792,81,460,329
"NO DETALHE! O gol de Isac, do São Paulo, pelos olhares da Copinha Sil! #CopinhaSil2026",https://www.tiktok.com/@copinha/video/7598372685864832312,2026/01/23 02:06:49,116409,6712,26,88,72
"QUE GOLAÇO! Igor Felisberto cobra falta com muita categoria, no canto direito do goleiro, e transforma o placar pro Tricolor em goleada! #CopinhaSil2026",https://www.tiktok.com/@copinha/video/7598370495016242444,2026/01/23 01:58:21,20061,1461,10,28,6
VIROU GOLEADA! 🇾🇪 O Tricolor fez um golaço logo no comecinho do 2º tempo! #CopinhaSil,https://www.tiktok.com/@copinha/video/7598370444730846475,2026/01/23 01:58:13,45641,3038,12,36,34
MAIS UM DO TRICOLOR! 😮‍💨 Gustavo Santana faz o 3º no MorumBIS! #CopinhaSil,https://www.tiktok.com/@copinha/video/7598361559248686347,2026/01/23 01:23:39,15758,777,7,17,7
"IMPARÁVEL, TRICOLOR! Agora foi a vez de Gustavo Santana guardar o dele! 3 a 1 para o São Paulo neste primeiro tempo! #CopinhaSil2026",https://www.tiktok.com/@copinha/video/7598361361017507084,2026/01/23 01:22:53,144298,6540,53,84,78
O TRICOLOR TÁ COM TUDO! Isac aparece por trás da marcação do Ibrachina e usa a cabeça para anotar o segundo do São Paulo no confronto! #CopinhaSil2026,https://www.tiktok.com/@copinha/video/7598356221208333624,2026/01/23 01:02:59,24360,990,8,25,14
"TÁ NA REDE! Logo no comecinho do jogo, Paulinho anota o primeiro do São Paulo na partida! #CopinhaSil2026",https://www.tiktok.com/@copinha/video/7598353452900650296,2026/01/23 00:52:15,32215,1528,12,58,13
O clima da semifinal da #CopinhaSil tá como? 😎🔥,https://www.tiktok.com/@copinha/video/7598335904821939468,2026/01/22 23:44:10,114671,9630,31,93,147
DE OLHO NELA! 👀🦊 O Cruzeiro vai em busca do bicampeonato da Copinha Sil! #CopinhaSil2026,https://www.tiktok.com/@copinha/video/7598016343828385080,2026/01/22 03:04:02,37478,1586,28,144,41
O GOL DA VAGA! Murilo fez um cruzamento fechado na área e a bola foi direto para o fundo da rede! #CopinhaSil2026,https://www.tiktok.com/@copinha/video/7598014411487317260,2026/01/22 02:56:35,52415,2098,20,34,32
A BATIIIIIIIIIIIIDAAAA! Eduardo Pape acerta um chutaço de fora da área para empatar o jogo! Tem gol do Cabuloso! #CopinhaSil2026,https://www.tiktok.com/@copinha/video/7598008513293552908,2026/01/22 02:33:41,227102,23820,86,990,379