"Identificação do post","Identificação da conta","Nome de usuário da conta","Nome da conta",Descrição,"Duração (s)","Horário de publicação","Link permanente","Tipo de post","Comentário de dados",Data,Visualizações,Alcance,Curtidas,Compartilhamentos,Seguimentos,Comentários,Salvamentos
18028860299838194,17841405688144679,rivalobrasil,"Rivalo Brasil","A gente sabe que você já tem um nome na cabeça…
Comente aqui e marca o clube dele! 👇

#MudeParaRivalo 🔁",0,"07/26/2026 08:03",https://www.instagram.com/p/DbQqpYqyEif/,"Imagem do Instagram","Ocorreu um erro ao computar métricas.",-,,,,,,,
17937871155312678,17841454473375442,ulissescostatv,"ULISSES TV","O GOL DA VITÓRIA! 🔴⚫

Erick apareceu no momento certo! O zagueiro antecipou a marcação e subiu mais alto para testar firme, mandar para o fundo das redes e garantir a vitória do @flamengoguarulhos por 1 a 0 sobre o Independente de Limeira, no jogo de ida da semifinal do Paulista Sub-23.

🎙️ @narraito 

📺 Paulista Sub-23 é na Ulisses TV.

#Paulistão #UlissesTV #FlamengoGuarulhos #AAFlamengo #FutebolPaulista",64,"07/25/2026 18:57",https://www.instagram.com/reel/DbPQuCdpUuQ/,"Reel do Instagram","Ocorreu um erro ao computar métricas.",-,,,,,,,
18024545054849806,17841405688144679,rivalobrasil,"Rivalo Brasil","Interior de São Paulo: Tudo
O resto: Nada 👍

#MudeParaRivalo 🔁",0,"07/23/2026 08:10",https://www.instagram.com/p/DbI9He8lquy/,"Carrossel do Instagram","Ocorreu um erro ao computar métricas.",-,,,,,,,
18085664702542854,17841400074692954,paulistao,Paulistão,"VAI BUSCAR O ACESSO!
O @itaqua.athletico.clube é semifinalista do Paulista Sub-23 Segunda Divisão!
#FutebolPaulista",0,"07/18/2026 12:57",https://www.instagram.com/p/Da8mBvdH2qJ/,"Imagem do Instagram",,Total,62391,28862,886,88,8,19,6
18110666845982822,17841400074692954,paulistao,Paulistão,"HAJA CORAÇÃO!
Enquanto a Ponte Preta vai em busca de três pontos importantes no @brasileiraob, a Portuguesa quer sair na frente nas oitavas de final da @cbfseried.
#PaulistasEmCampo",0,"07/18/2026 06:00",https://www.instagram.com/p/Da7xGQxDpd4/,"Imagem do Instagram",,Total,18291,9757,182,2,0,14,0
17936827320302351,17841400074692954,paulistao,Paulistão,"NÃO PARA DE LUTAR!
O Coringão vai buscar os três pontos na Neo Química Arena no @brasileirao!
#FutebolPaulista #PaulistasEmCampo",0,"07/30/2026 06:00",https://www.instagram.com/p/Dbaqoy0ml11/,"Imagem do Instagram",,Total,8640,4879,155,3,0,2,1
17924498379162120,17841400074692954,paulistao,Paulistão,"Noite vitoriosa dos paulistas no Brasileirão e Sul-Americana! #PaulistasEmCampo",0,"07/29/2026 19:37",https://www.instagram.com/p/DbZokEFGvjj/,"Imagem do Instagram",,Total,19844,11648,292,6,0,8,4
17873669223549228,17841400074692954,paulistao,Paulistão,"GOLEADA DO VERDÃO! 🟢⚪
Vitória gigante do Palmeiras pra se isolar na liderança do Brasileirão! #PaulistasEmCampo
📷 Cesar Greco/Palmeiras",0,"07/29/2026 19:33",https://www.instagram.com/p/DbZoDW8Csaw/,"Imagem do Instagram",,Total,25348,14692,1039,82,1,113,11
18016090676876459,17841400074692954,paulistao,Paulistão,"A vitória que classificou o Massa Bruta às oitavas de final da Sul-Americana! 👏👏👏 #PaulistasEmCampo
📷 Ari Ferreira/Red Bull Bragantino",0,"07/29/2026 19:28",https://www.instagram.com/p/DbZngH2mg6d/,"Imagem do Instagram",,Total,15068,7392,162,3,0,4,0
18061487300758855,17841400074692954,paulistao,Paulistão,"NAS OITAVASSSS!!! 🤩🔥
O Massa Bruta venceu o Sporting Cristal e está nas oitavas de final da Sul-Americana! #PaulistasEmCampo",0,"07/29/2026 19:27",https://www.instagram.com/p/DbZnUvYmmUg/,"Imagem do Instagram",,Total,23704,13239,238,4,0,0,3
17947716960036202,17841400074692954,paulistao,Paulistão,"VITÓRIA DO LEÃO! 🦁
O Mirassol venceu o Remo pelo Brasileirão! #PaulistasEmCampo",0,"07/29/2026 17:31",https://www.instagram.com/p/DbZaEAKE0F_/,"Imagem do Instagram",,Total,14633,8500,266,27,1,5,2
18362305189210119,17841429857362439,paulistaof,"Paulistão F","O gol das Palestrinas em detalhes... 🤩🐷 #PaulistãoFPetrobras #Derby",46,"07/29/2026 16:32",https://www.instagram.com/reel/DbZTNnugGrR/,"Reel do Instagram",,Total,41382,30827,2339,86,16,44,14
18114472408937132,17841429857362439,paulistaof,"Paulistão F","QUE INTIMIDADE! 
Que qualidade da @dudaasampaio10 no domínio, hein?!
#PaulistãoFPetrobras",10,"07/29/2026 14:49",https://www.instagram.com/reel/DbZHMvXPd7j/,"Reel do Instagram",,Total,122350,70598,2466,23,10,54,31
18013039052866412,17841400074692954,paulistao,Paulistão,"DUAS JÁ FORAM! ✅
Vem conferir a classificação 100% atualizada da #CopaPaulistaRivalo!",0,"07/29/2026 12:30",https://www.instagram.com/p/DbYyfUQCSUA/,"Carrossel do Instagram",,Total,28315,12091,416,13,0,12,5
18076954475697891,17841400074692954,paulistao,Paulistão,"VISITANTE INDESEJADO!🐷💚
O líder do Brasileirão é a pedra no sapato dos mandantes!
#Palmeiras #FutebolPaulista #PaulistasEmCampo",0,"07/29/2026 11:30",https://www.instagram.com/p/DbYrmtkkyoh/,"Imagem do Instagram",,Total,23704,13770,430,5,0,14,2
17898185877475160,17841400074692954,paulistao,Paulistão,"NÃO SABEM O QUE É PERDER!
Comercial, Juventus e São José só tiveram vitórias até aqui na Copa Paulista Rivalo!
#CopaPaulistaRivalo",0,"07/29/2026 09:59",https://www.instagram.com/p/DbYmW3jlIhZ/,"Imagem do Instagram",,Total,13657,7673,302,27,1,17,3
18080483183488073,17841400074692954,paulistao,Paulistão,"PRECISANDO DE GOL, É COM ELES MESMO! ⚽🔥
Calleri e Gabigol lideram o ranking de artilheiros paulistas no @brasileirao desse ano!
#PaulistasEmCampo #SãoPaulo #Santos",0,"07/29/2026 08:00",https://www.instagram.com/p/DbYTlUYmr41/,"Imagem do Instagram",,Total,131268,69427,6677,830,4,111,111
17901582456500214,17841400074692954,paulistao,Paulistão,"SÓ JOGÃO NESSA QUARTA-FEIRA!
Mirassol e Palmeiras buscam os três pontos no @brasileirao, enquanto o Red Bull Bragantino só quer a classificação na @sudamericanabr!
#PaulistasEmCampo",0,"07/29/2026 06:00",https://www.instagram.com/p/DbYF2GFFucW/,"Imagem do Instagram",,Total,11232,6544,193,7,0,0,3
17969726165932713,17841429857362439,paulistaof,"Paulistão F","UM NOVO DIA, UM NOVO DERBY!
O Superclássico F @petrobras vai ser digno de cinema nesta quarta-feira 🤩
#PaulistãoFPetrobras2026",0,"07/28/2026 20:05",https://www.instagram.com/p/DbXBvyAmhfw/,"Imagem do Instagram",,Total,46638,26077,1434,88,4,16,21
18116441437900001,17841400074692954,paulistao,Paulistão,"Os resultados dessa terça-feira!
#PaulistasEmCampo",0,"07/28/2026 19:59",https://www.instagram.com/p/DbXGRyQDL_L/,"Imagem do Instagram",,Total,16970,10243,191,2,0,0,2
18204600916317067,17841400074692954,paulistao,Paulistão,"O Botafogo sofreu a derrota no @brasileiraob.
#PaulistasEmCampo
📷Davi Rocha/Agência Botafogo/Divulgação",0,"07/28/2026 19:52",https://www.instagram.com/p/DbXFd4elbxq/,"Imagem do Instagram",,Total,14615,7731,110,1,0,0,1
18334714750265711,17841400074692954,paulistao,Paulistão,"VITÓRIA E CLASSIFICAÇÃO!
O Santos vence o jogo de volta contra a Universidad Central e se classifica para a próxima fase da @sudamericanabr!
#PaulistasEmCampo
📷Raul Baretta/Santos FC",0,"07/28/2026 19:26",https://www.instagram.com/p/DbXCcFkjBnk/,"Imagem do Instagram",,Total,43306,25215,1171,64,3,8,9
17878918587505767,17841400074692954,paulistao,Paulistão,"PEIXÃO CLASSIFICADO! ⚪⚫
O Santos está garantido nas oitavas de final da @sudamericanabr!
#PaulistasEmCampo",0,"07/28/2026 19:25",https://www.instagram.com/p/DbXCW_-FqPh/,"Imagem do Instagram",,Total,30022,16173,691,34,0,5,4
18460420837117104,17841400074692954,paulistao,Paulistão,"A Ponte Preta empata com o Athletic e soma um ponto no @brasileiraob!
#PaulistasEmCampo
📷Marcos Ribolli/Ponte Preta",0,"07/28/2026 17:32",https://www.instagram.com/p/DbW1bexFbo_/,"Imagem do Instagram",,Total,23662,12330,250,7,0,16,1
18144051103533998,17841400074692954,paulistao,Paulistão,"SE LIGA NESSES NÚMEROS! ✋🤪🤚
O Neymar tá voando no @brasileirao desse ano!
#PaulistasEmCampo #Santos",0,"07/28/2026 13:45",https://www.instagram.com/p/DbWbaHLnaCG/,"Imagem do Instagram",,Total,117929,66172,4128,136,1,103,50
18572521531069177,17841400074692954,paulistao,Paulistão,"É ELE ALI? 👀🐷
Chad “Ochocinco” Johnson apareceu no treino do Panthers com a camisa do Palmeiras campeão da Libertadores em 1999. Essa é relíquia, hein, torcedor?
#PaulistasEmCampo
📷 Reprodução/X",0,"07/28/2026 12:32",https://www.instagram.com/p/DbWTHbeiVte/,"Carrossel do Instagram",,Total,78894,38328,5046,167,4,69,52
18034576868820796,17841400074692954,paulistao,Paulistão,"MINHAS EQUIPES LUTANDO PELO TOPO!
Assim está a classificação da #SérieC ao fim da 15ª rodada!
#PaulistasEmCampo",0,"07/28/2026 11:00",https://www.instagram.com/p/DbWGzsAFtS2/,"Imagem do Instagram",,Total,50205,27324,1141,17,7,17,11
18197755849373206,17841400074692954,paulistao,Paulistão,"DOSE TRIPLA!
Ponte Preta e Botafogo vão a campo pelo @brasileiraob, enquanto o Peixão vai em busca da classificação na @sudamericanabr.
#PaulistasEmCampo",0,"07/28/2026 06:00",https://www.instagram.com/p/DbVhFC_GuG8/,"Imagem do Instagram",,Total,16906,9052,218,22,1,0,2
18469035160115223,17841400074692954,paulistao,Paulistão,"MAIS TRÊS!
O Guarani leva a melhor no Duelo Paulista da @cbfseriec.
#PaulistasEmCampo 
📷 Raphael Silvestre/GuaraniFC",0,"07/27/2026 17:55",https://www.instagram.com/p/DbUTPydE7U2/,"Imagem do Instagram",,Total,34273,18289,581,16,6,12,4
17998502421004332,17841400074692954,paulistao,Paulistão,"FIM DE PAPO!
A segunda rodada da Copa Paulista Rivalo foi movimentada.
#CopaPaulistaRivalo",0,"07/27/2026 17:45",https://www.instagram.com/p/DbUSDdkEhVa/,"Imagem do Instagram",,Total,23155,12639,337,9,1,0,5
18154039951473014,17841400074692954,paulistao,Paulistão,"MAIS TRÊS PARA O CARCARÁ!
O Grêmio Prudente encerra a segunda rodada da #CopaPaulistaRivalo com vitória.
📷 Murilo Aguilar",0,"07/27/2026 17:41",https://www.instagram.com/p/DbURrSVj8Vx/,"Imagem do Instagram",,Total,34779,19734,388,20,5,4,3
18093358286379863,17841400074692954,paulistao,Paulistão,"VERDÃO SEGUE NA LIDERANÇA!
Vem ver como está a classificação do @brasileirao depois da última rodada!
#PaulistasEmCampo",0,"07/27/2026 14:52",https://www.instagram.com/p/DbT-OicFsT_/,"Imagem do Instagram",,Total,243447,130542,7849,68,27,27,64
18116152243916304,17841405688144679,rivalobrasil,"Rivalo Brasil","OS JOGADORES DO @juventussaf CONSEGUIRAM ADIVINHAR DE QUEM É O CABELO? 🤔

Comenta aí quem devia entrar no próximo desafio 👇
#MudeParaRivalo 🔁",87,"07/27/2026 08:13",https://www.instagram.com/reel/DbTQguESIVh/,"Reel do Instagram",,Total,20394,14085,210,4,1,0,0
18099803285194093,17841400074692954,paulistao,Paulistão,"ENCERRANDO A RODADA!
Grêmio Prudente e Bandeirante fazem o úlitmo jogo da segunda rodada da Copa Paulista Rivalo nessa segunda-feira!
#CopaPaulistaRivalo",0,"07/27/2026 08:00",https://www.instagram.com/p/DbTJ_DPj-3y/,"Imagem do Instagram",,Total,13839,8701,72,3,1,0,0
18117664769493077,17841400074692954,paulistao,Paulistão,"ALERTA DE JOGÃO!
Guarani e Inter de Limeira fazem mais um #DueloPaulista na @cbfseriec. Quem vai levar a melhor?
#PaulistasEmCampo",0,"07/27/2026 06:00",https://www.instagram.com/p/DbS8Q30liDy/,"Imagem do Instagram",,Total,33706,19969,448,28,2,38,6
17918440530199926,17841400074692954,paulistao,Paulistão,"Ponto final em mais um domingo de futebol.
#PaulistasEmCampo",0,"07/26/2026 17:47",https://www.instagram.com/p/DbRthLFDHKk/,"Imagem do Instagram",,Total,49066,29793,629,37,1,7,8
18432240049127694,17841400074692954,paulistao,Paulistão,"Com o placar definido no segundo tempo, o Palmeiras acabou superado pelo Atlético-MG.
#PaulistasEmCampo
📷Cesar Greco/Palmeiras",0,"07/26/2026 17:26",https://www.instagram.com/p/DbRrI9pjAmf/,"Imagem do Instagram",,Total,33817,20877,518,74,0,42,1
18337714255267102,17841400074692954,paulistao,Paulistão,"CONHECE O CAMINHO!
Seja no Brasileirão ou na Copa do Brasil, se tem São Paulo e Flamengo no Maraca, o Calleri guarda!
#FutebolPaulista
🎥ge",42,"07/26/2026 17:13",https://www.instagram.com/reel/DbRpaxIt8Xo/,"Reel do Instagram",,Total,396701,273124,14821,1870,97,172,241
17938847706297150,17841400074692954,paulistao,Paulistão,"FOI BUSCAR!
O São Paulo saiu atrás do marcador, mas conseguiu buscar o empate no Maracanã.
#PaulistasEmCampo
📷Rubens Chiri/São Paulo",0,"07/26/2026 16:49",https://www.instagram.com/p/DbRm8VfCXAy/,"Imagem do Instagram",,Total,24527,13298,530,17,0,7,8
18094860647627312,17841400074692954,paulistao,Paulistão,"GOLEADA DO TIGRE!
Novorizontino encerra sequencias sem vitória em grande estilo!
#PaulistasEmCampo
📷Ozzair Jr/Novorizontino",0,"07/26/2026 16:40",https://www.instagram.com/p/DbRl5ImG5_f/,"Imagem do Instagram",,Total,34681,20063,564,10,0,0,2
18150542944490236,17841400074692954,paulistao,Paulistão,"SEM GOLS!
A rede não balançou em Bragança Paulista.
#PauilistasEmCampo
📷Ari Ferreira/Red Bull Bragantino",0,"07/26/2026 16:37",https://www.instagram.com/p/DbRlhHUlYM9/,"Imagem do Instagram",,Total,22642,11138,122,3,0,0,1
18130690453722816,17841400738755454,baamaia,"Bárbara Maia 🧿","Ovacionado pela torcida!

#dudu #palmeiras #nubankparque #brasileirao2026",6,"07/26/2026 15:37",https://www.instagram.com/reel/DbRefETx2x5/,"Reel do Instagram",,Total,163515,91190,5447,135,1,58,0
18417688198194742,17841400738755454,baamaia,"Bárbara Maia 🧿","SAUDADES, TORCEDOR? 

Dudu retorna ao Nubank Parque para enfrentar o Palmeiras vestindo a camisa do Atlético-MG. Será a primeira vez que o atacante atua no estádio como adversário desde sua saída do clube.

#dudu #palmeiras #nubankparque #futebol #brasileirao2026",33,"07/26/2026 15:09",https://www.instagram.com/reel/DbRbH05x2VB/,"Reel do Instagram",,Total,85797,60041,2608,28,3,34,0
18105814682113555,17841400074692954,paulistao,Paulistão,"PONTO LÁ!
O Corinthians ficou no empate contra o Bahia.
#PaulistasEmCampo
📷Leticia Martins/Bahia",0,"07/26/2026 14:12",https://www.instagram.com/p/DbRU96zH_KB/,"Imagem do Instagram",,Total,22932,12548,345,14,0,12,4
18101683375905747,17841400074692954,paulistao,Paulistão,"Em um jogo se sete gols, o São Bernardo acabou sofrendo o revés contra o Ceará.
#PaulistasEmCampo
📷Janes Carvalho /Divulgação/São Bernardo",0,"07/26/2026 14:05",https://www.instagram.com/p/DbRUHPcnyK_/,"Imagem do Instagram",,Total,21177,11824,252,5,0,3,1
18336422830264321,17841400074692954,paulistao,Paulistão,"O Ituano foi superado fora de casa.
#PaulistasEmCampo
📷Marco Aurélio Júnior/Divulgação/Ituano",0,"07/26/2026 14:00",https://www.instagram.com/p/DbRThTdn24i/,"Imagem do Instagram",,Total,28039,14599,185,3,0,1,1
18136816078588063,17841400074692954,paulistao,Paulistão,"O empate no Clássico entre Santo André e São Caetano, além das vitórias de Linense e Juventus marcaram o domingo de Copa Paulista Rivalo.
#CopaPaulistaRivalo",0,"07/26/2026 08:34",https://www.instagram.com/p/DbQuS5yH4kd/,"Imagem do Instagram",,Total,15905,8650,197,8,2,3,3
17962284183141361,17841400074692954,paulistao,Paulistão,"CONFRONTO ABERTO!
Fim de papo no jogo de ida da semifinal do Paulista Sub-23 Segunda Divisão. América e Itaquá ficam no empate.
#FutebolPaulista
📷José Luis Silva/Ag. Paulistão",0,"07/26/2026 08:00",https://www.instagram.com/p/DbQqZYwnwy2/,"Imagem do Instagram",,Total,32924,18127,454,29,1,17,2
18609505585030888,17841425643342499,mariliaac1942,"Marília Atlético Clube","QUE GOLAÇO, @vinicios_andrade01 🤌💙🤍

📸 @matheusdahsanfoto 

#VamosMAC #MAC #CopaPaulistaRivalo",0,"07/26/2026 07:07",https://www.instagram.com/p/DbQkGTwxWYW/,"Imagem do Instagram",,Total,23879,11857,302,2,6,5,0
18113403229928352,17841425643342499,mariliaac1942,"Marília Atlético Clube","GOLAAAAÇO DO MAC 🐯🔥

@vinicios_andrade01 marca de falta e empata o placar em Lins. 

Linense 1-1 MAC

#VamosMAC #MAC #Mariliasp #CopaPaulistaRivalo",28,"07/26/2026 06:58",https://www.instagram.com/reel/DbQi9YAxmu8/,"Reel do Instagram",,Total,68594,38529,2147,116,29,46,0
18134326141610209,17841400074692954,paulistao,Paulistão,"DOMINGO CHEIO DE FUTEBOL PAULISTA!
São sete duelos nas séries A, B e C do @brasileirao!
#PaulistasEmCampo",0,"07/26/2026 06:00",https://www.instagram.com/p/DbQXdGrFuMz/,"Imagem do Instagram",,Total,31054,16939,726,27,1,3,17
18101652289912551,17841400074692954,paulistao,Paulistão,"AQUECIMENTO FINALIZADO!
Bora para os primeiros 90 minutos de América e Itaquá na semifinal do Paulista Sub-23 Segunda Divisão!
#FutebolPaulista 
📷José Luis Silva/Ag. Paulistão",0,"07/26/2026 05:50",https://www.instagram.com/p/DbQbiToj83S/,"Carrossel do Instagram",,Total,21260,7142,163,2,0,1,0
18084057491421096,17841400074692954,paulistao,Paulistão,"DOMINGO DE SEMI!
O Teixeirão está pronto para receber o primeiro confronto da semifinal entre América e Itaquá!
#FutebolPaulista
📷José Luis Silva/Ag. Paulistão",0,"07/26/2026 05:04",https://www.instagram.com/p/DbQWMK5n7qA/,"Carrossel do Instagram",,Total,21042,7699,230,3,1,3,2
18118228573807770,17841400074692954,paulistao,Paulistão,"DIA DE SEMIFINAL! 🔥
América e Itaquaquecetuba disputam o jogo de ida da semi do Paulista Sub-23 Segunda Divisão! Quem vence? 👀 #PaulistaSub23SegundaDivisão",0,"07/26/2026 03:30",https://www.instagram.com/p/DbQGSR3lpFC/,"Imagem do Instagram",,Total,27398,16033,246,8,5,3,3
17873026599688694,17841400074692954,paulistao,Paulistão,"PARA COMEÇAR O DOMINGO DAQUELE JEITO!
Assista aos jogos de hoje da #CopaPaulistaRivalo AO VIVO no YouTube!
#CopaPaulistaRivalo",0,"07/26/2026 03:00",https://www.instagram.com/p/DbQC2sYk6Mi/,"Imagem do Instagram",,Total,9366,5545,89,5,0,0,2
18098707985218418,17841400074692954,paulistao,Paulistão,"Assim terminou o sabadão de Copa Paulista Rivalo!
#CopaPaulistaRivalo",0,"07/25/2026 17:19",https://www.instagram.com/p/DbPFl2UETWS/,"Imagem do Instagram",,Total,22681,12755,337,11,0,10,5
17957858816981785,17841400074692954,paulistao,Paulistão,"UM PONTO!
Neymar marca duas vezes e Santos fica no empate com a Chapecoense.
#PaulistasEmCampo
📷Roberto Pessoa/Chapecoense",0,"07/25/2026 16:31",https://www.instagram.com/p/DbPADcDjaO2/,"Imagem do Instagram",,Total,32433,17840,511,36,2,26,4
17900542770499317,17841400074692954,paulistao,Paulistão,"TÁ LÁ!
Pega só o golaço que o Neymar anotou pra cima da Chapecoense!
#PaulistasEmCampo
🎥 geTV",81,"07/25/2026 15:48",https://www.instagram.com/reel/DbO7Ae3COyH/,"Reel do Instagram",,Total,1486250,1069097,68330,2162,463,1821,852
18160135555466882,17841404518850618,saojoseecoficial,"São José Esporte Clube","GOOOOOOOOOOOL DA ÁGUIA!!! 🦅⚽

Neto Oliveira abre o placar para a #ÁguiaDoVale no MONUMENTAL!

📹 @izackamaral_ / SJEC

#vaipelocéudobrasil",14,"07/25/2026 15:22",https://www.instagram.com/reel/DbO39QgJLE0/,"Reel do Instagram",,Total,80299,50006,2360,110,24,33,0
18112687255918449,17841400074692954,paulistao,Paulistão,"NEM LÁ, NEM CÁ!
Ferroviária e Maranhão ficaram no empate pela Série C.
#PaulistasEmCampo
📷Guilherme Moro/Ferroviária",0,"07/25/2026 15:09",https://www.instagram.com/p/DbO2oGyH_bt/,"Imagem do Instagram",,Total,19991,10891,121,3,0,2,0
18410177749155554,17841400074692954,paulistao,Paulistão,"TRÊS PONTOS!
Red Bull Bragantino faz o dever de casa e fica com a vitória pra cima do Atlético-MG!
#ElasEmCampo
📷Fernando Roberto/Red Bull Bragantino",0,"07/25/2026 15:01",https://www.instagram.com/p/DbO1w00n8uX/,"Imagem do Instagram",,Total,27089,14546,162,4,2,2,0
17877545610512132,17841412776137397,flamengoguarulhos,"AA Flamengo Guarulhos","GOOOOOOOOOOOOOOOOOOOOOOL DO FLAMENGO!!! ERICKKKKK!!!

Após cobrança de falta de Luciano, Erick se antecipa a marcação e marca o primeiro gol do Flamengo no Ninho do Corvo!

🎥 @dyanaborges.comunic/Flamengo 

#VoaCorvo #TimeDaCidade #GuarulhosÉRubroNegra",33,"07/25/2026 14:25",https://www.instagram.com/reel/DbOxdQ3AFjp/,"Reel do Instagram",,Total,33574,21067,1172,27,27,21,0
18127563940632310,17841400074692954,paulistao,Paulistão,"Portuguesa luta até o fim, mas sem conseguir reverter a desvantagem do placar agregado, se despede da disputa da Série D.
#PaulistasEmCampo
📷 André Lucas/Portuguesa",0,"07/25/2026 14:12",https://www.instagram.com/p/DbOwI_Mnwis/,"Imagem do Instagram",,Total,28272,15770,602,14,0,136,7
18104357876333619,17841400074692954,paulistao,Paulistão,"LUSA ABRE O PLACAR!
De pênalti, Toró marca o primeiro gol da @portuguesaoficial no jogo ⚽️
#PaulistasEmCampo",16,"07/25/2026 13:45",https://www.instagram.com/reel/DbOs6A7pccQ/,"Reel do Instagram",,Total,108097,76411,2064,23,28,56,13
18134132887622556,17841400074692954,paulistao,Paulistão,"VANTAGEM DO CORVO!
Flamengo vence em casa e sai na frente por um lugar na final do Paulista Sub-23 Segunda Divisão!
#FutebolPaulista
📷Diego Soares/Ag. Paulistão",0,"07/25/2026 13:03",https://www.instagram.com/p/DbOoOPHH6i3/,"Imagem do Instagram",,Total,61757,34506,1128,60,17,39,9
18138462454571930,17841400074692954,paulistao,Paulistão,"SÁBADO DE SEMI!
Tá chegando a hora! Flamengo e Independente se enfrentam logo mais pela ida da semifinal do Paulista Sub-23 Segunda Divisão!
#FutebolPaulista
📷 Diego Soares/Ag. Paulistão",0,"07/25/2026 10:49",https://www.instagram.com/p/DbOY8GlH9j3/,"Carrossel do Instagram",,Total,46545,16640,403,2,5,0,2
18128369932653440,17841400074692954,paulistao,Paulistão,"PLACARES ELÁSTICOS? TEMOS!
Neste século, a Lusa já mostrou que entende bem de goleada. Será que hoje vem mais uma, torcedor? É DIA DE LOTAR O CANINDÉ PARA EMPURRAR A PORTUGUESA 🦁🔥
#PaulistasEmCampo",0,"07/25/2026 10:00",https://www.instagram.com/p/DbOOQZwmqX-/,"Carrossel do Instagram",,Total,97050,43970,1618,29,1,23,32
18098533700158181,17841454473375442,ulissescostatv,"ULISSES TV","É DIA DE DECISÃO NA ULISSES TV! ⚽️

Chegou a hora da semifinal! A bola vai rolar pelo jogo de ida entre Flamengo de Guarulhos e Independente de Limeira, em um duelo que promete muita emoção e vale um passo importante rumo à grande final do Paulistão Sub-23 – Segunda Divisão.

📅 25 de julho
🕒 15h
🏟️ Estádio Antônio Soares de Oliveira

A transmissão começa com aquele pré-jogo especial e, quando a bola rolar, você acompanha tudo ao vivo na tela da Ulisses TV!

🎙️ Narração: @narraito 
🎤 Comentários: @luizademarjr 
🎥 Reportagens: @brunopuzzovio 

#UlissesTV #Paulistão #Bezinha #FlamengoGuarulhos #IndependenteLimeira",0,"07/25/2026 09:08",https://www.instagram.com/p/DbOM20sxaoB/,"Imagem do Instagram",,Total,26543,14829,239,1,2,2,0
18110509903953304,17841400074692954,paulistao,Paulistão,"DIA DE DECISÃO! 😮💨
Flamengo e Independente disputam o primeiro jogo da semifinal do Paulista Sub-23 Segunda Divisão! Quem sai na frente? 👀 #PaulistaSub23SegundaDivisão",0,"07/25/2026 07:00",https://www.instagram.com/p/DbN5hofDuGD/,"Imagem do Instagram",,Total,26481,15004,412,15,5,6,5
18109149016995879,17841400074692954,paulistao,Paulistão,"SÁBADO COM DIREITO À DECISÃO PARA A LUSA! 👀
Qual é a expectativa para o compromisso do seu time hoje, torcedor?
#PaulistasEmCampo",0,"07/25/2026 06:00",https://www.instagram.com/p/DbNyqVZEhAM/,"Imagem do Instagram",,Total,14899,8202,239,3,0,4,4
18380133955163104,17841400074692954,paulistao,Paulistão,"NADA COMO O CANINDÉ...
Em 2022, a Lusa conquistou o acesso e o título do Paulistão A2 Rivalo em jogos emocionantes no Canindé. Agora chegou a hora de fazer de novo 🤩
#PaulistasEmCampo",0,"07/25/2026 05:00",https://www.instagram.com/p/DbNr7hSGpfI/,"Carrossel do Instagram",,Total,25490,10254,445,8,2,10,6
18472918792108262,17841400074692954,paulistao,Paulistão,"COMEÇANDO OS TRABALHOS! 🤩
São quatro confrontos para abrir a segunda rodada da Copa Paulista Rivalo!
#CopaPaulistaRivalo",0,"07/25/2026 05:00",https://www.instagram.com/p/DbNrzCon8HZ/,"Imagem do Instagram",,Total,18107,11372,180,15,1,4,3
18073815143370859,17841400074692954,paulistao,Paulistão,"𝐀 𝐚𝐫𝐪𝐮𝐢𝐛𝐚𝐧𝐜𝐚𝐝𝐚 𝐝𝐨 𝐂𝐚𝐧𝐢𝐧𝐝𝐞́ 𝐞́ 𝐩𝐫𝐚 𝐪𝐮𝐞𝐦 𝐚𝐜𝐫𝐞𝐝𝐢𝐭𝐚. 

Hoje, às 16h, é hora de mostrar o peso da camisa da Lusa.
#PaulistasEmCampo #SérieD #Portuguesa",15,"07/24/2026 20:05",https://www.instagram.com/reel/DbMu0e-ERuN/,"Reel do Instagram",,Total,40944,24367,975,76,19,71,13
18118461431498043,17841400074692954,paulistao,Paulistão,"OS CONFRONTOS DA SEGUNDA RODADA!
Vem conferir onde e quando assistir aos jogos da Copa Paulista Rivalo desse fim de semana!
#CopaPaulistaRivalo",0,"07/24/2026 16:00",https://www.instagram.com/p/DbMSh2wk5n0/,"Imagem do Instagram",,Total,40790,24239,482,33,14,8,8
17904508512465271,17841400074692954,paulistao,Paulistão,"LEMBRA DE TODOS ESSES, TORCEDOR? ❤️💚🦁
Decidimos relembrar alguns jogos marcantes da Portuguesa no Canindé porque nesse sábado tem decisão na casa da Lusa! Será que vem mais um confronto histórico por aí? 👀
#PaulistasEmCampo #SérieD",0,"07/24/2026 15:00",https://www.instagram.com/p/DbMLyyblm2Z/,"Carrossel do Instagram",,Total,81783,38047,1617,52,1,53,26
18016285394715138,17841400074692954,paulistao,Paulistão,"2011 ✅ 2022 ✅ 2026 ⏳
Amanhã é dia de mostrar o 𝒑𝒆𝒔𝒐 𝒅𝒂 𝒄𝒂𝒎𝒊𝒔𝒂 𝒅𝒂 𝑷𝒐𝒓𝒕𝒖𝒈𝒖𝒆𝒔𝒂. Por tudo que a Lusa já foi e por tudo que ela ainda será. No sábado, o Canindé vai presenciar mais uma parte da história gigante desse time que não cansa de se superar. 💚❤️ 
#PaulistasEmCampo #SérieD",46,"07/24/2026 12:53",https://www.instagram.com/reel/DbMCJ1SE1vn/,"Reel do Instagram",,Total,46464,35107,1091,66,9,60,14
18072511910413935,17841400074692954,paulistao,Paulistão,"A BARCELUSA FEZ HISTÓRIA NO CANINDÉ!
Na campanha do acesso à elite em 2011, a Portuguesa não perdeu em 17 dos 19 jogos disputados em casa. Chegou a hora de mostrar a força da Lusa no Canindé mais uma vez! 🏟️❤️💚
#PaulistasEmCampo #SérieD #Portuguesa",0,"07/24/2026 08:00",https://www.instagram.com/p/DbLbnirlsFf/,"Carrossel do Instagram",,Total,18509,6954,466,24,4,22,7
18086717021235341,17841429857362439,paulistaof,"Paulistão F","A Federação Paulista de Futebol e a Petrobras renovaram até o final da temporada de 2027 a parceria iniciada em 2024. Com o novo patrocínio, a companhia passa a dar nome ao Paulistão F Petrobras 2026, em disputa, à Copinha F Petrobras 2026, que será realizada no segundo semestre, e a todas as demais competições, torneios e festivais femininos do Estado. 
#PaulistãoFPetrobras",0,"07/24/2026 06:10",https://www.instagram.com/p/DbLUKs0kRGp/,"Carrossel do Instagram",,Total,76352,26298,798,40,8,18,11
18110918893981230,17841429857362439,paulistaof,"Paulistão F","FPF renova parceria com a Petrobras, que agora dá nome ao Paulistão F e à Copinha F. Novo patrocínio válido até o fim de 2027 reforça investimentos em competições, formação de atletas e projetos de desenvolvimento da modalidade. Nada pode parar a energia delas!
#PaulistãoFPetrobras",32,"07/24/2026 06:00",https://www.instagram.com/reel/DbLSbumxo7H/,"Reel do Instagram",,Total,38350,22144,362,20,5,5,6
18014579960925636,17841400074692954,paulistao,Paulistão,"Corinthians e Botafogo garantiram as vitórias do #FutebolPaulista nesta quinta-feira de futebol.
#PaulistasEmCampo",0,"07/23/2026 19:59",https://www.instagram.com/p/DbKOOP6mGTJ/,"Imagem do Instagram",,Total,39260,21314,635,3,1,6,4
18109507759999657,17841400074692954,paulistao,Paulistão,"VITÓRIA MAIÚSCULA!
Botafogo faz o dever de casa e chega ao quarto jogo de invencibilidade na Série B.
#PaulistasEmCampo
📷João Victor Menezes de Souza/Agência Botafogo",0,"07/23/2026 19:33",https://www.instagram.com/p/DbKLUC5DZPN/,"Imagem do Instagram",,Total,26115,13882,300,13,0,7,2
18347389531223644,17841400074692954,paulistao,Paulistão,"LÁ NA CORUJA!
Pega só esse golaço que o Wesley anotou pra cima do Juventude pela Série B!
#PaulistasEmCampo
🎥 @sportynetbrasil",63,"07/23/2026 19:00",https://www.instagram.com/reel/DbKHd2YlD2d/,"Reel do Instagram",,Total,100752,64899,1607,94,6,28,25
18331792954250836,17841400074692954,paulistao,Paulistão,"VAI, CORINTHIANS!
Timão domina o Remo e garante mais três pontos no Brasileirão!
#PaulistasEmCampo
📷Rodrigo Coca/Corinthians",0,"07/23/2026 17:39",https://www.instagram.com/p/DbJ-NQuHG_Y/,"Imagem do Instagram",,Total,67419,38932,2727,197,13,16,20
18099720092244139,17841400074692954,paulistao,Paulistão,"O São Bernardo tropeçou fora de casa.
#PaulistasEmCampo
📷Divulgação/São Bernardo",0,"07/23/2026 17:32",https://www.instagram.com/p/DbJ9aGXH62K/,"Imagem do Instagram",,Total,18483,10532,116,6,0,0,0
18421728346194574,17841400074692954,paulistao,Paulistão,"O Canindé é lugar de quem vibra independente da situação. De quem apoia acima de qualquer dificuldade. De quem acredita no sonho, na virada, na vitória. 

Nesse sábado, a Portuguesa precisa de você que acredita nela. Compre seu ingresso e apoie a Lusa! 🦁❤️
#PaulistasEmCampo #Portuguesa #SérieD",0,"07/23/2026 14:00",https://www.instagram.com/p/DbJh9tvj8Lb/,"Carrossel do Instagram",,Total,102199,50637,1833,148,14,77,28
18546619024075412,17841400074692954,paulistao,Paulistão,"🎟️ TUTORIAL: Como comprar seu ingresso para assistir a Portguesa x Uberlândia pelas oitavas de final da Série D! 

🦁 E aí torcedor, bora lotar o Canindé e apoiar a Lusa?
#PaulistasEmCampo #Portuguesa",34,"07/23/2026 12:30",https://www.instagram.com/reel/DbJa3DYpudC/,"Reel do Instagram",,Total,17235,12981,169,14,0,6,3
17878109451683329,17841400074692954,paulistao,Paulistão,"EM CASA A HISTÓRIA É OUTRA 🏟️🦁
A Lusa está invicta jogando em seus domínios na @cbfseried e vai em busca de mais uma vitória neste sábado. É DIA DE ENCHER O CANINDÉ PARA O LEÃO CONSEGUIR A VITÓRIA!
#PaulistasEmCampo",0,"07/23/2026 08:05",https://www.instagram.com/p/DbI8jANH3eo/,"Carrossel do Instagram",,Total,36466,19276,655,35,5,99,7
17864163189642178,17841400074692954,paulistao,Paulistão,"DOSE TRIPLA NESSA QUINTA-FEIRA! 🔥
O Corinthians quer a vitória na sua reestreia no @brasileirao após a Copa do Mundo, enquanto São Bernardo e Botafogo buscam os três pontos no @brasileiraob!
#PaulistasEmCampo",0,"07/23/2026 06:00",https://www.instagram.com/p/DbIpE1Qkj9y/,"Imagem do Instagram",,Total,12802,7119,165,1,0,2,1
18092595146421476,17841400074692954,paulistao,Paulistão,"Vem conferir como terminou mais um dia de #PaulistasEmCampo por aqui.",0,"07/22/2026 19:54",https://www.instagram.com/p/DbHo33IGGs3/,"Imagem do Instagram",,Total,38352,23136,450,5,0,2,7
18102250904270039,17841400074692954,paulistao,Paulistão,"O São Paulo acabou superado no @brasileirao.
#PaulistasEmCampo
📷 Rubens Chiri/saopaulofc.net",0,"07/22/2026 19:52",https://www.instagram.com/p/DbHoo5ukXW7/,"Imagem do Instagram",,Total,28888,16930,395,119,0,29,3
18099506536968803,17841400074692954,paulistao,Paulistão,"TUDO IGUAL!
O Massa Bruta volta ao Brasil com um empate na mala.
#PaulistasEmCampo
📷 Ari Ferreira/Red Bull Bragantino",0,"07/22/2026 19:34",https://www.instagram.com/p/DbHmocrEejI/,"Imagem do Instagram",,Total,22206,10823,105,3,0,0,1
18105772040323970,17841400074692954,paulistao,Paulistão,"COLOCOU ONDE QUERIA!
Artur bateu a falta com toda categoria para abrir o placar para o Tricolor!
#PaulistasEmCampo 
🎥 Globo",62,"07/22/2026 18:33",https://www.instagram.com/reel/DbHfjWcsl38/,"Reel do Instagram",,Total,80122,52150,1818,53,0,42,15
18067444763706993,17841400074692954,paulistao,Paulistão,"A Ponte Preta sofre revés no @brasileiraob.
#PaulistasEmCampo
📷 Marcos Ribolli/Ponte Press",0,"07/22/2026 18:09",https://www.instagram.com/p/DbHc8LcoA4W/,"Imagem do Instagram",,Total,30843,17206,385,13,0,24,3
18166758022453837,17841400074692954,paulistao,Paulistão,"FIM DE PAPO!
A primeira rodada da Copa Paulista Rivalo terminou movimentada.
#CopaPaulistaRivalo",0,"07/22/2026 17:50",https://www.instagram.com/p/DbHY9WAjG29/,"Imagem do Instagram",,Total,22276,13014,343,13,2,5,2
17978646579061332,17841400074692954,paulistao,Paulistão,"BAILE PARAGUAIO NO SUL!
Sosa e Mauricio garantiram a vitória alviverde no retorno da Copa do Mundo.
#PaulistasEmCampo
📷 Cesar Greco/Palmeiras",0,"07/22/2026 17:32",https://www.instagram.com/p/DbHYiNujqVh/,"Imagem do Instagram",,Total,36829,19597,1130,91,0,15,7
18080018948669119,17841400074692954,paulistao,Paulistão,"NADA DE GOLS!
União São João e XV de Piracicaba encerram a primeira rodada da #CopaPaulistaRivalo empatando.
📷Mariana Kasten/XV de Piracicaba",0,"07/22/2026 17:27",https://www.instagram.com/p/DbHYETSCdO6/,"Imagem do Instagram",,Total,21247,11734,182,4,0,41,1
18170098951450329,17841400074692954,paulistao,Paulistão,"ELE MARCA Y MARCA!
A Copa do Mundo deixou o @mauriciomp7 inspirado no Verdão ⚽️⚽️
#PaulistasEmCampo 
🎥 @primevideosportbr",55,"07/22/2026 17:19",https://www.instagram.com/reel/DbHXANysGBN/,"Reel do Instagram",,Total,48597,34972,1200,15,3,12,5
17938110048314587,17841400074692954,paulistao,Paulistão,"SÁBADO É DIA DE APOIAR A LUSA NO CANINDÉ! 🦁🔴🟢
A Portuguesa precisa do seu apoio para conquistar a virada contra o Uberlândia na Série D! Vamos lotar o Canindé e manter o sonho do acesso vivo! 
#PaulistasEmCampo #Portuguesa",0,"07/22/2026 14:04",https://www.instagram.com/p/DbHA26wHy4c/,"Imagem do Instagram",,Total,62251,37407,891,44,8,161,11
18119220706868111,17841400074692954,paulistao,Paulistão,"👀 Hoje, pelo @brasileirao, o Palmeiras enfrenta o Coritiba e o São Paulo recebe o Athletico Paranaense, mas esses dois confrontos trazem boas memórias aos torcedores do Verdão e do Tricolor... 

🌟 Saudade dessas épocas, torcedor?
#PaulistasEmCampo #Libertadores #CopaDoBrasil #Palmeiras #SãoPaulo 

🐷 Em 2012, o Palmeiras conquistava o título da @copadobrasilcbf no Couto Pereira para cima do Coritiba!

🇾🇪 Já em 2005, o São Paulo goleava o Athletico Paranaense e levava a taça da @libertadoresbr pela terceira vez!",0,"07/22/2026 07:32",https://www.instagram.com/p/DbGUAwskSWE/,"Carrossel do Instagram",,Total,139310,50981,2571,46,2,19,44
18106111012853898,17841400074692954,paulistao,Paulistão,"PARA FECHAR!
Vem conferir o último jogo da primeira rodada da #CopaPaulistaRivalo 👀",0,"07/22/2026 05:00",https://www.instagram.com/p/DbF9aX_DEsp/,"Imagem do Instagram",,Total,11555,6470,85,3,0,1,0
17942260581267168,17841400074692954,paulistao,Paulistão,"75 ANOS DO PRIMEIRO MUNDIAL DE CLUBES! 🏆
No dia 22 de julho de 1951, o Palmeiras vencia a Juventus no agregado e conquistava seu primeiro título mundial!
#BaúDoPaulistão",0,"07/22/2026 04:00",https://www.instagram.com/p/DbF2tf1jOwn/,"Carrossel do Instagram",,Total,618325,290587,30032,6892,100,6356,885
18106244348088944,17841400074692954,paulistao,Paulistão,"QUASE LÁ!
Santos goleia o Universidad Central na Venezuela e fica muito próximo da vaga nas oitavas da @sudamericanabr!
#PaulistasEmCampo
📷Conmebol",0,"07/21/2026 19:30",https://www.instagram.com/p/DbFBZ47jZmE/,"Imagem do Instagram",,Total,58730,32088,1417,52,0,8,6
18140011816494479,17841400074692954,paulistao,Paulistão,"O Novorizontino foi superado em casa pelo Criciúma.
#PaulistasEmCampo
📷Juan Rodrigues/Novorizontino",0,"07/21/2026 17:39",https://www.instagram.com/p/DbE0ntOjSdW/,"Imagem do Instagram",,Total,28202,15146,196,5,0,3,2
17936088345299494,17841400074692954,paulistao,Paulistão,"PEIXÃO EM CAMPO!
O Santos entra em campo para disputar os primeiros 90 minutos dos playoffs das oitavas da @SudamericanaBR! 
#PaulistasEmCampo",0,"07/21/2026 15:36",https://www.instagram.com/p/DbEmeRkExU1/,"Imagem do Instagram",,Total,35978,18897,839,10,0,9,6
18053629265778401,17841400074692954,paulistao,Paulistão,"O aniversário é dele mas o presente foi nosso de ter tido Endrick no @paulistao! E como faz com a saudade dele no Palmeiras? 🐷🌟 
#PaulistãoCasasBahia #Endrick #Palmeiras",25,"07/21/2026 12:00",https://www.instagram.com/reel/DbEIv_Xj0Wg/,"Reel do Instagram",,Total,32193,23132,1291,14,5,4,10
18480058327108772,17841400074692954,paulistao,Paulistão,"FELIZ ANIVERSÁRIO, CRIA! 💚
Endrick completa 20 anos nessa terça-feira (21) e nós aproveitamos para relembrar alguns momentos do craque no Paulistão! Saudades dele no Futebol Paulista, torcedor? 🥺
#Paulistão #Palmeiras #Endrick
📷Ag.Paulistão",0,"07/21/2026 10:44",https://www.instagram.com/p/DbEFIoBjYDs/,"Carrossel do Instagram",,Total,91669,34121,3804,93,24,20,30
18091569323531934,17841400074692954,paulistao,Paulistão,"EM BUSCA DO TOPO DA TABELA! 🐯
O Novorizontino vai contar com o apoio da torcida para somar pontos no @brasileiraob!
#PaulistasEmCampo",0,"07/21/2026 06:00",https://www.instagram.com/p/DbDffoVDkua/,"Imagem do Instagram",,Total,21611,11648,151,4,0,0,1
17872161198628257,17841400074692954,paulistao,Paulistão,"QUEM É QUE SOBE?
Datas e horários dos confrontos da semifinal do Paulista Sub-23 Segunda Divisão foram definidos. Quem vai chegar à final?
#PaulistaSub23SegundaDivisão",0,"07/20/2026 11:41",https://www.instagram.com/p/DbBm5flCfIu/,"Carrossel do Instagram",,Total,56937,24588,979,158,13,44,17
18131911486618569,17841400074692954,paulistao,Paulistão,"AMIGO, ESTOU AQUI!
Neste Dia do Amigo, nada como celebrar aquela pessoa especial que sempre torce com a gente - mesmo sendo rival, às vezes.
#DiaDoAmigo #FutebolPaulista",0,"07/20/2026 08:00",https://www.instagram.com/p/DbBIa_Kkp0u/,"Imagem do Instagram",,Total,15780,8771,100,10,0,2,2
17975305262901765,17841400074692954,paulistao,Paulistão,"MAIS UM!
São Caetano e São José fazem o único jogo da segunda-feira na Copa Paulista Rivalo.
#CopaPaulistaRivalo",0,"07/20/2026 05:00",https://www.instagram.com/p/DbAz0rmlqYa/,"Imagem do Instagram",,Total,24136,13915,339,22,2,13,2
18345456946220681,17841400074692954,paulistao,Paulistão,"Show do Justin Bieber no intervalo da final da Copa do Mundo e o adm só conseguiu lembrar desse vídeo! 🤣
#FutebolPaulista",9,"07/19/2026 13:13",https://www.instagram.com/reel/Da_MlL5klls/,"Reel do Instagram",,Total,98812,59150,5407,705,40,25,177
17874523737534846,17841400074692954,paulistao,Paulistão,"EC São Bernardo e Juventus garantiram as vitórias neste domingo de Copa Paulista Rivalo!
#CopaPaulistaRivalo",0,"07/19/2026 10:15",https://www.instagram.com/p/Da-4Qs_H8Fg/,"Imagem do Instagram",,Total,20264,11320,196,5,3,0,2
18183178996397016,17841405393450249,ecsaobernardo,"Esporte Clube São Bernardo","🍀 Matteo, nosso amuleto da sorte!

Filho do artilheiro K9, Matteo marcou presença na Arena Inamar em um dia mais do que especial. Entrou em campo no colo do papai e, após o apito final, também comemorou no vestiário ao lado de todo o grupo.

O pequeno ainda ganhou o colo do Mister Rui Sacramento, fechando um momento de muita alegria e união.

Sempre bem-vindo, Matteo! 🤍🖤 

📹 Leonardo Rocha/ECSB

#ECSBSAF",29,"07/19/2026 09:35",https://www.instagram.com/reel/Da-zgGUO09t/,"Reel do Instagram",,Total,75660,50543,1130,39,8,22,0
17970164106091642,17841400074692954,paulistao,Paulistão,"Itaqua, Flamengo, Independente e América levaram a melhor e estão classificados para a semifinal do Paulista Sub-23 Segunda Divisão!
#FutebolPaulista",0,"07/19/2026 08:36",https://www.instagram.com/p/Da-s4H3Hycn/,"Imagem do Instagram",,Total,22539,11745,310,10,0,8,2
17944880571248221,17841400074692954,paulistao,Paulistão,"JOGOS DO ACESSO!
Se liga como ficaram definidos os confrontos das semifinais do Paulista Sub-23 Segunda Divisão!

Itaqua x América
Independente x Flamengo

#FutebolPaulista",0,"07/19/2026 08:07",https://www.instagram.com/p/Da-ppIbn-Ls/,"Imagem do Instagram",,Total,46321,23765,1218,169,24,68,13
18210023962356151,17841400074692954,paulistao,Paulistão,"GALO NA SEMI!
O Independente fica com a última vaga para a semifinal do Paulista Sub-23 Segunda Divisão!
#FutebolPaulista",0,"07/19/2026 08:03",https://www.instagram.com/p/Da-pI72H60_/,"Imagem do Instagram",,Total,56865,32218,655,100,4,18,7
18369000604232051,17841400074692954,paulistao,Paulistão,"O AMÉRICA TÁ LÁ!
A equipe de São José de Rio Preto é semifinalista do Paulista Sub-23 Segunda Divisão!
#FutebolPaulista",0,"07/19/2026 08:01",https://www.instagram.com/p/Da-o67Inzpx/,"Imagem do Instagram",,Total,38298,19095,800,98,5,34,9
17966122044068635,17841400074692954,paulistao,Paulistão,"DIA DA NOSSA MAIOR PAIXÃO! 
Nesse 19 de julho, celebramos o esporte mais popular do mundo! Feliz Dia Nacional do Futebol ⚽🤍
#FutebolPaulista #DiaNacionalDoFutebol",0,"07/19/2026 04:00",https://www.instagram.com/p/Da-IKD2n4nm/,"Imagem do Instagram",,Total,32416,18610,646,90,0,8,18
18110694994997707,17841400074692954,paulistao,Paulistão,"PARA FECHAR!
Nada como um domingo de manhã com decisão no #PaulistaSub23SegundaDivisão",0,"07/19/2026 03:00",https://www.instagram.com/p/Da-BSegFt7G/,"Imagem do Instagram",,Total,17869,9601,106,7,1,1,2
17876146029653436,17841400074692954,paulistao,Paulistão,"PREFIRO ESTAR AQUI...
Assistindo a Copa Paulista Rivalo no domingo de manhã.
#CopaPaulistaRivalo",0,"07/19/2026 02:00",https://www.instagram.com/p/Da96bGbFq5x/,"Imagem do Instagram",,Total,16598,9536,144,5,0,4,2
18018177035855097,17841400074692954,paulistao,Paulistão,"Ponto final no segundo dia de Copa Paulista Rivalo!
#CopaPaulistaRivalo",0,"07/18/2026 17:08",https://www.instagram.com/p/Da9Cw8pjLvE/,"Imagem do Instagram",,Total,32958,16892,377,19,0,9,4
17902792035304784,17841400074692954,paulistao,Paulistão,"Sábado complicado para o #FutebolPaulista.
PaulistasEmCampo",0,"07/18/2026 16:15",https://www.instagram.com/p/Da88oFEH_3t/,"Imagem do Instagram",,Total,34858,19676,379,10,1,11,4
17935684845324159,17841400074692954,paulistao,Paulistão,"Portuguesa perde o jogo de ida e vai precisar reverter a desvantagem no Canindé por um lugar nas quartas de final na Série D.
#PaulistasEmCampo
📷Divulgação/Portuguesa",0,"07/18/2026 15:50",https://www.instagram.com/p/Da850mxH1fb/,"Imagem do Instagram",,Total,36975,20620,681,37,5,74,13
18115561690926190,17841400074692954,paulistao,Paulistão,"Com o placar definido no primeiro tempo, a Ponte Preta acaba superada pelo Goiás.
#PaulistasEmCampo
📷Marcos Ribolli/Ponte Preta",0,"07/18/2026 14:06",https://www.instagram.com/p/Da8t8kdH5KL/,"Imagem do Instagram",,Total,26812,13678,232,7,0,14,0
18446031568184793,17841400074692954,paulistao,Paulistão,"QUE CATEGORIA!
A classificação do Flamengo para a semifinal do Paulista Sub-23 Segunda Divisão teve um algo a mais. Se liga nesse golaço que o Enzo anotou para o Corvo, na vitória de 3 a 1 sobre a Matonense.
#FutebolPaulista",81,"07/18/2026 13:36",https://www.instagram.com/reel/Da8qT4gFHKe/,"Reel do Instagram",,Total,168975,93885,3635,293,15,39,45
18095528291012282,17841400074692954,paulistao,Paulistão,"VITÓRIA E CLASSIFICAÇÃO!
Itaqua e Flamengo levaram a melhor no agregado e garantiram a vaga para a semifinal do Paulista Sub-23 Segunda Divisão.
#FutebolPaulista",0,"07/18/2026 13:30",https://www.instagram.com/p/Da8p0hjn-pM/,"Imagem do Instagram",,Total,25347,13057,402,8,0,9,4
17903608872462968,17841400074692954,paulistao,Paulistão,"CORVO TÁ LÁ!
O @flamengoguarulhos é semifinalista do Paulista Sub-23 Segunda Divisão!
#FutebolPaulista",0,"07/18/2026 12:59",https://www.instagram.com/p/Da8mP7Cn3CQ/,"Imagem do Instagram",,Total,66064,32439,950,103,7,17,8
18124588756767801,17841400074692954,paulistao,Paulistão,"EMPATE EM SÃO JANUÁRIO!
Igualdade no marcador para Vasco e Mirassol.
#PaulistasEmCampo
📷Pedro Zacchi/Agência Mirassol",0,"07/25/2026 18:38",https://www.instagram.com/p/DbPOj4hD77p/,"Imagem do Instagram",,Total,23611,12261,147,3,0,0,0
17934838341089245,17841400074692954,paulistao,Paulistão,"VICTOR SÁ É DO TRICOLOR! 🇾🇪
Revelado no Palmeiras, o atacante chega ao São Paulo depois de uma passagem pelo Krasnodar, da Rússia, e assinou um contrato até o fim de 2029!
#PaulistasEmCampo #SãoPaulo
🎥@saopaulofc",51,"07/01/2026 07:48",https://www.instagram.com/reel/DaQRA9DlOAu/,"Reel do Instagram",,Total,50861,32616,4210,189,10,50,81
18358866880241676,17841400074692954,paulistao,Paulistão,"O TRI DO TIMÃO!
Há 17 anos, mesmo fora de casa, o Corinthians empatava com o Internacional e conquistava a Copa do Brasil pela terceira vez em sua história 🔥
#BaúDoPaulistão",0,"07/01/2026 04:00",https://www.instagram.com/p/DaPx2jRko6Y/,"Imagem do Instagram",,Total,46244,25961,1447,45,4,8,22
17922226218395510,17841400074692954,paulistao,Paulistão,"DOSE TRIPLA!
Três jogos movimentam a primeira rodada da #CopaPaulistaRivalo neste sábado.",0,"07/18/2026 05:00",https://www.instagram.com/p/Da7qPigmtGT/,"Imagem do Instagram",,Total,15366,7457,100,3,0,0,3
18123847510681177,17841400074692954,paulistao,Paulistão,"OS DOIS PRIMEIROS...
O sábado vai estar movimentado na disputa pelas duas primeiras vagas na semifinal do Paulista Sub-23 Segunda Divisão.
#PaulistaSub23SegundaDivisão",0,"07/18/2026 05:00",https://www.instagram.com/p/Da7qOwZmkrP/,"Imagem do Instagram",,Total,19899,9291,146,2,0,4,1
18110705035967369,17841400074692954,paulistao,Paulistão,"NOITE MOVIMENTADA!
Vem conferir como terminaram todos os jogos com #PaulistasEmCampo neste sextou.",0,"07/17/2026 19:30",https://www.instagram.com/p/Da6sbhmH0kY/,"Imagem do Instagram",,Total,37876,21053,304,4,0,3,6
18122827339695739,17841400074692954,paulistao,Paulistão,"Novorizontino sofre revés no @brasileiraob.
#PaulistasEmCampo
📷 Ozzair Jr / Novorizontino",0,"07/17/2026 19:12",https://www.instagram.com/p/Da6sAcDE2yN/,"Imagem do Instagram",,Total,28443,14133,211,0,0,2,2
18076957664330189,17841400074692954,paulistao,Paulistão,"SEM BALANÇAR AS REDES!
Botafogo e Londrina ficam no empate sem gols no @brasileiraob.
#PaulistasEmCampo
📷Reginaldo Júnior/Agência Botafogo/Divulgação",0,"07/17/2026 19:08",https://www.instagram.com/p/Da6rjnLk94q/,"Imagem do Instagram",,Total,36082,16529,171,2,0,0,0
17941323606257775,17841400074692954,paulistao,Paulistão,"VOLTOU COM TUDO!
Mirassol garante os três pontos no @brasileirao neste retorno pós Copa do Mundo 🦁
#PaulistasEmCampo
📷 JP Pinheiro/Agência Mirassol",0,"07/17/2026 18:45",https://www.instagram.com/p/Da6o6hVgLS7/,"Imagem do Instagram",,Total,36281,17756,356,1,0,0,5
18118677635306320,17841425643342499,mariliaac1942,"Marília Atlético Clube","COMEMORA, TORCEDOR MAQUEANO! A FOTO DA VITÓRIA!

📷 @matheusdahsanfoto 

#VamosMAC",0,"07/17/2026 18:25",https://www.instagram.com/p/Da6mtoBtM1B/,"Imagem do Instagram",,Total,69969,32546,940,35,18,14,0
18085348439542470,17841400074692954,paulistao,Paulistão,"TUDO IGUAL!
O Massa Bruta volta com um ponto na mala no @brasileirao.
#PaulistasEmCampo 
📷 Ari Ferreira/Red Bull Bragantino",0,"07/17/2026 18:24",https://www.instagram.com/p/Da6mhhCEvbB/,"Imagem do Instagram",,Total,35247,16760,225,2,0,5,3
18346158511173506,17841400074692954,paulistao,Paulistão,"PRIMEIRO JÁ FOI!
Na primeira partida da #CopaPaulistaRivalo2026, o Marília levou a melhor.
📷 Matheus Dahsan/Marília",0,"07/17/2026 18:10",https://www.instagram.com/p/Da6k6XwEuGo/,"Imagem do Instagram",,Total,37862,21374,482,45,4,3,3
18343790566222138,17841400074692954,paulistao,Paulistão,"Jogando em casa, o São Bernardo ficou no empate no @brasileiraob.
#PaulistasEmCampo
📷 Janes Carvalho/Divulgação/São Bernardo",0,"07/17/2026 17:09",https://www.instagram.com/p/Da6d_rOEtgk/,"Imagem do Instagram",,Total,30792,14940,184,3,0,0,3
17878355022616916,17841400074692954,paulistao,Paulistão,"PRIMEIRO DA TEMPORADA!
Carlos Alberto foi lá em cima para marcar o primeiro gol da Copa Paulista Rivalo 2026!
#CopaPaulistaRivalo",63,"07/17/2026 16:21",https://www.instagram.com/reel/Da6YV9tJNMP/,"Reel do Instagram",,Total,81963,49377,1523,58,10,37,11
18170868883436243,17841400074692954,paulistao,Paulistão,"NOS BRAÇOS DA FIEL!
Ele dança, ele tira foto com a torcida, ele leva a filha para acompanhar o @paulistaof. @jesselingard faz simplesmente TUDO!
#PaulistãoF2026",29,"07/17/2026 15:13",https://www.instagram.com/reel/Da6Qq1jpvfC/,"Reel do Instagram",,Total,172412,111910,10879,107,18,77,139
18110098879772491,17841400074692954,paulistao,Paulistão,"AGORA É DECISÃO...
Quem vai seguir na disputa do #PaulistaSub23SegundaDivisão? 👀",0,"07/17/2026 15:00",https://www.instagram.com/p/Da6KGbTnzxE/,"Imagem do Instagram",,Total,18607,9839,222,6,0,5,1
17875772841523306,17841429857362439,paulistaof,"Paulistão F","TRAVA NA POSE!
Jogadores caríssimos esses dois, hein, Fiel? 😍😆
#PulistãoF2026 #SuperclássicoF
📷 Jhony Inacio/Ag. Paulistão",0,"07/17/2026 14:45",https://www.instagram.com/p/Da6NjPvjPbe/,"Carrossel do Instagram",,Total,105399,41326,2790,10,9,8,18
17938956255279080,17841429857362439,paulistaof,"Paulistão F","PRESENÇA ILUSTRE!
@hopelingard e @jesselingard estão on demais no Superclássico F desta noite 🤩
#PaulistãoF2026 #SuperclássicoF",20,"07/17/2026 14:40",https://www.instagram.com/reel/Da6MpHUvhw7/,"Reel do Instagram",,Total,252110,187459,9599,71,68,37,107
18020563805849399,17841408376344663,libertadoresbr,"CONMEBOL Libertadores","🧠🇵🇹 Abel Ferreira tem um novo sonho de #GloriaEterna com o @Palmeiras 💚🤍

🔜 Oitavas 🏆 CONMEBOL #Libertadores",0,"07/17/2026 14:07",https://www.instagram.com/p/Da6JQ4EkTlX/,"Carrossel do Instagram",,Total,412506,183097,17894,843,8,2760,0
17872425504544613,17841400074692954,paulistao,Paulistão,"NACIONAL Y INTERNACIONAL!
No @brasileirao e na @sudamericanabr, o Massa Bruta segue em busca de uma taça em 2026.
#PaulistasEmCampo #RedBullBragantino",0,"07/17/2026 12:00",https://www.instagram.com/p/Da51f_CmgjL/,"Imagem do Instagram",,Total,22455,11039,113,0,0,0,4
18170389645440444,17841400074692954,paulistao,Paulistão,"PAULISTAS EM AÇÃO! 
Já anota na agenda os jogos que vão movimentar a sua sexta-feira. 😎
#PaulistasEmCampo",0,"07/17/2026 09:59",https://www.instagram.com/p/Da5s2PhjEA1/,"Imagem do Instagram",,Total,16512,9178,192,1,0,0,6
18050220935784080,17841400074692954,paulistao,Paulistão,"EM TRÊS COMPETIÇÕES...
Agora que a pausa acabou, o Leão vai com tudo pro final da temporada.
#PaulistasEmCampo #Mirassol",0,"07/17/2026 08:30",https://www.instagram.com/p/Da5dd2dFhjK/,"Imagem do Instagram",,Total,32473,16686,327,7,0,1,8
18130128478625721,17841400074692954,paulistao,Paulistão,"FIQUE ATENTO!
Com o retorno das competições após a pausa para a Copa do Mundo FIFA 2026, as novas regras propostas pela FIFA passam a ser aplicadas nas competições da Federação Paulista de Futebol que começam no segundo semestre.
#FutebolPaulista",75,"07/17/2026 07:26",https://www.instagram.com/reel/Da5bB6qxxxe/,"Reel do Instagram",,Total,107364,81820,4781,1279,890,71,358
18136237687502593,17841400074692954,paulistao,Paulistão,"OLHA QUEM CHEGOUUUUU!
A COPA PAULISTA RIVALO 2026 VAI COMEÇAR 🤩
#CopaPaulistaRivalo",0,"07/17/2026 07:00",https://www.instagram.com/p/Da5TLj_GWmd/,"Imagem do Instagram",,Total,55565,31774,1188,72,41,30,22
17978007381053240,17841400074692954,paulistao,Paulistão,"DESAFIO LANÇADO! 🚨
No Dia Mundial do Emoji, a missão é uma só: decifrar os clubes do futebol paulista. 👀
 #FutebolPaulista",0,"07/17/2026 07:00",https://www.instagram.com/p/Da5TKyymXWu/,"Imagem do Instagram",,Total,27992,13052,342,1,0,10,3
18304893067304857,17841400074692954,paulistao,Paulistão,"O Santos foi superado na volta do Brasileirão.
#PaulistasEmCampo
📷Vitor Silva/Botafogo",0,"07/16/2026 17:35",https://www.instagram.com/p/Da38NuED3Vn/,"Imagem do Instagram",,Total,33435,18557,442,73,4,21,5
18163415380456624,17841454473375442,ulissescostatv,"ULISSES TV","A COPA PAULISTA ESTÁ CHEGANDO! 👀🥅

Na próxima quarta-feira, às 19h, a bola vai rolar para @uniaosaojoaodeararas e @xvpiracicaba, no estádio Dr. Hermínio Ometto, em Araras-SP, pela 1ª rodada da Copa Paulista 2026.

⬇️ Diz aí, quem vence esse jogão?

#copapaulista #paulistão #uniãosãojoão #xvdepiracicaba #ulissestv",0,"07/16/2026 15:29",https://www.instagram.com/p/Da3t3ONFL68/,"Imagem do Instagram",,Total,32910,18917,259,18,4,12,0
18608899681035490,17841400074692954,paulistao,Paulistão,"ELES MARCAM Y MARCAM!
Vem conferir quem foi o jogador que mais marcou em cada edição da Copa Paulista Rivalo.
#CopaPaulistaRivalo",0,"07/16/2026 12:00",https://www.instagram.com/p/Da3QunxoByF/,"Carrossel do Instagram",,Total,42654,16793,406,8,0,10,5
18113652113492988,17841400074692954,paulistao,Paulistão,"PEIXÃO ESTÁ DE VOLTA!
Depois dessa pausa para a Copa do Mundo, vamos relembrar o que o @santosfc está disputando na temporada.
#PaulistasEmCampo #Santos",0,"07/16/2026 11:00",https://www.instagram.com/p/Da3J1xIGevw/,"Imagem do Instagram",,Total,54582,26506,2875,51,2,6,33
18090611864434949,17841400074692954,paulistao,Paulistão,"PRA MATAR A SAUDADE 🥰
O Santos está de volta! O Peixão é o primeiro paulista a retornar aos gramados e vai em busca de mais três pontos pela 19ª rodada do @brasileirao. #PaulistasEmCampo 🐳",0,"07/16/2026 06:00",https://www.instagram.com/p/Da2ngrIlpA_/,"Imagem do Instagram",,Total,29289,15423,766,37,0,6,13
18158282128485370,17841461375852191,juventussaf,"Juventus SAF","Media Day juventino! ✅📸

Tudo pronto para a Copa Paulista!

Agora, a contagem regressiva é para a estreia. No domingo (19/07), às 11h, o Moleque Travesso enfrenta o Osasco Sporting, fora de casa, com transmissão da Metrópoles.

Tá chegando a hora! 🇱🇻",30,"07/15/2026 15:51",https://www.instagram.com/reel/Da1LURnPalR/,"Reel do Instagram",,Total,25717,16415,405,17,5,7,0
17896768104484468,17841400074692954,paulistao,Paulistão,"FLAQUITO NA FINAL!
CRAQUE DO PAULISTÃO CASAS BAHIA 2026, FLACO LÓPEZ VAI EM BUSCA DA TAÇA DA COPA DO MUNDO 🏆
#PaulistasEmCampo #CopaDoMundo",0,"07/15/2026 14:03",https://www.instagram.com/p/Da0_KIoIGjT/,"Imagem do Instagram",,Total,253798,136880,10531,1177,19,633,86
18111927932295755,17841400074692954,paulistao,Paulistão,"O RANKING DE CAMPEÕES!
O @xvpiracicaba conquistou o tricampeonato da #CopaPaulistaRivalo ano passado. Quem será que leva o troféu em 2026? 👀🏆",0,"07/15/2026 12:11",https://www.instagram.com/p/Da0yOD_lPog/,"Carrossel do Instagram",,Total,77381,32657,1625,43,1,28,33
18018448970704508,17841408376344663,libertadoresbr,"CONMEBOL Libertadores","🇦🇷⭐ Flaco López, único jogador da CONMEBOL #Libertadores na semifinal da @fifaworldcup! 

🇳🇬 @palmeiras 🤝🏽 @afaseleccion",81,"07/15/2026 07:02",https://www.instagram.com/reel/Da0O3cvCNLE/,"Reel do Instagram",,Total,59200,40982,3320,122,6,36,0
17855402451694949,17841400074692954,paulistao,Paulistão,"DIA DE QUEM FAZ O FUTEBOL ACONTECER! 🌟⚽
Nesse 15 de Julho, celebramos todos os clubes filiados à Federação Paulista! 
#FutebolPaulista #DiaNacionalDosClubes",0,"07/15/2026 04:00",https://www.instagram.com/p/Daz0-uZFgnJ/,"Imagem do Instagram",,Total,31578,18598,718,30,3,18,27
18116495323700320,17841429857362439,paulistaof,"Paulistão F","MAIS DUAS RODADA!
A quinta e a sexta rodadas do #PaulistãoF foram definidas. Confira as datas e horários.",0,"07/14/2026 11:11",https://www.instagram.com/p/DayGqVMk6kc/,"Carrossel do Instagram",,Total,144225,64061,2562,92,58,4,78
17878794885492286,17841400074692954,paulistao,Paulistão,"FINAL HISTÓRICA!
Pênalti perdido, goleada e o tricampeonato do Tricolor. Que momento, hein, torcedor? 🤩
#BaúDoPaulistão",53,"07/14/2026 10:30",https://www.instagram.com/reel/DayCBStB8AD/,"Reel do Instagram",,Total,66469,46027,1468,35,2,56,34
18460836667114208,17841400074692954,paulistao,Paulistão,"GOLEADA E TÍTULO TRICOLOR! 🇾🇪
Há 21 anos, o São Paulo vencia o Athletico Paranaense e conquistava seu terceiro título de Libertadores!
#BaúDoPaulistão",0,"07/14/2026 04:00",https://www.instagram.com/p/DaxQL2Ikmro/,"Imagem do Instagram",,Total,40595,21773,1492,32,0,17,12
17998589897957481,17841405393450249,ecsaobernardo,"Esporte Clube São Bernardo","PLAYLIST DA ESTREIA! 🎶🐶

Surgiu uma dúvida aqui no ADM e os nossos craques responderam: qual o som mais combina com a semana de estreia da #CopaPaulistaRivalo2026?

Aumente o som e confira o que o elenco do Cachorrão escutará durante essa semana de preparação até nosso início na Copa! ➡️🎧

Bom gosto, torcedor!? Diz aí pro ADM qual o melhor som para preparar o coração durante a volta do elenco profissional do Bernô? 👇🏼

📸 @a5_fotografia

@rivalobrasil

#ECSBSAF",0,"07/13/2026 15:34",https://www.instagram.com/p/DawAAYKGAW8/,"Carrossel do Instagram",,Total,22482,7807,277,16,1,1,0
17935642026302339,17841400074692954,paulistao,Paulistão,"ELE TEM ESTRELA! 
A serenidade no olhar de quem é o atual Craque do Paulistão Casas Bahia e semifinalista da Copa do Mundo FIFA 2026. 😏🤪 #FutebolPaulista",24,"07/13/2026 13:00",https://www.instagram.com/reel/DavuQXtJgYJ/,"Reel do Instagram",,Total,66590,42216,5074,84,4,134,79
18444262777190869,17841400074692954,paulistao,Paulistão,"I WANNA ROCK AND ROLL ALL NIGHT 🎸🎵
Tem algum clássico do Rock que está ditando a temporada do seu time, torcedor?
#DiaMundialDoRock #FutebolPaulista",0,"07/13/2026 09:00",https://www.instagram.com/p/DavNuC8lu2F/,"Imagem do Instagram",,Total,20843,9980,106,0,0,1,3
18114868397477727,17841400074692954,paulistao,Paulistão,"VAMOS JUNTOS, AGORA MESMO!
Na Abbey Road ou em qualquer lugar no mundo, esses são os nossos Craques do Rock and Roll, quer dizer, do #FutebolPaulista em 2026 🤟🎶
#DiaMundialDoRock",0,"07/13/2026 04:00",https://www.instagram.com/p/DagPlQxJMxC/,"Imagem do Instagram",,Total,57424,30082,1799,93,2,9,27
18108047393004086,17841400074692954,paulistao,Paulistão,"VAI, LUSA!
O Uberlândia será o adversário da Portuguesa nas oitavas da final da Série D! 
#FutebolPaulista",0,"07/12/2026 15:10",https://www.instagram.com/p/DatYadkiWuc/,"Imagem do Instagram",,Total,48417,27607,1704,204,14,222,15
18104587049518150,17841400074692954,paulistao,Paulistão,"Seis jogos movimentaram o domingo dos #PaulistasEmCampo, com Inter de Limeira e Ferroviária garantindo as vitórias. Se liga nos resultados de hoje.
#FutebolPaulista",0,"07/12/2026 14:40",https://www.instagram.com/p/DatU_L7glEm/,"Imagem do Instagram",,Total,41409,24621,474,4,3,9,2
18081939041248200,17841400074692954,paulistao,Paulistão,"VITÓRIA GRENÁ!
A Ferroviária ficou com os três pontos no duelo paulista da Série C.
#PaulistasEmCampo
📷Guilherme Moro/Ferroviária",0,"07/12/2026 14:15",https://www.instagram.com/p/DatSJPfnyhv/,"Imagem do Instagram",,Total,38588,20519,366,9,0,8,2
18447297211188471,17841400074692954,paulistao,Paulistão,"Guarani leva gol no finalzinho e deixa empate escapar contra o Paysandu.
#PaulistasEmCampo
📷Raphael Silvestre/Guarani",0,"07/12/2026 14:11",https://www.instagram.com/p/DatRuu0n3a7/,"Imagem do Instagram",,Total,23995,13605,296,11,0,33,1
17888209131413725,17841400074692954,paulistao,Paulistão,"O São Bernardo ficou no empate pela 17ª rodada da Série B.
#PaulistasEmCampo
📷Janes Carvalho/Divulgação/São Bernardo",0,"07/12/2026 14:10",https://www.instagram.com/p/DatRinIHzIE/,"Imagem do Instagram",,Total,30403,16111,186,2,0,4,4
18189466060383008,17841400074692954,paulistao,Paulistão,"Velo Clube é superado nas penalidades e encerra sua campanha na Série D.
#PaulistasEmCampo
📷Ana Julia Guerreiro/Velo Clube",0,"07/12/2026 13:58",https://www.instagram.com/p/DatQLKHH1dq/,"Imagem do Instagram",,Total,31654,17139,411,12,0,12,7
17888640213596586,17841400074692954,paulistao,Paulistão,"PRA CIMA, LEÃO!
Inter de Limeira vence mais uma e assume a liderança provisória na Série C.
#PaulistasEmCampo
📷Rogério Rueda/Inter de Limeira",0,"07/12/2026 09:12",https://www.instagram.com/p/Dasvfd8HzL5/,"Imagem do Instagram",,Total,27867,16339,346,17,1,12,0
18116113543783112,17841400074692954,paulistao,Paulistão,"O Tigre não conseguiu pontuar nesta nesta rodada.
#PaulistasEmCampo
📷Ozzair Junior/Novorizontino",0,"07/12/2026 09:08",https://www.instagram.com/p/DasvAgjH-q1/,"Imagem do Instagram",,Total,27127,14738,192,2,0,1,1
17935046718330633,17841400074692954,paulistao,Paulistão,"Ponto final nos jogos de ida das quartas de final do Paulista Sub-23 Segunda Divisão! Vamos aos resultados da rodada.
#FutebolPaulista",0,"07/12/2026 08:43",https://www.instagram.com/p/DassKUyn0KO/,"Imagem do Instagram",,Total,23147,12443,236,15,1,6,4
17992659846005487,17841408376344663,libertadoresbr,"CONMEBOL Libertadores","🇦🇷⚽️ @flacolopez_10 💚 @palmeiras 

🏆 CONMEBOL #Libertadores 🔛 @fifaworldcup",14,"07/12/2026 08:33",https://www.instagram.com/reel/Dasq8sWOYtP/,"Reel do Instagram",,Total,167422,130764,9930,241,59,121,0
18188206558386368,17841408376344663,libertadoresbr,"CONMEBOL Libertadores","🇦🇷💚 José Manuel López, artilheiro do @Palmeiras e semifinalista da @FIFAWorldCup com a Argentina!

🏆 CONMEBOL #Libertadores 🔛🌎",0,"07/12/2026 06:01",https://www.instagram.com/p/DasZptFFy35/,"Carrossel do Instagram",,Total,437022,188636,16809,401,49,292,0
18004264163954825,17841400074692954,paulistao,Paulistão,"DOMINGÃO LOTADO!
São oito confrontos em três divisões para as minhas equipes!
#PaulistasEmCampo",0,"07/12/2026 06:00",https://www.instagram.com/p/DasUU4XkuhC/,"Imagem do Instagram",,Total,20173,11681,237,4,0,3,3
17936858295299185,17841400074692954,paulistao,Paulistão,"O JOGO DO DOMINGO!
Paulinense e Independente Limeira abrem o domingo no Paulista Sub-23 Segunda Divisão.
#PaulistaSub23SegundaDivisão",0,"07/12/2026 03:00",https://www.instagram.com/p/Dar_uZskkZT/,"Imagem do Instagram",,Total,13746,7974,103,11,0,6,2
18399646045092325,17841408376344663,libertadoresbr,"CONMEBOL Libertadores","🇦🇷🔝 A campeã do mundo avança! Argentina, mais uma vez na semi da @FIFAWorldCup.

👀💚 Com Flaco López, destaque do @Palmeiras na CONMEBOL #Libertadores, em campo na vitória!",0,"07/11/2026 21:03",https://www.instagram.com/p/DarcAx-iBH6/,"Carrossel do Instagram",,Total,1064950,654119,25778,1708,67,278,0
17891713326571617,17841400074692954,paulistao,Paulistão,"O sábado de futebol chegou ao fim. A Portuguesa avançou de fase na Série D, enquanto o XV de Piracicaba se despediu da competição.
#PaulistasEmCampo",0,"07/11/2026 16:08",https://www.instagram.com/p/Daq6Q5dn6KI/,"Imagem do Instagram",,Total,19820,11025,340,5,1,15,2
17985105285045798,17841400074692954,paulistao,Paulistão,"XV de Piracicaba não reverte a desvantagem do jogo da ida e se despede da disputa da Série D.
#PaulistasEmCampo
📷Mariana Kasten/XV de Piracicaba4",0,"07/11/2026 15:56",https://www.instagram.com/p/Daq48SUH8Z2/,"Imagem do Instagram",,Total,31804,16818,478,27,0,56,1
18022371536896253,17841469685771020,suafotonojogo,"Sua Foto no Jogo","Toda a emoção de quem canta, acredita e apoia até o último minuto.

De quem transforma cada jogo em um capítulo inesquecível da sua própria história.

A Sua Foto no Jogo tem orgulho de estar ao lado da @portuguesaoficial, registrando momentos que palavras não conseguem explicar.

Vamos juntos por mais, Lusa.

📸 Encontre suas fotos em:
portuguesa.suafotonojogo.com.br",27,"07/11/2026 15:34",https://www.instagram.com/reel/Daq2SCJisSC/,"Reel do Instagram",,Total,42500,26683,1103,34,27,33,0
18434040667120400,17841400074692954,paulistao,Paulistão,"O SONHO SEGUE!
Portuguesa vence jogo de volta contra o Marcílio Dias e garante a vaga nas oitavas da Série D.
#PaulistasEmCampo
📷André Lucas/Portuguesa",0,"07/11/2026 14:05",https://www.instagram.com/p/DaqsRbyHz58/,"Imagem do Instagram",,Total,36360,19681,759,23,3,22,5
18110000396065309,17841400074692954,paulistao,Paulistão,"VAMOS À LUTA!
A Portuguesa está nas oitavas de final da Série D e segue firme na disputa pelo acesso!
#PaulistasEmCampo",0,"07/11/2026 13:55",https://www.instagram.com/p/DaqrGtmH1cC/,"Imagem do Instagram",,Total,103154,61393,2554,172,5,47,17
18057482987765920,17841400074692954,paulistao,Paulistão,"Três partidas já movimentaram a ida das quartas de final do Paulista Sub-23 Segunda Divisão! 
#FutebolPaulista",0,"07/11/2026 13:23",https://www.instagram.com/p/DaqnXJkH7VY/,"Imagem do Instagram",,Total,25281,13350,384,13,2,15,5
18120496411694431,17841454473375442,ulissescostatv,"ULISSES TV","⚽️ É DIA DE DECISÃO NA ULISSES TV!

A bola vai rolar para o jogo de ida das quartas de final da Bezinha – Paulista Sub-23! 🔥

Neste sábado, @uniaomogi e @itaqua.athletico.clube começam a decidir uma vaga nas semifinais da competição. A promessa é de um grande duelo no Estádio Municipal Francisco Ribeiro Nogueira.

📺 A transmissão na Ulisses TV começa às 14h30, com um pré-jogo completo trazendo todas as informações da partida. A bola rola às 15h00!

🎙️ Narração: @narraito 
🎤 Comentários: @luizademarjr 
🎥 Reportagens: @brunopuzzovio 

Não perca! Acompanhe tudo ao vivo com a equipe da Ulisses TV.

#PaulistaSub23 #Bezinha #UlissesTV #UniaoMogi #ItaquaAtletico",0,"07/11/2026 10:01",https://www.instagram.com/p/DaqQJLEpbLj/,"Imagem do Instagram",,Total,55759,28751,332,5,3,7,0
18104451031879312,17841400074692954,paulistao,Paulistão,"SÁBADO DE DECISÃO!
Portuguesa e XV de Piracicaba entram em campo para seguir na Série D!
#PaulistasEmCampo",0,"07/11/2026 06:00",https://www.instagram.com/p/DapviE5Fohc/,"Imagem do Instagram",,Total,19672,10621,389,0,0,0,1
18446552779186790,17841400074692954,paulistao,Paulistão,"TARDE AGITADA!
São três jogos que acontecem neste sábado à tarde no #PaulistaSub23SegundaDivisão.",0,"07/11/2026 04:00",https://www.instagram.com/p/Daph0FBEnt8/,"Imagem do Instagram",,Total,20064,10988,129,4,0,1,0
17887491222663610,17841400074692954,paulistao,Paulistão,"FELIZ ANIVERSÁRIO, LEÃO! 
Ex-jogador do Palmeiras e do Corinthians e campeão do mundo em 70, o goleiro completa 77 anos nesse sábado (11)!
#FutebolPaulista #Aniversário",0,"07/11/2026 04:00",https://www.instagram.com/p/DaphzQDkvRr/,"Imagem do Instagram",,Total,30337,17207,337,0,0,22,4
18001317732111696,17841400074692954,paulistao,Paulistão,"Sport e Botafogo protagonizaram um empate de seis gols na Ilha do Retiro.
#PaulistasEmCampo
📷Paulo Paiva/Sport",0,"07/10/2026 18:14",https://www.instagram.com/p/Daoj4RNjFb0/,"Imagem do Instagram",,Total,44652,22968,418,11,1,1,2
17961251154135553,17841400074692954,paulistao,Paulistão,"VAI COMEÇAR!
Prepara o coração que o fim de semana será com quartas de final do #PaulistaSub23SegundaDivisão",0,"07/10/2026 13:00",https://www.instagram.com/p/Dan6zXsFGsf/,"Imagem do Instagram",,Total,24932,13304,204,7,1,0,6
18405009490155340,17841400074692954,paulistao,Paulistão,"O Botafogo precisa da vitória para subir ainda mais na tabela do @brasileiraob. Vamos para cima, Pantera! 🔥
#PaulistasEmCampo",0,"07/10/2026 06:00",https://www.instagram.com/p/DanKvUQkv8S/,"Imagem do Instagram",,Total,14652,8061,125,4,0,0,2
18108416747050325,17841400074692954,paulistao,Paulistão,"CORINTHIANS CAMPEÃO DO RIO-SÃO PAULO!
Há 72 anos, o Timão vencia o Palmeiras no Pacaembu e conquistava o título do Torneio Rio-São Paulo!
#BaúDoPaulistão",0,"07/10/2026 05:00",https://www.instagram.com/p/DanD3yLFuzO/,"Imagem do Instagram",,Total,74802,39797,3459,188,12,274,59
17930376444347635,17841400074692954,paulistao,Paulistão,"ANIVERSÁRIO DO ZAGUEIRO DO PENTA! 
Edmílson, ex-jogador do São Paulo e do Palmeiras, completa 50 anos nessa sexta-feira (10)!
#FutebolPaulista #Aniversário",0,"07/10/2026 04:00",https://www.instagram.com/p/Dam9AdBGrkg/,"Imagem do Instagram",,Total,22305,12831,130,1,0,2,2
18094679471010144,17841405393450249,ecsaobernardo,"Esporte Clube São Bernardo","EC SÃO BERNARDO ➕ @RIVALOBRASIL

No Media Day da #CopaPaulistaRivalo2026, é claro que rolou aquela interação com a Rivalo, patrocinadora oficial do Bernô e da competição! ☑️

Dê o play e confira os detalhes! ▶️

📹 Leonardo Rocha/ECSB

#ECSBSAF #Rivalo #NadaGanhaDaEmoção #JoguecomResponsabilidade +18",72,"07/08/2026 14:24",https://www.instagram.com/reel/Dai_825OqaA/,"Reel do Instagram",,Total,22567,15848,244,11,5,5,0
18072360713378266,17841400074692954,paulistao,Paulistão,"OLHOS DE LINCE ATIVADOS!
A adm entrou na trend e quer todo mundo procurando o Meccha Chameleon 👀
#FutebolPaulista #PaulistasEmCampo",0,"07/08/2026 07:45",https://www.instagram.com/p/DaiSZSBHHHc/,"Carrossel do Instagram",,Total,274238,111490,6397,383,4,44,141
18022286573847379,17841400074692954,paulistao,Paulistão,"VAMOS, MACACA!
A Ponte Preta precisa da vitória para subir na tabela no @brasileiraob!
#PaulistasEmCampo",0,"07/08/2026 06:00",https://www.instagram.com/p/DaiBJwxHyCn/,"Imagem do Instagram",,Total,16377,9862,106,4,0,3,0
18095803985618377,17841400074692954,paulistao,Paulistão,"FAÇA O 🤘 IMEDIATAMENTE!
Jhon Arias entra em campo mais uma vez pela seleção colombiana, dessa vez contra a Suíça. Vem conhecer um pouco mais da trajetória do craque do Palmeiras! 
#PaulistasEmCampo #Colômbia #CopaDoMundo #Oitavas",66,"07/07/2026 10:52",https://www.instagram.com/reel/DagCvjuRBxP/,"Reel do Instagram",,Total,27906,22494,490,15,0,6,10
18215107087328670,17841405393450249,ecsaobernardo,"Esporte Clube São Bernardo","MEDIA DAY PRA COPA PAULISTA @RIVALOBRASIL? TEMOS! 🐶 📸

Confira os bastidores do nosso Media Day para #CopaPaulistaRivalo2026 🏆 🐶 📷

Curtiram os clicks dos nossos craques, torcedor!? 🧑🏻‍💻

📸 @a5_fotografia | 📹 Leonardo Rocha/ECSB

@rivalobrasil 

#ECSBSAF #Cachorrão #MediaDay",46,"07/07/2026 09:59",https://www.instagram.com/reel/Daf8zjMOiX0/,"Reel do Instagram",,Total,35017,25094,365,12,4,6,0
18088895765387991,17841400074692954,paulistao,Paulistão,"EU SÓ QUERO CHOCOLATE! 🍫
Neste Dia Mundial do Chocolate, a adm quer saber: qual o melhor chocolate que seu time já aplicou? Manda para aquele rival não esquecer 👀😂
#DiaMundialDoChocolate #FutebolPaulista",0,"07/07/2026 06:00",https://www.instagram.com/p/DafcatKjGeA/,"Carrossel do Instagram",,Total,69416,26829,1224,342,0,36,35
18601738996045883,17841400074692954,paulistao,Paulistão,"Assim terminou a segunda-feira dos #PaulistasEmCampo.
#FutebolPaulista",0,"07/06/2026 17:02",https://www.instagram.com/p/DaeIgEUn2yb/,"Imagem do Instagram",,Total,20390,12045,192,4,0,1,2
18079115819312234,17841400074692954,paulistao,Paulistão,"São Bernardo leva gol no finzinho e deixa o empate escapar em Goiânia.
#PaulistasEmCampo
📷Roberto Correa/Vila Nova",0,"07/06/2026 16:58",https://www.instagram.com/p/DaeIFy1HyuR/,"Imagem do Instagram",,Total,18632,10411,167,5,0,10,1
18116733517889223,17841400074692954,paulistao,Paulistão,"RESPIRA, PANTERA!
Botafogo vence com propriedade e deixa o Z4 da Série B!
#PaulistasEmCampo
📷Luiz Fernando Cosenzo/Ag. Botafogo",0,"07/06/2026 16:56",https://www.instagram.com/p/DaeH32bn70-/,"Imagem do Instagram",,Total,23658,13425,267,11,0,12,2
17889659196576095,17841400074692954,paulistao,Paulistão,"RESTAM OITO!
Datas e horários dos confrontos de ida e volta das quartas de final do Paulista Sub-23 Segunda Divisão foram definidos. Confira a tabela completa.
#PaulistaSub23SegundDivisão",0,"07/06/2026 12:11",https://www.instagram.com/p/DadnMYBE_D-/,"Carrossel do Instagram",,Total,30883,13035,442,47,5,4,3
18071487524379523,17841400074692954,paulistao,Paulistão,"DIA DE PANTERA E TIGRE EM CAMPO!
Começando a semana com dois confrontos das minhas equipes no @brasileiraob!
#PaulistasEmCampo",0,"07/06/2026 06:00",https://www.instagram.com/p/Dac3jvcEzAf/,"Imagem do Instagram",,Total,18453,10161,138,4,0,2,1
18078403082287259,17841400074692954,paulistao,Paulistão,"Bem, amigos... Terminou. 😢
O sonho do hexa é adiado mais uma vez.
#CopaDoMundo
📷Rafael Riobeiro/CBF",0,"07/05/2026 15:06",https://www.instagram.com/p/DabWecAn6MQ/,"Imagem do Instagram",,Total,117642,65649,2759,303,1,92,27
18120286282694994,17841400074692954,paulistao,Paulistão,"EM BUSCA DA NONA!
O Brasil não sabe o que é perder numa oitava de final da Copa do Mundo desde 1990! Chegou o dia de defender um tabu e tanto em campo!
#CopaDoMundo",0,"07/05/2026 09:03",https://www.instagram.com/p/Daas7HqnyBA/,"Carrossel do Instagram",,Total,284346,121009,7647,24,2,23,84
17895235224487945,17841400074692954,paulistao,Paulistão,"CONFRONTOS DEFINIDOS!
Assim ficaram os duelos das quartas de final do Paulista Sub-23 Segunda Divisão!

Itaqua x União Mogi
Independente x Paulinense
José Bonifácio x América
Flamengo x Matonense

#FutebolPaulista",0,"07/05/2026 08:21",https://www.instagram.com/p/DaaoB8nnwyZ/,"Imagem do Instagram",,Total,46741,25531,723,104,14,46,8
18110977391287381,17841400074692954,paulistao,Paulistão,"FIM DE PAPO NAS OITAVAS DE FINAL!
Independente, José Bonifácio e Paulinense ficaram com as últimas vagas para as quartas de final do Paulista Sub-23 Segunda Divisão!
#FutebolPaulista",0,"07/05/2026 08:02",https://www.instagram.com/p/Daal48kH9lp/,"Imagem do Instagram",,Total,23908,12856,358,11,3,5,6
17861764098642806,17841400074692954,paulistao,Paulistão,"OS TRÊS ÚLTIMOS JOGOS DAS OITAVAS!
Restam três vagas para as quartas de final do Paulista Sub-23 Segunda Divisão! Quem avança?
#PaulistaSub23SegundaDivisão",0,"07/05/2026 03:00",https://www.instagram.com/p/DaZ-KPRjEh2/,"Imagem do Instagram",,Total,15429,8633,129,5,0,2,0
18068618249423460,17841400074692954,paulistao,Paulistão,"BRASIL, A SELEÇÃO CHEGOU!
MAIS UM DESAFIO NA COPA DO MUNDO 🔥
#CopaDoMundo",0,"07/04/2026 20:05",https://www.instagram.com/p/DaZO3lfE8PY/,"Imagem do Instagram",,Total,107051,53186,2496,100,1,39,26
17983861539009411,17841400074692954,paulistao,Paulistão,"Fim de mais um sábado de #FutebolPaulista.
#PaulistaEmCampo",0,"07/04/2026 18:38",https://www.instagram.com/p/DaZJ6SgIM7R/,"Imagem do Instagram",,Total,62362,40011,823,20,5,14,11
18125313112646517,17841400074692954,paulistao,Paulistão,"A Ferroviária tropeçou em casa contra o Caxias. 
#PaulistasEmCampo
📷Divulgação/Ferroviária",0,"07/04/2026 18:36",https://www.instagram.com/p/DaZJtBgDiX2/,"Imagem do Instagram",,Total,22076,11714,134,2,1,3,1
18603301384050525,17841400074692954,paulistao,Paulistão,"ZERADOS!
A rede não balançou no Brinco de Ouro.
#PaulistasEmCampo
📷Raphael Silvestre/Guarani",0,"07/04/2026 18:30",https://www.instagram.com/p/DaZI9VOGkw9/,"Imagem do Instagram",,Total,20722,10975,179,5,0,1,1
18543797668074478,17841400074692954,paulistao,Paulistão,"Não foi a noite do Galo de Itu.
#PaulistasEmCampo
📷Flavio Torres/Arquivo/Ituano",0,"07/04/2026 17:32",https://www.instagram.com/p/DaZCVvcnWrw/,"Imagem do Instagram",,Total,20285,11045,136,5,0,0,1
17909066109432491,17841400074692954,paulistao,Paulistão,"VIRADA PAULISTA!
Velo Clube busca o resultado contra o São Luiz-RS e conquista importante vantagem por um lugar nas oitavas de final da Série D!
#PaulistasEmCampo
📷Ana Julia Guerreiro/Divulgação/Velo Clube",0,"07/04/2026 17:02",https://www.instagram.com/p/DaY-34VH299/,"Imagem do Instagram",,Total,28010,16517,739,18,7,9,3
18600481252014654,17841400074692954,paulistao,Paulistão,"EMPATE POR LÁ!
Portuguesa fica em igualdade com o Marcílio Dias e vai decidir a vaga nas oitavas de final da Série D jogando no Canindé.
#PaulistasEmCampo
📷Tiago Winter/Portuguesa",0,"07/04/2026 16:11",https://www.instagram.com/p/DaY5D-8H2yu/,"Imagem do Instagram",,Total,24277,13429,351,3,0,9,2
18429094126135094,17841400074692954,paulistao,Paulistão,"VAI, LEÃO!
A Inter de Limeira garante os três pontos pela Série C!
#PaulistasEmCampo
📷Iury Oliveira/Maranhão",0,"07/04/2026 15:02",https://www.instagram.com/p/DaYxMv2n5CJ/,"Imagem do Instagram",,Total,24497,13741,294,4,1,13,2
18085347482203719,17841400074692954,paulistao,Paulistão,"XV de Piracicaba perde fora de casa e agora vai precisar reverter o placar para seguir sonhando com o acesso.
#PaulistasEmCampo
📷Mariana Kasten/XV de Piracicaba",0,"07/04/2026 14:03",https://www.instagram.com/p/DaYqdVZn573/,"Imagem do Instagram",,Total,59209,33371,1084,146,11,151,11
18382412437161892,17841400074692954,paulistao,Paulistão,"VITÓRIA MAIÚSCULA!
Novorizontino vence o Atlético-GO com propriedade e assume provisoriamente a liderança da Série B!
#PaulistasEmCampo
📷Juan Rodrigues/Novorizontino",0,"07/04/2026 14:01",https://www.instagram.com/p/DaYqLSkHxeP/,"Imagem do Instagram",,Total,21110,11900,229,8,0,4,3
18118207498860764,17841400074692954,paulistao,Paulistão,"CINCO SEGUEM!
Itaqua, Flamengo, Matonense, América e União Mogi seguem firmes na luta pelo acesso no Paulista Sub-23 Segunda Divisão!
#FutebolPaulista",0,"07/04/2026 13:40",https://www.instagram.com/p/DaYnyn_n7ot/,"Imagem do Instagram",,Total,27044,14419,496,8,8,16,4
17859724323661682,17841400074692954,paulistao,Paulistão,"DUELO DE GIGANTES!
Usando o ranking da FIFA, pegamos os melhores colocados das três primeiras divisões do Futebol Paulista e simulamos como seriam os duelos de oitavas de final de uma Copa do Mundo do Paulistão! Comenta aí qual seria o confronto do seu time!
#FutebolPaulista",0,"07/04/2026 11:55",https://www.instagram.com/p/DaYbyZiHxKN/,"Carrossel do Instagram",,Total,275716,116819,8871,439,7,156,236
18324509494259073,17841400074692954,paulistao,Paulistão,"“DEFENDER EM QUALQUER SITUAÇÃO A CAMISA DA SELEÇÃO DO PARAGUAI” 🇵🇾🌟
Gustavo Gómez tem mais uma chance de fazer história na Copa do Mundo, dessa vez contra a França. Avanti, capitão! 💪
#PaulistasEmCampo #Paraguai #Palmeiras #Oitavas",50,"07/04/2026 10:31",https://www.instagram.com/reel/DaYSEb6AfrR/,"Reel do Instagram",,Total,15764,11435,1025,23,2,11,47
18610132066042156,17841408376344663,libertadoresbr,"CONMEBOL Libertadores","🇨🇴💚 O brilho de Jhon Arias! Um campeão da CONMEBOL #Libertadores decisivo na @FIFAWorldCup.

🐷 @Palmeiras 🤝 @fcfseleccioncol",0,"07/04/2026 07:04",https://www.instagram.com/p/DaX6b0CDjTL/,"Carrossel do Instagram",,Total,156344,59066,5017,36,3,25,0
18097815281217037,17841400074692954,paulistao,Paulistão,"DIA CHEIO!
Como esquenta para a Copa do Mundo, o sábado está recheado de emoção com #PaulistasEmCampo 🔥",0,"07/04/2026 06:00",https://www.instagram.com/p/DaXt96kErA0/,"Imagem do Instagram",,Total,27071,16627,428,9,2,14,9
18086477207640506,17841400074692954,paulistao,Paulistão,"PRIMEIRO DIA DE OITAVAS DE FINAL!
Os primeiros cinco confrontos que vão definir quem avança para as quartas do #PaulistaSub23SegundaDivisão vão rolar hoje!",0,"07/04/2026 05:00",https://www.instagram.com/p/DaXnGhLlhX8/,"Imagem do Instagram",,Total,13040,7180,124,5,0,1,1
18081091967247393,17841400074692954,paulistao,Paulistão,"QUANDO O TIMÃO CONQUISTOU A AMÉRICA!
No dia 4 de julho de 2012, o Corinthians vencia o Boca Juniors e conquistava a primeira Libertadores de sua história!
#BaúDoPaulistão",0,"07/04/2026 04:00",https://www.instagram.com/p/DaXgVlKEtOK/,"Carrossel do Instagram",,Total,50263,23039,2694,105,2,38,54
18162031612416049,17841455066317821,cazetv,CazéTV,"É GOL DO PALMEIRAS NA COPA DO MUNDO! É GOL DE JHON ARIAS!

🚨 𝐒𝐄 𝐓𝐄𝐌 𝐂𝐎𝐏𝐀, 𝐄𝐒𝐐𝐔𝐄𝐂𝐄! É NA CAZÉTV! 🤩📺

#CopaNaCazéTV #cztv05 #Original #Palmeiras #FifaWorldCup",23,"07/03/2026 18:59",https://www.instagram.com/reel/DaWndJOEigw/,"Reel do Instagram",,Total,3145077,2221239,114882,8147,95,1432,0
18096855953247377,17841455066317821,cazetv,CazéTV,"É O PALMEIRAS NA COPA DO MUNDO!!!! 🟢⚪ É O PRIMEIRO DE JHON ARIAS, NO MATA-MATA, PRA ABRIR A DECISÃO!!! 🔥

🎙️ @fenarda

🇨🇴🇬🇭 ESTAMOS AO VIVOOOO PRA COLÔMBIA X GANA!!! A ÚLTIMA DECISÃO DOS 16 AVOS! VEM PRA CAZÉTV! 𝐒𝐄 𝐓𝐄𝐌 𝐂𝐎𝐏𝐀, 𝐄𝐒𝐐𝐔𝐄𝐂𝐄! 😮‍💨

#CopaNaCazéTV #TempoRealCazéTV @budweiser_br #BudNaCopa #BebaComModeração #VideoPatrocinado #cztv40 #cztv08",39,"07/03/2026 18:50",https://www.instagram.com/reel/DaWmeQEDakh/,"Reel do Instagram",,Total,4908730,2928109,195748,4905,192,1097,0
18099005219335608,17841400074692954,paulistao,Paulistão,"CHEGOU A HORA DE DEFINIR QUEM AVANÇA!
Esses são os confrontos de volta das oitavas de final do Paulista Sub-23 Segunda Divisão!
#PaulistaSub23SegundaDivisão",0,"07/03/2026 15:00",https://www.instagram.com/p/DaWG-Njj7Xa/,"Imagem do Instagram",,Total,21977,12050,236,9,0,1,1
18065683010476346,17841400074692954,paulistao,Paulistão,"NO CLIMA!
Quando a adm lembra que sextou e que tem jogo do Brasil pela Copa do Mundo no final de semana 🕺🤩
#CopaDoMundo #SeleçãoBrasileira",10,"07/03/2026 14:31",https://www.instagram.com/reel/DaWIwrIpzDh/,"Reel do Instagram",,Total,25601,16385,829,1,2,7,5
18093150371612627,17841400074692954,paulistao,Paulistão,"PARCEIROS DE SONHO! 
Endrick e Rayan seguem bailando com a amarelinha ⭐ Será que vem gol da dupla nas oitavas de final? 
#CopaDoMundo #SeleçãoBrasileira",16,"07/03/2026 11:46",https://www.instagram.com/reel/DaV12xwkU06/,"Reel do Instagram",,Total,492225,261568,18793,286,7,79,243
18084527072561678,17841400074692954,paulistao,Paulistão,"Fora de casa, a Ponte Preta sofre revés no @brasileiraob.
#PaulistasEmCampo
📷 Marcos Ribolli/PontePress",0,"07/02/2026 21:00",https://www.instagram.com/p/DaUQjtgG_ZC/,"Imagem do Instagram",,Total,91319,50734,1453,252,4,146,23
18089628641087016,17841400074692954,paulistao,Paulistão,"VAMOS, MACACA!
A Ponte Preta vai buscar a vitória fora de casa no @brasileiraob para subir na tabela!
#PaulistasEmCamp",0,"07/02/2026 06:00",https://www.instagram.com/p/DaSkYZoH6e4/,"Imagem do Instagram",,Total,12944,7543,145,4,0,5,1
18345611581216550,17841400074692954,paulistao,Paulistão,"TÍTULO DO TRICOLOR!
Há 37 anos, após vencer o jogo de ida e segurar o empate na volta, o São Paulo conquistava o Estadual pela 16ª vez na história!
#BaúDoPaulistão",0,"07/02/2026 05:00",https://www.instagram.com/p/DaSdg1WEji4/,"Imagem do Instagram",,Total,98686,55895,2952,242,8,71,53
18125323810710684,17841426429471156,fpf_oficial,"Federação Paulista de Futebol","ARBITRAGEM PAULISTA NO MATA-MATA DA COPA DO MUNDO! 🌎🌟
Raphael Claus e Danilo Manis, integrantes do quadro de arbitragem da FPF, conduziram a partida entre Estados Unidos e Bósnia, válido pela fase 16 avos de final da Copa do Mundo de 2026.
#FPF #Arbitragem",0,"07/01/2026 19:22",https://www.instagram.com/p/DaRgiGaDYPi/,"Carrossel do Instagram",,Total,140335,60637,3024,23,8,40,0
18539595040074035,17841400074692954,paulistao,Paulistão,"Gustavo Gómez é prova viva da sua própria crença: da garra paraguaia, da luta que só quem veio da 𝒕𝒊𝒆𝒓𝒓𝒂 𝒄𝒐𝒍𝒐𝒓𝒂𝒅𝒂 carrega no sangue. O xerife alviverde segue fazendo história com a camisa albirroja 🌟🇵🇾
#CopaDoMundo #Paraguai #Palmeiras #PaulistasEmCampo",16,"07/01/2026 14:30",https://www.instagram.com/reel/DaQ_E5kpKxj/,"Reel do Instagram",,Total,33009,25859,1992,31,2,18,42
18175816753372908,17841400074692954,paulistao,Paulistão,"PARA FICAR NA MEMÓRIA!
O Timão garantiu o título da @copadobrasil em 2009 desse jeito! Vem conferir os gols 🔥🤩
#BaúDoPaulistão",49,"07/01/2026 14:00",https://www.instagram.com/reel/DaQ64rTD7lV/,"Reel do Instagram",,Total,36547,26812,1027,22,3,10,14
