Post id,Date,Post text,Post Link,Impressions,Likes,Engagements,Bookmarks,Shares,New follows,Replies,Reposts,Profile visits,Detail Expands,URL Clicks,Hashtag Clicks,Permalink Clicks
2089336452874469423,"Mon, Aug 17, 2026",PARA CIMA DELAS! O Realidade Jovem vai em busca da vantagem no primeiro jogo da semifinal do Brasileirão A3! #ElasEmCampo https://t.co/0vnFcFgOdM,https://x.com/PaulistaoFem/status/2089336452874469423,106,0,1,0,0,0,0,0,0,0,0,0,0
2089087196812706116,"Sun, Aug 16, 2026",Duas vitórias e dois tropeços marcaram o domingo do futebol paulista pelas duas divisões do Brasileirão Feminino. #ElasEmCampo https://t.co/j7Kvpezf0O,https://x.com/PaulistaoFem/status/2089087196812706116,421,8,11,1,0,0,0,1,1,0,0,0,0
2089086703734546756,"Sun, Aug 16, 2026",Taubaté perde o jogo de ida e vai ter que decidir a vaga para a semifinal do Brasileirão Feminino A2 jogando fora de casa. #ElasEmCampo 📷Beatriz de Sá/Vasco https://t.co/ncJRfAQCAx,https://x.com/PaulistaoFem/status/2089086703734546756,428,6,9,0,0,0,0,0,0,1,0,0,0
2089025874645401881,"Sun, Aug 16, 2026",GOLEADA TRICOLOR! O São Paulo não deu chances para o Botafogo no Nilton Santos! #ElasEmCampo 📷Arthur Barreto/Botafogo https://t.co/xa0ZsB4rlM,https://x.com/PaulistaoFem/status/2089025874645401881,565,15,19,0,0,0,0,1,1,0,0,0,0
2089023912927486208,"Sun, Aug 16, 2026","AVANTI, PALESTRINAS! Palmeiras faz o dever de casa e garante os três pontos contra o Juventude. #ElasEmCampo 📷Paloma Cassiano/Palmeiras https://t.co/L2JJGjZvOR",https://x.com/PaulistaoFem/status/2089023912927486208,450,16,20,0,0,0,0,2,1,1,0,0,0
2089023055351664643,"Sun, Aug 16, 2026",As Sereias da Vila foram superadas pelo Flamengo no Brasileirão Feminino. #ElasEmCampo 📷Raul Baretta/Santos https://t.co/WDczvNJBko,https://x.com/PaulistaoFem/status/2089023055351664643,532,11,13,0,0,0,0,0,1,1,0,0,0
2088974059677921319,"Sun, Aug 16, 2026",ESSE DOMINGO COMEÇA CEDO PARA O FUTEBOL PAULISTA! São quatro confrontos das minhas equipes nas séries A1 e A2 do @brfeminino! #ElasEmCampo https://t.co/381VryJ5V1,https://x.com/PaulistaoFem/status/2088974059677921319,535,23,32,1,0,0,0,3,1,1,0,0,0
2088781534715142541,"Sun, Aug 16, 2026",Sabadão invicto para o futebol paulista! #ElasEmCampo https://t.co/xHs4nmwAkA,https://x.com/PaulistaoFem/status/2088781534715142541,515,9,11,0,0,0,0,0,1,0,0,0,0
2088778341352432070,"Sun, Aug 16, 2026",DE VIRADA! Ferroviária marca dois na reta final e garante a vitória! #ElasEmCampo 📷Rafael Zocco/Ferroviária https://t.co/KDVyHTPJ6S,https://x.com/PaulistaoFem/status/2088778341352432070,553,8,11,0,0,0,0,1,1,0,0,0,0
2088764845592031620,"Sat, Aug 15, 2026",CONFRONTOS DEFINIDOS! Assim ficaram definidas as partidas de quartas de final do Paulista F Sub-15 Petrobras! #PaulistaFSub20Petrobras https://t.co/RqgCFEHar0,https://x.com/PaulistaoFem/status/2088764845592031620,399,8,15,0,0,0,0,2,1,0,0,0,0
2088755326174564644,"Sat, Aug 15, 2026",EMPATE LÁ! O Corinthians volta de Salvador com mais um ponto somado no Brasileirão Feminino. #ElasEmCampo 📷Letícia Martins/Bahia https://t.co/ex5bzXiPfd,https://x.com/PaulistaoFem/status/2088755326174564644,409,12,15,1,0,0,0,1,0,2,0,0,0
2088750586606801357,"Sat, Aug 15, 2026",GOLEADA DAS BRAGANTINAS! Red Bull Bragantino venceu em grande estilo pelo Brasileirão Feminino! #ElasEmCampo 📷Carla Cenci/Red Bull Bragantino https://t.co/llaRQ5hUst,https://x.com/PaulistaoFem/status/2088750586606801357,568,14,22,1,0,0,0,0,1,4,0,0,0
2088740707397673199,"Sat, Aug 15, 2026",Ponto final na sétima e última rodada do Paulista F Sub-15 Petrobras! Vamos aos resultados. #PaulistaFSub15Petrobras https://t.co/50FtiCqBpz,https://x.com/PaulistaoFem/status/2088740707397673199,467,13,18,0,0,0,0,0,0,0,0,1,0
2088611665357222216,"Sat, Aug 15, 2026","DOSE TRIPLA! Bragantinas, Brabas e Guerreiras Grenás entram em campo em busca dos três pontos no @brfeminino! #ElasEmCampo https://t.co/vqdUeTHneb",https://x.com/PaulistaoFem/status/2088611665357222216,486,9,12,0,0,0,1,0,0,1,0,0,0
2088581473037332983,"Sat, Aug 15, 2026",A ÚLTIMA VOLTA! A primeira fase do Paulista F Sub-15 @petrobras chega ao fim neste sábado. Vem conferir os jogos com transmissão do YouTube do @paulistao. #PaulistaFSub15Petrobras https://t.co/M3kuznGOnZ,https://x.com/PaulistaoFem/status/2088581473037332983,367,6,9,1,0,0,0,0,1,0,0,0,0
2088278144289546721,"Fri, Aug 14, 2026",FIM DE PAPO! Vem conferir os resultados de mais uma rodada do Paulista F Sub-20 @petrobras. #PaulistaFSub20Petrobras https://t.co/KbRNAM5vTv,https://x.com/PaulistaoFem/status/2088278144289546721,948,19,27,0,0,0,0,1,3,0,0,1,0
2088066065527882137,"Fri, Aug 14, 2026","100% ATUALIZADA! Com a Ferroviária no topo, é assim que fica a classificação do Paulistão F Petrobras ao fim da sexta rodada! #PaulistãoFPetrobras https://t.co/eRQRXEMOpM",https://x.com/PaulistaoFem/status/2088066065527882137,669,16,68,0,0,0,0,1,1,19,0,0,0
2088065601881178377,"Fri, Aug 14, 2026",FIM DE PAPO! Fecha a conta e passa a régua na sexta rodada do Paulistão F Petrobras! #PaulistãoFPetrobras https://t.co/GtigsN9X5U,https://x.com/PaulistaoFem/status/2088065601881178377,581,15,21,0,0,0,0,0,3,1,0,0,0
2088063034862240091,"Fri, Aug 14, 2026",CONFIRA COMIGO NO REPLAY! Bora rever o gol que garantiu a vitória do São Paulo no #SuperclássicoFPetrobras! #PaulistãoFPetrobras https://t.co/uutlhm4ztE,https://x.com/PaulistaoFem/status/2088063034862240091,599,6,10,0,0,0,0,0,2,1,0,1,0
2088059617880228172,"Fri, Aug 14, 2026",NOITE TRICOLOR! - Vitória no San-São ✅ - Troféu do #SuperclássicoF ✅ - #CraqueDoJogoPetrbras ✅ #PaulistãoFPetrobras 📷Mauro Horita/Ag. Paulistão https://t.co/xFZTEGroeh,https://x.com/PaulistaoFem/status/2088059617880228172,554,7,19,0,0,0,0,0,1,0,0,0,0
2088057726203007199,"Fri, Aug 14, 2026","É ELA! Autora do gol da vitória do São Paulo no #SuperclássicoF, Clara foi escolhida como a Craque do Jogo Petrobras! #PaulistãoFPetrobras 📷Mauro Horita/Ag. Paulistão https://t.co/lHvkUsaBlu",https://x.com/PaulistaoFem/status/2088057726203007199,440,7,13,0,0,0,0,0,4,1,0,0,0
2088056498777628954,"Fri, Aug 14, 2026",É DO TRICOLOR! A taça do San-São no #SuperclássicoF ficou com o São Paulo! #PaulistãoFPetrobras https://t.co/2Fz9FGcHZ9,https://x.com/PaulistaoFem/status/2088056498777628954,629,8,11,0,0,0,0,0,0,1,0,0,0
2088053731824701738,"Fri, Aug 14, 2026",SAN-SÃO TRICOLOR! O São Paulo fica com a vitória no #SuperclássicoF! #PaulistãoFPetrobras #SuperclássicoF 📷Mauro Horita/Ag. Paulistão https://t.co/yaEYH98feT,https://x.com/PaulistaoFem/status/2088053731824701738,432,12,26,0,0,0,0,1,1,1,0,0,0
2088050012739473901,"Thu, Aug 13, 2026",OLHA ELA AÍ! Gol da lateral? Temos! Clara apareceu dentro da área do Santos e abriu o placar do San-São para o Tricolor! #PaulistãoFPetrobras https://t.co/gcV6XAraCa,https://x.com/PaulistaoFem/status/2088050012739473901,624,15,21,0,0,0,0,0,5,0,0,0,0
2088037674560995411,"Thu, Aug 13, 2026","DOSE DUPLA! O Santos chegou duas vezes com perigo, mas a trave do São Paulo impediu o gol! #PaulistãoFPetrobras https://t.co/V7ozvSV7l4",https://x.com/PaulistaoFem/status/2088037674560995411,939,24,46,1,0,0,0,2,11,7,0,1,0
2088035920339509752,"Thu, Aug 13, 2026",AINDA SEM GOLS! A rede não balançou no primeiro tempo do San-São. #PaulistãoFPetrobras #SuperclássicoF 📷Mauro Horita/Ag. Paulistão https://t.co/qwCiZbmL0A,https://x.com/PaulistaoFem/status/2088035920339509752,534,8,14,0,0,0,1,0,1,1,0,1,0
2088018297409147274,"Thu, Aug 13, 2026",TÁ CHEGANDO A HORA! São Paulo e Santos trabalham de olho em mais uma rodada do Paulistão F Petrobras! #PaulistãoFPetrobras #SuperclássicoF 📷Mauro Horita/Ag. Paulistão https://t.co/PYNyXED7np,https://x.com/PaulistaoFem/status/2088018297409147274,592,12,19,0,0,0,0,0,1,0,0,0,0
2088003910698963017,"Thu, Aug 13, 2026",SE TEM #SUPERCLÁSSICOF... Tem taça em jogo! Quem será que vai levar essa pra casa? #PaulistãoFPetrobras #SuperclássicoF 📷Mauro Horita/Ag. Paulistão https://t.co/BLglMTyHa0,https://x.com/PaulistaoFem/status/2088003910698963017,432,4,11,0,0,0,0,0,1,3,0,0,0
2087999596072976768,"Thu, Aug 13, 2026",HOJE TEM! É dia de San-São no Paulistão F Petrobras! #PaulistãoFPetrobras #SuperclássicoF 📷Mauro Horita/Ag. Paulistão https://t.co/TWMe7xqFQn,https://x.com/PaulistaoFem/status/2087999596072976768,577,10,20,0,0,1,0,0,3,0,0,1,0
2087962389228777932,"Thu, Aug 13, 2026",NOITE DE CLÁSSICO PARA AS SEREIAS DA VILA! 🧜‍♀️ Só a vitória interessa para o Santos no clássico contra o São Paulo! #PaulistãoFPetrobras https://t.co/g8tg8Rbeq0,https://x.com/PaulistaoFem/status/2087962389228777932,476,4,9,0,0,0,0,0,1,0,0,0,0
2087947292477427791,"Thu, Aug 13, 2026",TRICOLORES EM CAMPO! 🇾🇪 O São Paulo quer a classificação direta para as semifinais do Paulistão F Petrobras e precisa vencer o Santos no clássico! #PaulistãoFPetrobras https://t.co/7dWvNYOEJk,https://x.com/PaulistaoFem/status/2087947292477427791,511,3,11,0,0,0,0,1,4,0,0,0,0
2087886893702897964,"Thu, Aug 13, 2026",UM CLÁSSICO DESSE PARA ENCERRAR A RODADA?! 😮‍💨 Hoje é dia de San-São no Paulistão F Petrobras! Quem vai levar a melhor: Tricolores ou Sereias da Vila? 👀 #PaulistãoFPetrobras #Santos #SãoPaulo https://t.co/R2dyWjfkdM,https://x.com/PaulistaoFem/status/2087886893702897964,726,9,14,0,0,0,0,1,1,0,0,0,0
2087703711984267525,"Thu, Aug 13, 2026","QUE MOMENTO! As duas goleiras do Red Bull Bragantino machucaram no jogo, mas Ana Carla saiu da linha, assumiu o gol e fez uma defesa nos acréscimos para garantir o empate das Bragantinas! #PaulistãoFPetrobras https://t.co/WXsYkyzsBM",https://x.com/PaulistaoFem/status/2087703711984267525,1059,45,59,1,0,0,0,3,8,3,0,0,0
2087700467438506322,"Thu, Aug 13, 2026","COM FERROVIÁRIA E PALMEIRAS NO TOPO, ASSIM ESTÁ A CLASSIFICAÇÃO DO PAULISTÃO F PETROBRAS! #Classificação #PaulistãoFPetrobras https://t.co/OW8NaJ5sgo",https://x.com/PaulistaoFem/status/2087700467438506322,593,13,23,0,0,0,0,1,1,3,0,0,0
2087698569037844872,"Thu, Aug 13, 2026",A quarta-feira do Paulistão F Petrobras terminou assim! #PaulistãoFPetrobras https://t.co/lxkRd9vKfR,https://x.com/PaulistaoFem/status/2087698569037844872,633,29,37,0,0,0,0,2,2,1,0,0,0
2087697520658989320,"Thu, Aug 13, 2026","A Ana Carla saiu da linha, assumiu o gol do Red Bull Bragantino, fez uma defesa nos acréscimos e foi eleita a craque do jogo no Paulistão F Petrobras! #PaulistãoFPetrobras 📷Alexandre Battibugli/Ag. Paulistão https://t.co/AXho4SlwI8",https://x.com/PaulistaoFem/status/2087697520658989320,563,18,27,0,0,0,0,0,4,3,0,0,0
2087693008598688051,"Thu, Aug 13, 2026",TUDO IGUAL! Red Bull Bragantino e Ferroviária não saem do zero no Paulistão F Petrobras! #PaulistãoFPetrobras 📷Alexandre Battibugli/Ag. Paulistão https://t.co/X8j1lHsj5M,https://x.com/PaulistaoFem/status/2087693008598688051,1111,15,32,1,0,0,1,0,6,1,0,0,0
2087675579944301030,"Wed, Aug 12, 2026",PLACAR ZERADO NO PRIMEIRO TEMPO ENTRE BRAGANTINAS E GUERREIRAS! #PaulistãoFPetrobras 📷Alexandre Battibugli/Ag. Paulistão https://t.co/ubt8bc4jX0,https://x.com/PaulistaoFem/status/2087675579944301030,457,6,17,1,0,0,0,0,5,3,0,0,0
2087667654932709380,"Wed, Aug 12, 2026",A ERIKA CONHECE O CAMINHO DO GOL! #PaulistãoFPetrobras 📷Pedro Zacchi/Ag. Paulistão https://t.co/CpG56R4ixq,https://x.com/PaulistaoFem/status/2087667654932709380,507,18,29,0,0,0,0,6,1,1,0,0,0
2087664662187753878,"Wed, Aug 12, 2026","Jaqueline jogou muito, fez dois gols e foi eleita a craque do jogo! #PaulistãoFPetrobras #Corinthians #Brabas 📷Pedro Zacchi/Ag. Paulistão https://t.co/CgtDzDeT6R",https://x.com/PaulistaoFem/status/2087664662187753878,2239,49,124,0,0,0,0,4,2,0,0,0,0
2087663572746707384,"Wed, Aug 12, 2026",GOLEADA DAS BRABAS!⚽⚽⚽⚽ #PaulistãoFPetrobras 📷Pedro Zacchi/Ag. Paulistão https://t.co/PYnCDouBR4,https://x.com/PaulistaoFem/status/2087663572746707384,500,15,29,1,0,0,0,4,0,0,0,0,0
2087663433999057130,"Wed, Aug 12, 2026",A ERIKA NÃO PERDOA! É O QUARTO GOL DAS BRABAS! #PaulistãoFPetrobras #Corinthians https://t.co/jPkY4J5B21,https://x.com/PaulistaoFem/status/2087663433999057130,700,19,23,1,0,0,0,2,2,0,0,0,0
2087658670888747133,"Wed, Aug 12, 2026",TUDO PRONTO PARA O ÚLTIMO JOGO DO DIA! BRAGANTINAS E GUERREIRAS EM CAMPO! #PaulistãoFPetrobras 📷Alexandre Battibugli/Ag. Paulistão https://t.co/NdTe8vXu17,https://x.com/PaulistaoFem/status/2087658670888747133,390,7,8,0,0,0,0,0,1,0,0,0,0
2087658636864639425,"Wed, Aug 12, 2026",OLHA O TERCEIRO GOL DAS BRABAS! #PaulistãoFPetrobras https://t.co/nwJlYFuyJb,https://x.com/PaulistaoFem/status/2087658636864639425,540,9,11,0,0,0,0,1,1,0,0,0,0
2087651574071894461,"Wed, Aug 12, 2026","JAQUELINE, A BRABA!⚽⚽ #PaulistãoFPetrobras 📷Pedro Zacchi/Ag. Paulistão https://t.co/UBuwWf6Ehq",https://x.com/PaulistaoFem/status/2087651574071894461,536,23,34,0,0,0,0,3,1,0,0,0,0
2087651391627988993,"Wed, Aug 12, 2026",Giovana marcou o segundo gol da história do Mirassol no Paulistão F Petrobras! #PaulistãoFPetrobras 📷Pedro Zacchi/Ag. Paulistão https://t.co/9nC0jzXvui,https://x.com/PaulistaoFem/status/2087651391627988993,431,11,19,0,0,0,1,0,3,0,0,0,0
2087643840958066994,"Wed, Aug 12, 2026",INTERVALO DE JOGO E AS BRABAS ESTÃO NA FRENTE DO PLACAR! #PaulistãoFPetrobras 📷Pedro Zacchi/Ag. Paulistão https://t.co/1O9uaj4bIn,https://x.com/PaulistaoFem/status/2087643840958066994,514,22,32,0,0,0,0,1,3,0,0,0,0
2087642608973602933,"Wed, Aug 12, 2026",OLHA ELA DE NOVO! Jaqueline marca o segundo das Brabas contra o Mirassol! #PaulistãoFPetrobras #Corinthians https://t.co/L5zkbwPaDN,https://x.com/PaulistaoFem/status/2087642608973602933,519,14,32,2,0,0,1,2,5,10,0,0,0
2087639565645267064,"Wed, Aug 12, 2026",GOL HISTÓRICO! Giovana deixou tudo igual e fez o segundo gol da história do Mirassol! #PaulistãoFPetrobras https://t.co/0J4MpFc10v,https://x.com/PaulistaoFem/status/2087639565645267064,699,20,29,0,0,0,1,1,3,2,0,1,0
2087635835617181960,"Wed, Aug 12, 2026","QUE GOLAÇO DA JAQUELINE! Desarmou, arrancou e mandou na gaveta! #PaulistãoFPetrobras #Corinthians #Brabas https://t.co/vsurjjL5Xk",https://x.com/PaulistaoFem/status/2087635835617181960,691,31,44,0,0,0,1,2,9,0,0,1,0
2087630202520113479,"Wed, Aug 12, 2026",BRAGANTINAS E GUERREIRAS SE ENFRENTAM! Assista ao vivo no YouTube do @paulistao ao confronto entre Red Bull Bragantino e Ferroviária! #PaulistãoFPetrobras https://t.co/S2akDZaRLU,https://x.com/PaulistaoFem/status/2087630202520113479,488,10,19,0,0,0,0,0,5,1,0,1,0
2087623042839011449,"Wed, Aug 12, 2026",PLAY NA QUARTA-FEIRA DE PAULISTÃO F PETROBRAS! Vamos com tudo para Mirassol e Corinthians! #PaulistãoFPetrobras 📷Pedro Zacchi/Ag. Paulistão https://t.co/sjR0IFhtK5,https://x.com/PaulistaoFem/status/2087623042839011449,409,6,14,0,0,0,0,0,0,0,0,0,0
2087622870356705400,"Wed, Aug 12, 2026",O PRIMEIRO DO DIA! 🔥 O Mirassol recebe o Corinthians pela 6ª rodada do Paulistão F Petrobras! Quem vai sair com a vitória? #PaulistãoFPetrobras https://t.co/R4NMDTh72p,https://x.com/PaulistaoFem/status/2087622870356705400,480,6,15,0,0,0,0,0,2,3,0,1,0
2087524512371802338,"Wed, Aug 12, 2026",QUARTOU! 🤩 Os dois confrontos de hoje do Paulistão F Petrobras prometem! #PaulistãoFPetrobras https://t.co/XtrFmSKoAG,https://x.com/PaulistaoFem/status/2087524512371802338,561,12,21,0,0,0,1,2,0,2,0,0,0
2087509402270179818,"Wed, Aug 12, 2026",RODADA CHEIA NO MEIO DA SEMANA! Vem conferir os confrontos dessa etapa do Paulista F Sub-20 Petrobras! #PaulistaFSub20Petrobras https://t.co/Y3GgPS5onW,https://x.com/PaulistaoFem/status/2087509402270179818,466,7,11,0,0,0,0,0,1,0,0,0,0
2087320602654671058,"Tue, Aug 11, 2026",NOVIDADE POR AQUI! O primeiro jogo da rodada terminou e as Palestrinas assumiram a liderança no Paulistão F @petrobras. #Classificação #PaulistãoFPetrobras https://t.co/lKLlX1YdLv,https://x.com/PaulistaoFem/status/2087320602654671058,804,43,74,0,0,0,0,4,4,10,0,0,0
2087318172366000219,"Tue, Aug 11, 2026",MANDOU NO JOGO! A Taina marcou o gol da vitória e levou o troféu de Craque do Jogo @petrobras. #PaulistãoFPetrobras 📷 Anderson Romão/Ag. Paulistão https://t.co/kBPff9q5hr,https://x.com/PaulistaoFem/status/2087318172366000219,808,69,84,0,0,0,0,6,3,0,0,0,0
2087313116879093920,"Tue, Aug 11, 2026",DE VIRAR A CABEÇA! As Palestrinas venceram fora de casa e chegam à liderança do Paulistão F @petrobras. #PaulistãoFPetrobras 📷 Anderson Romão/Ag. Paulistão https://t.co/YwqPKoEiV0,https://x.com/PaulistaoFem/status/2087313116879093920,943,76,106,1,0,1,0,2,2,3,0,1,0
2087305242824073665,"Tue, Aug 11, 2026",QUE GOLAÇO! A Taina saiu da marcação e colocou onde quis para abrir o placar. #PaulistãoFPetrobras https://t.co/H5SYGv9pPD,https://x.com/PaulistaoFem/status/2087305242824073665,1315,73,92,1,0,0,1,4,11,2,0,1,0
2087295849856405516,"Tue, Aug 11, 2026","SEM GOLS POR AQUI! Não teve bola na rede até agora no Paulistão F @petrobras. Vem gol no segundo tempo, torcedor? #PaulistãoFPetrobras 📷 Anderson Romão/Ag. Paulistão https://t.co/aAbSCBpmFr",https://x.com/PaulistaoFem/status/2087295849856405516,602,15,25,0,0,0,0,0,7,0,0,0,0
2087277325230514270,"Tue, Aug 11, 2026",PALCO DE HOJE! Taubaté e Palmeiras vão a campo daqui a pouco. Para quem vai a sua torcida hoje? #PaulistãoFPetrobras 📷 Anderson Romão/Ag. Paulistão https://t.co/1V1WmKVRdV,https://x.com/PaulistaoFem/status/2087277325230514270,507,7,19,0,0,0,0,0,4,0,0,1,0
2087162125399777642,"Tue, Aug 11, 2026",PARA INAUGURAR A RODADA! 🔥 Taubaté e Palmeiras se enfrentam no primeiro confronto da 6ª rodada do Paulistão F Petrobras! Quem vai levar a melhor? #PaulistãoFPetrobras https://t.co/kmSYTFu928,https://x.com/PaulistaoFem/status/2087162125399777642,735,24,34,0,0,0,0,1,1,1,0,1,0
2086927974973022218,"Mon, Aug 10, 2026","6ª RODADA NA ÁREA! Com a primeira fase chegando ao fim, vem conferir quais são os confrontos dessa semana do Paulistão F Petrobras! #PaulistãoFPetrobras https://t.co/pwnhH5S01l",https://x.com/PaulistaoFem/status/2086927974973022218,909,22,79,0,0,0,0,5,0,25,0,0,0
2086561126301434364,"Sun, Aug 9, 2026",GOLEADA DAS BRABAS! O Corinthians fica com a vitória no Clássico Alvinegro! #ElasEmCampo 📷Rodrigo Gazzanel/Corinthians https://t.co/o73X1vgxJR,https://x.com/PaulistaoFem/status/2086561126301434364,649,44,53,0,0,0,0,3,1,1,0,1,0
2086456107594027143,"Sun, Aug 9, 2026",EM DOSE DUPLA! Domingo de duelos paulistas no Brasileirão Feminino! #ElasEmCampo https://t.co/BhuW6OO8DY,https://x.com/PaulistaoFem/status/2086456107594027143,585,14,20,0,0,0,1,1,1,0,0,0,0
2086188767937741181,"Sat, Aug 8, 2026","EM GRANDE ESTILO! A partida se encaminhava para as panalidades, mas a Emilly resolveu fazer isso daí! Com o golaço, o Realidade Jovem conquistou o acesso para o Brasileirão Feminino A2 de 2027! #ElasEmCampo 🎥CBF TV https://t.co/iAGsbwTyOt",https://x.com/PaulistaoFem/status/2086188767937741181,849,19,23,1,0,0,0,4,0,0,0,0,0
2086188196807995620,"Sat, Aug 8, 2026","CLASSIFICADAS! Taubaté é superado pelo Itabirito, mas consegue a classificação para o mata-mata do Brasileirão Feminino A2! #ElasEmCampo 📷Junior Santos/AD Taubaté https://t.co/xHpH0df2xY",https://x.com/PaulistaoFem/status/2086188196807995620,630,5,10,1,0,0,0,0,3,0,0,0,0
2086181923676655950,"Sat, Aug 8, 2026","DE VOLTA! Com direito a gol no apagar das luzes, Realidade Jovem reverte a desvantagem e vence o Coritiba para garantir o acesso ao Brasileirão Feminino A2! #ElasEmCampo 📷Fabrício Almeida/Realdiade Jovem https://t.co/DsKyh4IK0M",https://x.com/PaulistaoFem/status/2086181923676655950,634,14,17,1,0,0,0,0,0,1,0,1,0
2086180696771445025,"Sat, Aug 8, 2026",ACESSO GARANTIDO! O Realidade Jovem vai jogar o Brasileirão Feminino A2 em 2027! #ElasEmCampo https://t.co/U7j3kFGgby,https://x.com/PaulistaoFem/status/2086180696771445025,1457,32,59,0,1,0,1,3,5,7,0,0,0
2086111505041264769,"Sat, Aug 8, 2026",SABADÃO DE FUTEBOL! Se liga quais partidas movimentam o sábado deo futebol paulista! #ElasEmCampo https://t.co/Zg3qosZyAk,https://x.com/PaulistaoFem/status/2086111505041264769,603,9,19,0,0,0,1,1,2,4,0,0,0
2085742777217028421,"Fri, Aug 7, 2026",A 6ª rodada do Paulistão F @petrobras no estilo Minecraft! 🎮🌟 #PaulistãoFPetrobras #Minecraft #trend https://t.co/KUjY9gowVN,https://x.com/PaulistaoFem/status/2085742777217028421,1161,37,108,1,0,1,0,1,2,0,0,1,0
2085404058429337838,"Thu, Aug 6, 2026",ANOTA AÍ! Tudo pronto para a última rodada do Paulistão F Petrobras. Confira datas e horários! #PaulistãoFPetrobras https://t.co/pz7FO6uT0f,https://x.com/PaulistaoFem/status/2085404058429337838,944,16,50,0,1,0,0,3,3,6,0,0,0
2085371121407304079,"Thu, Aug 6, 2026","NOVIDADE NAS PALESTRINAS! O Palmeiras anunciou a contratação da Antonia, zagueira da Seleção Brasileira e que estava no Real Madrid. Bem-vinda de volta ao #FutebolPaulista 💚 #ElasEmCampo 📷 Reprodução/@Palmeiras_FEM https://t.co/Q7xUQUDcQw",https://x.com/PaulistaoFem/status/2085371121407304079,1048,109,125,0,0,0,0,3,1,1,0,0,0
2084957588752421186,"Wed, Aug 5, 2026",BORA PARA A 9ª RODADA! Confira os confrontos dessa etapa do Paulista F Sub-20 Petrobras! #PaulistaFSub20Petrobras https://t.co/CkLwDY50bL,https://x.com/PaulistaoFem/status/2084957588752421186,627,9,34,0,1,0,0,1,2,10,0,1,0
2084424219991945315,"Mon, Aug 3, 2026",DE VOLTA AO TOPO! Corinthians vence o Flamengo e reassume a liderança do Brasileirão Feminino. #ElasEmCampo 📷Divulgação/Corinthians https://t.co/h8jnIuEG2r,https://x.com/PaulistaoFem/status/2084424219991945315,550,12,23,2,0,0,1,1,0,3,0,0,0
2084406460167930157,"Mon, Aug 3, 2026","PRESENÇA CONFIRMADA NAS QUARTAS DO @brfeminino! 🔥 Corinthians, Palmeiras e São Paulo estçao com a vaga garantida nas quartas de final do Brasileirão Feminino! #ElasEmCampo https://t.co/ymQsQi9wHi",https://x.com/PaulistaoFem/status/2084406460167930157,764,27,48,1,1,0,0,0,3,1,0,0,0
2084383812268569011,"Mon, Aug 3, 2026","CLASSIFICAÇÃO NA ÁREA! Ao fim da 5ª rodada, assim ficou a tabela do Paulista F Sub-15 @petrobras! #PaulistaFSub15Petrobras https://t.co/qSI84rbGxP",https://x.com/PaulistaoFem/status/2084383812268569011,948,14,151,0,3,2,0,1,4,89,0,1,0
2084368709695819911,"Mon, Aug 3, 2026",VEM CONFERIR A TABELA! Assim ficou a tabela do Paulista F Sub-20 Petrobras depois da 8ª rodada! #PaulistaFSub20Petrobras https://t.co/U86m9qaFQ7,https://x.com/PaulistaoFem/status/2084368709695819911,661,11,19,0,0,0,0,1,3,1,0,0,0
2084338515828175347,"Mon, Aug 3, 2026","O coração da adm é assim e o de vocês também, né? 👀❤️ #PaulistãoFPetrobras https://t.co/cJlUPIPfuf",https://x.com/PaulistaoFem/status/2084338515828175347,475,2,6,1,0,0,0,0,0,0,0,0,0
2084338515215802773,"Mon, Aug 3, 2026",A maior competição de base do mundo completa todos os corações ❤️ #CopinhaSil https://t.co/r3X0uycYFm,https://x.com/PaulistaoFem/status/2084338515215802773,544,2,11,0,0,0,0,0,1,2,0,0,0
2084315351504900293,"Mon, Aug 3, 2026",Vem conferir os resultados da 8ª rodada do Paulista F Sub-20 @petrobras! #PaulistaFSub20Petrobras https://t.co/Bz19BPdaIy,https://x.com/PaulistaoFem/status/2084315351504900293,417,9,16,0,0,0,1,1,0,2,0,0,0
2084297471686029660,"Mon, Aug 3, 2026",YORELI CRAQUE DA RODADA! A colombiana das Sereias da Vila foi eleita o destaque da 5ª rodada do Paulistão F @petrobras! #PaulistãoFPetrobras #CraqueDaRodada https://t.co/u8CVA1w1to,https://x.com/PaulistaoFem/status/2084297471686029660,634,8,14,0,0,0,0,0,1,0,0,1,0
2084263011900874937,"Mon, Aug 3, 2026","PARA CIMA DELAS, BRABAS! O Corinthians recebe o Flamengo para mais um duelo no @brfeminino! #ElasEmCampo https://t.co/GWdYhU4LUb",https://x.com/PaulistaoFem/status/2084263011900874937,559,12,26,0,1,0,2,2,1,1,0,0,0
2084054557051465857,"Sun, Aug 2, 2026",Um domingo com 100% de aproveitamento para o #FutebolPaulista! #ElasEmCampo https://t.co/D91rFQBL8I,https://x.com/PaulistaoFem/status/2084054557051465857,707,9,11,1,0,0,0,1,0,1,0,0,0
2084053932817502487,"Sun, Aug 2, 2026","ACELERA, LOCOMOTIVA! Ferroviária vence Bahia e aumenta a sequencia invicta no Brasileirão Feminino. #ElasEmCampo 📷Rafael Zocco/Ferroviária https://t.co/AZSqvfOgym",https://x.com/PaulistaoFem/status/2084053932817502487,607,15,17,1,0,0,0,0,0,0,0,0,0
2084019579009761772,"Sun, Aug 2, 2026",GOLEADA TAUBATEANA! A equipe do interior leva a melhor e volta ao G8 do Brasileirão Feminino A2! #ElasEmCampo 📷Divulgação/Taubaté https://t.co/tYnbUuU2q7,https://x.com/PaulistaoFem/status/2084019579009761772,547,11,13,1,1,0,0,0,2,0,0,0,0
2083950975966908494,"Sun, Aug 2, 2026",GOLEADA ALVINEGRA! Santos goleia do Juventude e garante mais três pontos na conta do Brasileirão Feminino! #ElasEmCampo 📷Reinaldo Campos/Santos https://t.co/ROXO4TgVgE,https://x.com/PaulistaoFem/status/2083950975966908494,660,11,15,0,0,0,0,1,2,0,0,0,0
2083950128780460157,"Sun, Aug 2, 2026",DEVER DE CASA! Palmeiras leva a melhor pra cima do Internacional e volta a vencer no Brasileirão Feminino! #ElasEmCampo 📷Paloma Cassiano/Palmeiras https://t.co/4n4JadPCRo,https://x.com/PaulistaoFem/status/2083950128780460157,521,10,14,0,0,0,2,1,0,0,0,0,0
2083900627583725777,"Sun, Aug 2, 2026","DIA CHEIO! 🥰 Hoje tem @brfeminino A1 e A2 e para as minhas equipes, só a vitória interessa! #ElasEmCampo https://t.co/mclMHLYqAX",https://x.com/PaulistaoFem/status/2083900627583725777,612,12,18,0,1,0,0,1,3,1,0,0,0
2083740875864047983,"Sun, Aug 2, 2026","Com destaque para a vitória do São Paulo fora de casa, este foi o sábado com #ElasEmCampo. #FutebolPaulista https://t.co/9zM6cIGRfp",https://x.com/PaulistaoFem/status/2083740875864047983,449,7,11,1,0,0,0,0,0,2,0,0,0
2083740764907921609,"Sun, Aug 2, 2026",TRICOLOR NO TOPO! São Paulo vence em Salvador e assume a liderança do Brasileirão Feminino de forma provisória. #ElasEmCampo 📷Divulgação/São Paulo https://t.co/vqmKJ1Q8EA,https://x.com/PaulistaoFem/status/2083740764907921609,877,14,19,0,0,0,0,1,1,1,0,0,0
2083652463316320626,"Sat, Aug 1, 2026",Mais uma rodada pra conta do Paulista F Sub-15 Petrobras! #PaulistaFSub15Petrobras https://t.co/9HWm8B3w5N,https://x.com/PaulistaoFem/status/2083652463316320626,569,7,15,0,0,0,0,2,0,0,0,0,0
2083649089086890258,"Sat, Aug 1, 2026",O Realidade Jovem foi superado no primeiro jogo das quartas de final do Brasileiro Feminino A3. #ElasEmCampo 📷Luana Perdoncini/Coritiba https://t.co/hAzXjEg0cC,https://x.com/PaulistaoFem/status/2083649089086890258,467,7,11,0,2,0,0,1,0,0,0,0,0
2083649043100516510,"Sat, Aug 1, 2026","Fora de casa, o Red Bull Bragantino sofreu o revés diante do Fluminense. #ElasEmCampo 📷Marina Garcia/Fluminense https://t.co/ri3vkFu9KG",https://x.com/PaulistaoFem/status/2083649043100516510,421,8,11,0,0,0,0,0,0,0,0,0,0
2083538243946000441,"Sat, Aug 1, 2026",MAIS TRÊS! As minhas equipes jogam fora de casa pelo Brasileirão A1 e pelo Brasileirão A3. #ElasEmCampo https://t.co/7NRNvXBDXK,https://x.com/PaulistaoFem/status/2083538243946000441,445,8,11,0,0,0,0,2,0,0,0,0,0
2083508036287549645,"Sat, Aug 1, 2026",SÁBADO MOVIMENTADO! Tem mais uma rodada do Paulista F Sub-15 @petrobras chegando 🤩 #PaulistaFSub15Petrobras https://t.co/QtPbU6BBcT,https://x.com/PaulistaoFem/status/2083508036287549645,461,7,12,0,0,0,0,0,2,0,0,0,0