ID do post,Data,Texto do post,Postar link,Impressões,Curtidas,Engajamentos,Itens salvos,Compartilhamentos,Novos seguidores,Respostas,Reposts,Visitas ao perfil,Expansões de detalhes,Cliques de URL,Cliques de hashtag,Cliques de link permanente
2083311744852566308,"Fri, Jul 31, 2026",TEM GENTE COLOCANDO A VASSOURA ATRÁS DA PORTA PARA RECEBER O PALMEIRAS... 🤣 Se liga nesse retrospecto dos jogos do Verdão como visitante nesse @brasileirao! #PaulistasEmCampo https://t.co/e6fASu47gl,https://x.com/Paulistao/status/2083311744852566308,2384,11,21,0,0,0,0,0,0,0,0,0,0
2083251505327423525,"Fri, Jul 31, 2026",A LIDERANÇA SEGUE VERDE! 🔝 Vem conferir como está a classificação do @brasileirao! #PaulistasEmCampo https://t.co/GVfddgEoP2,https://x.com/Paulistao/status/2083251505327423525,3932,113,186,0,0,0,0,3,2,0,0,1,0
2083206057225224649,"Fri, Jul 31, 2026",MAIS UMA VOLTA! A terceira rodada da Copa Paulista Rivalo vem com tudo no final de semana 🤩 #CopaPaulistaRivalo https://t.co/JmNIgJpzLT,https://x.com/Paulistao/status/2083206057225224649,1856,15,28,0,3,0,0,1,0,0,0,0,0
2083145661684572621,"Fri, Jul 31, 2026","MAIS UM PRA CONTA DO TIMÃO! No dia 31 de julho de 1988, o Corinthians vencia o Guarani e conquistava seu 20º título paulista! #BaúDoPaulistão https://t.co/nHqbZQe9XH",https://x.com/Paulistao/status/2083145661684572621,4282,53,90,0,0,0,3,5,0,6,0,0,0
2082990591558791226,"Fri, Jul 31, 2026",PLACAR EM BRANCO! Nada de gols na Neo Química Arena. #PaulistasEmCampo 📷Rodrigo Coca/Agência Corinthians https://t.co/eCqA7r2BzW,https://x.com/Paulistao/status/2082990591558791226,2237,16,30,0,3,0,0,2,0,0,0,0,0
2082939638541348870,"Thu, Jul 30, 2026","DEFESA QUE NINGUÉM PASSA, LINHA ATACANTE DE RAÇA! 🐷🔥 #PaulistasEmCampo #Palmeiras https://t.co/CiNOrIZSEm",https://x.com/Paulistao/status/2082939638541348870,5960,276,336,1,3,0,0,11,2,6,0,0,0
2082813467237761491,"Thu, Jul 30, 2026",NÃO PARA DE LUTAR! O Coringão vai buscar os três pontos na Neo Química Arena no @brasileirao! #FutebolPaulista #PaulistasEmCampo https://t.co/ZMQT0agW4c,https://x.com/Paulistao/status/2082813467237761491,2878,26,40,0,2,0,0,3,1,1,0,1,0
2082549218875437467,"Wed, Jul 29, 2026",DUAS JÁ FORAM! ✅ Vem conferir a classificação 100% atualizada da #CopaPaulistaRivalo! https://t.co/vDLlXaWqV6,https://x.com/Paulistao/status/2082549218875437467,3397,10,180,0,0,0,0,1,4,2,0,0,0
2082534120148881754,"Wed, Jul 29, 2026",VISITANTE INDESEJADO!🐷💚 O líder do Brasileirão é a pedra no sapato dos mandantes! #Palmeiras #FutebolPaulista #PaulistasEmCampo https://t.co/wm6U3OF4fo,https://x.com/Paulistao/status/2082534120148881754,3539,37,52,0,0,0,1,1,1,2,0,2,0
2082511293978718585,"Wed, Jul 29, 2026","NÃO SABEM O QUE É PERDER! Comercial, Juventus e São José só tiveram vitórias até aqui na Copa Paulista Rivalo! #CopaPaulistaRivalo https://t.co/sa8U12Mwoy",https://x.com/Paulistao/status/2082511293978718585,1929,4,12,0,0,1,0,1,0,2,0,0,0
2082481280801804449,"Wed, Jul 29, 2026","PRECISANDO DE GOL, É COM ELES MESMO! ⚽🔥 Calleri e Gabigol lideram o ranking de artilheiros paulistas no @brasileirao desse ano! #PaulistasEmCampo #SãoPaulo #Santos https://t.co/HZUVgBMBFV",https://x.com/Paulistao/status/2082481280801804449,4080,53,105,2,1,0,1,3,2,10,0,4,0
2082451079195976043,"Wed, Jul 29, 2026","SÓ JOGÃO NESSA QUARTA-FEIRA! Mirassol e Palmeiras buscam os três pontos no @brasileirao, enquanto o Red Bull Bragantino só quer a classificação na @sudamericanabr! #PaulistasEmCampo https://t.co/M2Rm0gnPHR",https://x.com/Paulistao/status/2082451079195976043,1200,7,13,0,0,0,0,1,2,0,0,0,0
2082299967545217197,"Wed, Jul 29, 2026",Os resultados dessa terça-feira! #PaulistasEmCampo https://t.co/w3dIedEcVa,https://x.com/Paulistao/status/2082299967545217197,1796,12,24,0,0,0,0,2,2,1,0,1,0
2082298293036442019,"Wed, Jul 29, 2026",O Botafogo sofreu a derrota no @brasileiraob. #PaulistasEmCampo 📷Davi Rocha/Agência Botafogo/Divulgação https://t.co/KCduWmpisn,https://x.com/Paulistao/status/2082298293036442019,3173,9,24,0,1,0,0,1,3,0,0,0,0
2082291539934392495,"Wed, Jul 29, 2026",VITÓRIA E CLASSIFICAÇÃO! O Santos vence o jogo de volta contra a Universidad Central e se classifica para a próxima fase da @sudamericanabr! #PaulistasEmCampo 📷Raul Baretta/Santos FC https://t.co/rhheQNqvij,https://x.com/Paulistao/status/2082291539934392495,1579,11,18,0,3,0,0,1,0,0,0,0,0
2082291396522676538,"Wed, Jul 29, 2026",PEIXÃO CLASSIFICADO! ⚪⚫ O Santos está garantido nas oitavas de final da @sudamericanabr! #PaulistasEmCampo https://t.co/6Y3cz9xiLl,https://x.com/Paulistao/status/2082291396522676538,1053,5,7,1,0,0,0,1,0,1,0,0,0
2082263121477951796,"Wed, Jul 29, 2026",A Ponte Preta empata com o Athletic e soma um ponto no @brasileiraob! #PaulistasEmCampo 📷Marcos Ribolli/Ponte Preta https://t.co/HFm6WO2Pga,https://x.com/Paulistao/status/2082263121477951796,3275,9,20,0,0,0,0,2,2,0,0,0,0
2082204586534695071,"Tue, Jul 28, 2026",SE LIGA NESSES NÚMEROS! ✋🤪🤚 O Neymar tá voando no @brasileirao desse ano! #PaulistasEmCampo #Santos https://t.co/QO1LmVpbDa,https://x.com/Paulistao/status/2082204586534695071,1181,2,7,0,0,0,0,0,0,1,0,0,0
2082187013105611113,"Tue, Jul 28, 2026","É ELE ALI? 👀🐷 Chad ""Ochocinco"" Johnson apareceu no treino do Panthers com a camisa do Palmeiras campeão da Libertadores em 1999. Essa é relíquia, hein, torcedor? #PaulistasEmCampo 📷 Reprodução/X https://t.co/dlclPsePWG",https://x.com/Paulistao/status/2082187013105611113,2087,24,61,0,2,0,0,1,2,0,0,0,0
2082164184788410698,"Tue, Jul 28, 2026",MINHAS EQUIPES LUTANDO PELO TOPO! Assim está a classificação da #SérieC ao fim da 15ª rodada! #PaulistasEmCampo https://t.co/sg6tH2Whjk,https://x.com/Paulistao/status/2082164184788410698,3018,19,69,0,0,0,1,2,0,6,0,2,0
2082088683801551158,"Tue, Jul 28, 2026","DOSE TRIPLA! Ponte Preta e Botafogo vão a campo pelo @brasileiraob, enquanto o Peixão vai em busca da classificação na @sudamericanabr. #PaulistasEmCampo https://t.co/ei568eyUTq",https://x.com/Paulistao/status/2082088683801551158,1265,8,19,0,0,0,0,1,1,1,0,0,0
2081906308656054763,"Tue, Jul 28, 2026",MAIS TRÊS! O Guarani leva a melhor no Duelo Paulista da Série C. #PaulistasEmCampo 📷 Raphael Silvestre/GuaraniFC https://t.co/W6uljw7rAm,https://x.com/Paulistao/status/2081906308656054763,2073,14,31,0,0,0,0,1,0,3,0,0,0
2081903723555467575,"Tue, Jul 28, 2026",FIM DE PAPO! A segunda rodada da Copa Paulista Rivalo foi movimentada. #CopaPaulistaRivalo https://t.co/zlSiSebuzb,https://x.com/Paulistao/status/2081903723555467575,1861,14,35,0,3,0,0,1,3,1,0,0,0
2081903131911159989,"Tue, Jul 28, 2026",MAIS TRÊS PARA O CARCARÁ! O Grêmio Prudente encerra a segunda rodada da #CopaPaulistaRivalo com vitória. 📷 Murilo Aguilar https://t.co/C8NnZvaiKR,https://x.com/Paulistao/status/2081903131911159989,2669,9,23,0,0,1,0,1,0,3,0,1,0
2081860060079096028,"Mon, Jul 27, 2026",VERDÃO SEGUE NA LIDERANÇA! Vem ver como está a classificação do @brasileirao depois da última rodada! #PaulistasEmCampo https://t.co/U9BDVl77ct,https://x.com/Paulistao/status/2081860060079096028,2041,14,40,1,0,0,0,2,1,1,0,0,0
2081756498686857402,"Mon, Jul 27, 2026",ENCERRANDO A RODADA! Grêmio Prudente e Bandeirante fazem o úlitmo jogo da segunda rodada da Copa Paulista Rivalo nessa segunda-feira! #CopaPaulistaRivalo https://t.co/H9wUC8dlUv,https://x.com/Paulistao/status/2081756498686857402,1313,4,5,0,0,0,0,0,0,1,0,0,0
2081726303170916661,"Mon, Jul 27, 2026",ALERTA DE JOGÃO! Guarani e Inter de Limeira fazem mais um #DueloPaulista na Série C. Quem vai levar a melhor? #PaulistasEmCampo https://t.co/U4vxx2thHN,https://x.com/Paulistao/status/2081726303170916661,2484,12,22,0,1,0,0,2,0,0,0,0,0
2081541970061668842,"Mon, Jul 27, 2026",Ponto final em mais um domingo de futebol. #PaulistasEmCampo https://t.co/3ZsP8SOg1i,https://x.com/Paulistao/status/2081541970061668842,1843,14,22,0,2,0,0,1,1,2,0,0,0
2081536591235854825,"Mon, Jul 27, 2026","Com o placar definido no segundo tempo, o Palmeiras acabou superado pelo Atlético-MG. #PaulistasEmCampo 📷Cesar Greco/Palmeiras https://t.co/GFsZrsQDCk",https://x.com/Paulistao/status/2081536591235854825,1757,10,24,0,1,0,1,0,0,9,0,0,0
2081527319424905587,"Sun, Jul 26, 2026","FOI BUSCAR! O São Paulo saiu atrás do marcador, mas conseguiu buscar o empate no Maracanã. #PaulistasEmCampo 📷Rubens Chiri/São Paulo https://t.co/3NAHsinzLM",https://x.com/Paulistao/status/2081527319424905587,1305,5,17,1,1,0,0,0,1,1,0,0,0
2081525036003787213,"Sun, Jul 26, 2026",GOLEADA DO TIGRE! Novorizontino encerra sequencias sem vitória em grande estilo! #PaulistasEmCampo 📷Ozzair Jr/Novorizontino https://t.co/vZKArraS7K,https://x.com/Paulistao/status/2081525036003787213,2548,12,31,0,1,0,0,1,1,0,0,0,0
2081524330958139459,"Sun, Jul 26, 2026",SEM GOLS! A rede não balançou em Bragança Paulista. #PauilistasEmCampo 📷Ari Ferreira/Red Bull Bragantino https://t.co/eFvvrSLvpl,https://x.com/Paulistao/status/2081524330958139459,1174,5,10,0,2,0,0,0,0,0,0,0,0
2081487719981523098,"Sun, Jul 26, 2026",PONTO LÁ! O Corinthians ficou no empate contra o Bahia. #PaulistasEmCampo 📷Leticia Martins/Bahia https://t.co/GNONXv5x5o,https://x.com/Paulistao/status/2081487719981523098,2108,11,56,0,1,0,0,2,0,33,0,0,0
2081485996424610219,"Sun, Jul 26, 2026","Em um jogo se sete gols, o São Bernardo acabou sofrendo o revés contra o Ceará. #PaulistasEmCampo 📷Janes Carvalho /Divulgação/São Bernardo https://t.co/wcZSi9YkuQ",https://x.com/Paulistao/status/2081485996424610219,2113,10,30,1,1,0,1,0,0,8,0,0,0
2081484424286183912,"Sun, Jul 26, 2026",O Ituano foi superado fora de casa. #PaulistasEmCampo 📷Marco Aurélio Júnior/Divulgação/Ituano https://t.co/NYfNcV8A4b,https://x.com/Paulistao/status/2081484424286183912,1914,5,12,0,0,0,0,0,1,2,0,0,0
2081402712797667335,"Sun, Jul 26, 2026","O empate no Clássico entre Santo André e São Caetano, além das vitórias de Linense e Juventus marcaram o domingo de Copa Paulista Rivalo. #CopaPaulistaRivalo https://t.co/ndbgxh5kOx",https://x.com/Paulistao/status/2081402712797667335,1669,12,28,0,0,0,0,1,2,7,0,1,0
2081394092265656625,"Sun, Jul 26, 2026",CONFRONTO ABERTO! Fim de papo no jogo de ida da semifinal do Paulista Sub-23 Segunda Divisão. América e Itaquá ficam no empate. #FutebolPaulista 📷José Luis Silva/Ag. Paulistão https://t.co/3eh6G7teyE,https://x.com/Paulistao/status/2081394092265656625,1416,4,7,0,0,0,0,0,1,0,0,0,0
2081363914600993023,"Sun, Jul 26, 2026","DOMINGO CHEIO DE FUTEBOL PAULISTA! São sete duelos nas séries A, B e C do @brasileirao! #PaulistasEmCampo https://t.co/U2xBsMvpGK",https://x.com/Paulistao/status/2081363914600993023,1127,11,23,0,0,1,0,2,2,0,0,0,0
2081361276857372743,"Sun, Jul 26, 2026",AQUECIMENTO FINALIZADO! Bora para os primeiros 90 minutos de América e Itaquá na semifinal do Paulista Sub-23 Segunda Divisão! #FutebolPaulista 📷José Luis Silva/Ag. Paulistão https://t.co/zd8aKDrBrm,https://x.com/Paulistao/status/2081361276857372743,1114,1,6,0,0,0,1,0,1,0,0,0,0
2081349594546315402,"Sun, Jul 26, 2026",DOMINGO DE SEMI! O Teixeirão está pronto para receber o primeiro confronto da semifinal entre América e Itaquá! #FutebolPaulista 📷José Luis Silva/Ag. Paulistão https://t.co/SmE1q2xsTg,https://x.com/Paulistao/status/2081349594546315402,2669,10,31,0,0,0,0,0,1,0,1,0,0
2081318609557553221,"Sun, Jul 26, 2026",PARA COMEÇAR O DOMINGO DAQUELE JEITO! Assista aos jogos de hoje da #CopaPaulistaRivalo AO VIVO no YouTube! #CopaPaulistaRivalo https://t.co/nyTOM7YZ1D,https://x.com/Paulistao/status/2081318609557553221,895,2,8,0,0,0,0,0,0,0,0,1,0
2081192681665974609,"Sun, Jul 26, 2026",Se liga nos resultados deste sábado de #PaulistasEmCampo. #FutebolPaulista https://t.co/8xVHqKiGKT,https://x.com/Paulistao/status/2081192681665974609,2017,15,25,0,0,0,0,1,0,0,0,0,0
2081191926208901471,"Sun, Jul 26, 2026",EMPATE EM SÃO JANUÁRIO! Igualdade no marcador para Vasco e Mirassol. #PaulistasEmCampo 📷Pedro Zacchi/Agência Mirassol https://t.co/NicKBPfFwV,https://x.com/Paulistao/status/2081191926208901471,1275,7,16,0,0,0,0,0,0,1,0,2,0
2081171995991937034,"Sun, Jul 26, 2026",Assim terminou o sabadão de Copa Paulista Rivalo! #CopaPaulistaRivalo https://t.co/RtDGEpvkyz,https://x.com/Paulistao/status/2081171995991937034,1431,13,27,1,0,0,0,1,0,2,0,0,0
2081160088316781033,"Sat, Jul 25, 2026",UM PONTO! Neymar marca duas vezes e Santos fica no empate com a Chapecoense. #PaulistasEmCampo 📷Roberto Pessoa/Chapecoense https://t.co/LAAekDIbYC,https://x.com/Paulistao/status/2081160088316781033,1426,10,35,0,1,0,0,1,0,11,0,1,0
2081124739200823781,"Sat, Jul 25, 2026","Portuguesa luta até o fim, mas sem conseguir reverter a desvantagem do placar agregado, se despede da disputa da Série D. #PaulistasEmCampo 📷 André Lucas/Portuguesa https://t.co/ZMyQrauUxy",https://x.com/Paulistao/status/2081124739200823781,4030,44,143,0,4,0,4,3,6,47,0,2,0
2081107863276081234,"Sat, Jul 25, 2026",VANTAGEM DO CORVO! Flamengo vence em casa e sai na frente por um lugar na final do Paulista Sub-23 Segunda Divisão! #FutebolPaulista 📷Diego Soares/Ag. Paulistão https://t.co/valCfqZjjS,https://x.com/Paulistao/status/2081107863276081234,1942,9,21,0,1,0,0,1,1,0,0,1,0
2081073978135789665,"Sat, Jul 25, 2026",SÁBADO DE SEMI! Tá chegando a hora! Flamengo e Independente se enfrentam logo mais pela ida da semifinal do Paulista Sub-23 Segunda Divisão! #FutebolPaulista 📷Diego Soares/Ag. Paulistão https://t.co/rjXBWnf0wF,https://x.com/Paulistao/status/2081073978135789665,1249,2,9,0,0,0,0,0,0,0,0,0,0
2081061923332948197,"Sat, Jul 25, 2026","PLACARES ELÁSTICOS? TEMOS! Neste século, a Lusa já mostrou que entende bem de goleada. Será que hoje vem mais uma, torcedor? É DIA DE LOTAR O CANINDÉ PARA EMPURRAR A PORTUGUESA 🦁🔥 #PaulistasEmCampo https://t.co/1DdT730HTX",https://x.com/Paulistao/status/2081061923332948197,1792,11,77,0,0,0,0,0,1,3,0,1,0
2081001522289393988,"Sat, Jul 25, 2026","SÁBADO COM DIREITO À DECISÃO PARA A LUSA! 👀 Qual é a expectativa para o compromisso do seu time hoje, torcedor? #PaulistasEmCampo https://t.co/Q4CItHeIXw",https://x.com/Paulistao/status/2081001522289393988,2389,49,89,0,0,0,1,8,5,6,0,1,0
2080986428906123341,"Sat, Jul 25, 2026",COMEÇANDO OS TRABALHOS! 🤩 São quatro confrontos para abrir a segunda rodada da Copa Paulista Rivalo! #CopaPaulistaRivalo https://t.co/t7PjbXjoa9,https://x.com/Paulistao/status/2080986428906123341,1594,15,27,0,1,0,0,5,1,0,0,0,0
2080986427735818309,"Sat, Jul 25, 2026","NADA COMO O CANINDÉ... Em 2022, a Lusa conquistou o acesso e o título do Paulistão A2 Rivalo em jogos emocionantes no Canindé. Agora chegou a hora de fazer de novo 🤩 #PaulistasEmCampo https://t.co/XyqO6e98J2",https://x.com/Paulistao/status/2080986427735818309,2202,23,77,0,0,0,0,2,1,6,0,0,0
2080850777351065647,"Sat, Jul 25, 2026","𝐀 𝐚𝐫𝐪𝐮𝐢𝐛𝐚𝐧𝐜𝐚𝐝𝐚 𝐝𝐨 𝐂𝐚𝐧𝐢𝐧𝐝𝐞́ 𝐞́ 𝐩𝐫𝐚 𝐪𝐮𝐞𝐦 𝐚𝐜𝐫𝐞𝐝𝐢𝐭𝐚. Hoje, às 16h, é hora de mostrar o peso da camisa da Lusa. #PaulistasEmCampo #SérieD #Portuguesa https://t.co/c4CRBun4dJ",https://x.com/Paulistao/status/2080850777351065647,2201,29,38,1,0,0,2,2,2,3,0,0,0
2080790127240978646,"Fri, Jul 24, 2026",OS CONFRONTOS DA SEGUNDA RODADA! Vem conferir onde e quando assistir aos jogos da Copa Paulista Rivalo desse fim de semana! #CopaPaulistaRivalo https://t.co/1mmfUD0Fl3,https://x.com/Paulistao/status/2080790127240978646,2396,36,93,0,4,2,0,7,6,1,0,2,0
2080775028761850332,"Fri, Jul 24, 2026","LEMBRA DE TODOS ESSES, TORCEDOR? ❤️💚🦁 Decidimos relembrar alguns jogos marcantes da Portuguesa no Canindé porque nesse sábado tem decisão na casa da Lusa! Será que vem mais um confronto histórico por aí? 👀 #PaulistasEmCampo #SérieD https://t.co/cC1k7TI2FG",https://x.com/Paulistao/status/2080775028761850332,3133,34,174,0,0,0,0,2,3,1,0,0,0
2080742364746781141,"Fri, Jul 24, 2026","2011 ✅ 2022 ✅ 2026 ⏳ Amanhã é dia de mostrar o 𝒑𝒆𝒔𝒐 𝒅𝒂 𝒄𝒂𝒎𝒊𝒔𝒂 𝒅𝒂 𝑷𝒐𝒓𝒕𝒖𝒈𝒖𝒆𝒔𝒂. Por tudo que a Lusa já foi e por tudo que ela ainda será. No sábado, o Canindé vai presenciar mais uma parte da história gigante desse time que não cansa de se superar. 💚❤️ https://t.co/Ibkg3eNL94",https://x.com/Paulistao/status/2080742364746781141,4242,56,94,1,0,0,3,7,6,21,0,1,0
2080669344355267005,"Fri, Jul 24, 2026","A BARCELUSA FEZ HISTÓRIA NO CANINDÉ! Na campanha do acesso à elite em 2011, a Portuguesa não perdeu em 17 dos 19 jogos disputados em casa. Chegou a hora de mostrar a força da Lusa no Canindé mais uma vez! 🏟️❤️💚 #PaulistasEmCampo #SérieD #Portuguesa https://t.co/khYAIrEi65",https://x.com/Paulistao/status/2080669344355267005,2101,19,74,0,1,0,0,2,3,11,0,0,0
2080481742322864596,"Fri, Jul 24, 2026",Corinthians e Botafogo garantiram as vitórias do #FutebolPaulista nesta quinta-feira de futebol. #PaulistasEmCampo https://t.co/1oJIjoB72g,https://x.com/Paulistao/status/2080481742322864596,2593,20,35,0,1,0,0,3,5,0,0,0,0
2080481358435013074,"Fri, Jul 24, 2026",VITÓRIA MAIÚSCULA! Botafogo faz o dever de casa e chega ao quarto jogo de invencibilidade na Série B. #PaulistasEmCampo 📷João Victor Menezes de Souza/Agência Botafogo https://t.co/2wvHhNaFhs,https://x.com/Paulistao/status/2080481358435013074,1560,6,9,1,0,0,0,0,0,0,0,0,0
2080473671651450923,"Fri, Jul 24, 2026",LÁ NA CORUJA! Pega só esse golaço que o Wesley anotou pra cima do Juventude pela Série B! #PaulistasEmCampo 🎥SportynetBrasil https://t.co/fl5pErQphq,https://x.com/Paulistao/status/2080473671651450923,2698,8,14,1,0,0,0,1,0,3,0,1,0
2080452742162628960,"Fri, Jul 24, 2026","VAI, CORINTHIANS! Timão domina o Remo e garante mais três pontos no Brasileirão! #PaulistasEmCampo 📷Rodrigo Coca/Corinthians https://t.co/2e7ti73F6q",https://x.com/Paulistao/status/2080452742162628960,1157,17,30,0,2,0,0,4,2,1,0,0,0
2080450639943847997,"Fri, Jul 24, 2026",O São Bernardo tropeçou fora de casa. #PaulistasEmCampo 📷Divulgação/São Bernardo https://t.co/qZaWLIqVOo,https://x.com/Paulistao/status/2080450639943847997,1549,5,11,1,0,0,0,1,0,0,0,0,0
2080397544887390341,"Thu, Jul 23, 2026","O Canindé é lugar de quem vibra independente da situação. De quem apoia acima de qualquer dificuldade. De quem acredita no sonho, na virada, na vitória. Nesse sábado, a Portuguesa precisa de você que acredita nela. Compre seu ingresso e apoie a Lusa! 🦁❤️ #PaulistasEmCampo https://t.co/K8foCG4Fk4",https://x.com/Paulistao/status/2080397544887390341,1856,34,95,0,1,1,0,9,1,13,1,1,0
2080375288110759966,"Thu, Jul 23, 2026","🎟️ TUTORIAL: Como comprar seu ingresso para assistir a Portguesa x Uberlândia pelas oitavas de final da Série D! 🦁 E aí torcedor, bora lotar o Canindé e apoiar a Lusa? #PaulistasEmCampo #Portuguesa https://t.co/wMTrHbUBx9",https://x.com/Paulistao/status/2080375288110759966,1552,5,8,1,0,0,0,1,2,0,0,0,0
2080307328239210588,"Thu, Jul 23, 2026",EM CASA A HISTÓRIA É OUTRA 🏟️🦁 A Lusa está invicta jogando em seus domínios na Série D e vai em busca de mais uma vitória neste sábado. É DIA DE ENCHER O CANINDÉ PARA O LEÃO CONSEGUIR A VITÓRIA! #PaulistasEmCampo https://t.co/eNr76V6bHA,https://x.com/Paulistao/status/2080307328239210588,1500,9,22,0,0,0,0,3,1,1,0,0,0
2080276754279940248,"Thu, Jul 23, 2026","DOSE TRIPLA NESSA QUINTA-FEIRA! 🔥 O Corinthians quer a vitória na sua reestreia no @brasileirao após a Copa do Mundo, enquanto São Bernardo e Botafogo buscam os três pontos no @brasileiraob! #PaulistasEmCampo https://t.co/L8jw10zLTr",https://x.com/Paulistao/status/2080276754279940248,1066,11,19,0,0,0,0,3,4,0,0,0,0
2080124301269757983,"Thu, Jul 23, 2026",Vem conferir como terminou mais um dia de #PaulistasEmCampo por aqui. https://t.co/HE3L9OJ12D,https://x.com/Paulistao/status/2080124301269757983,1827,12,22,1,1,0,0,3,0,0,1,0,0
2080123793565982887,"Thu, Jul 23, 2026",O São Paulo acabou superado no @brasileirao. #PaulistasEmCampo 📷 Rubens Chiri/saopaulofc.net https://t.co/nVC01v3nn7,https://x.com/Paulistao/status/2080123793565982887,1709,14,30,0,3,0,0,2,2,1,0,0,0
2080119412007244158,"Thu, Jul 23, 2026",TUDO IGUAL! O Massa Bruta volta ao Brasil com um empate na mala. #PaulistasEmCampo 📷 Ari Ferreira/Red Bull Bragantino https://t.co/ocpf2tTMRs,https://x.com/Paulistao/status/2080119412007244158,1042,6,7,1,1,0,0,0,0,0,0,0,0
2080108133440266334,"Thu, Jul 23, 2026",FIM DE PAPO! A primeira rodada da Copa Paulista Rivalo terminou movimentada. #CopaPaulistaRivalo https://t.co/ygw4U3y4a2,https://x.com/Paulistao/status/2080108133440266334,1717,8,25,1,1,0,0,0,1,0,0,0,0
2080098112245264474,"Thu, Jul 23, 2026",A Ponte Preta sofre revés no @brasileiraob. #PaulistasEmCampo 📷 Marcos Ribolli/Ponte Press https://t.co/wRvMx0ZUoh,https://x.com/Paulistao/status/2080098112245264474,2901,14,39,0,0,0,1,2,1,4,0,0,0
2080088394919510176,"Thu, Jul 23, 2026",BAILE PARAGUAIO NO SUL! Sosa e Mauricio garantiram a vitória alviverde no retorno da Copa do Mundo. #PaulistasEmCampo 📷 Cesar Greco/Palmeiras https://t.co/aBaPizhyLg,https://x.com/Paulistao/status/2080088394919510176,1242,10,22,0,1,0,0,1,0,1,0,0,0
2080087411132862947,"Thu, Jul 23, 2026",NADA DE GOLS! União São João e XV de Piracicaba encerram a primeira rodada da #CopaPaulistaRivalo empatando. 📷Mariana Kasten/XV de Piracicaba https://t.co/fXrYZsFcF1,https://x.com/Paulistao/status/2080087411132862947,1722,7,14,0,0,0,0,1,0,0,0,1,0
2080036299440890216,"Wed, Jul 22, 2026",SÁBADO É DIA DE APOIAR A LUSA NO CANINDÉ! 🦁🔴🟢 A Portuguesa precisa do seu apoio para conquistar a virada para cima do Uberlândia na Série D! Vamos lotar o Canindé e manter o sonho do acesso vivo! #PaulistasEmCampo #Portuguesa https://t.co/ubQgGjqda0,https://x.com/Paulistao/status/2080036299440890216,3459,54,213,2,6,0,4,7,6,67,0,2,0
2079884162212008356,"Wed, Jul 22, 2026","75 ANOS DO PRIMEIRO MUNDIAL DE CLUBES! 🏆 No dia 22 de julho de 1951, o Palmeiras vencia a Juventus no agregado e conquistava seu primeiro título mundial! #BaúDoPaulistão https://t.co/wbdYJpWYqf",https://x.com/Paulistao/status/2079884162212008356,8849,671,1060,10,10,1,39,86,23,55,0,15,0
2079884158201917490,"Wed, Jul 22, 2026",PARA FECHAR! Vem conferir o último jogo da primeira rodada da #CopaPaulistaRivalo 👀 https://t.co/QymKLM6CsQ,https://x.com/Paulistao/status/2079884158201917490,1551,5,10,0,1,0,0,0,1,0,0,0,0
2079755670006493229,"Wed, Jul 22, 2026",QUASE LÁ! Santos goleia o Universidad Central na Venezuela e fica muito próximo da vaga nas oitavas da @sudamericanabr! #PaulistasEmCampo 📷Conmebol https://t.co/tYI4t8K3GT,https://x.com/Paulistao/status/2079755670006493229,1943,10,24,0,2,0,0,3,2,2,0,0,0
2079696519167414290,"Tue, Jul 21, 2026",PEIXÃO EM CAMPO! O Santos entra em campo para disputar os primeiros 90 minutos dos playoffs das oitavas da @SudamericanaBR! #PaulistasEmCampo https://t.co/0stYKlqtjs,https://x.com/Paulistao/status/2079696519167414290,1693,10,16,0,0,0,0,1,1,0,0,0,0
2079642567147241551,"Tue, Jul 21, 2026",O aniversário é dele mas o presente foi nosso de ter tido Endrick no @paulistao! E como faz com a saudade dele no Palmeiras? 🐷🌟 #PaulistãoCasasBahia #Endrick #Palmeiras https://t.co/oq8WsWYaud,https://x.com/Paulistao/status/2079642567147241551,2570,9,9,0,1,0,0,0,0,0,0,0,0
2079623293024231689,"Tue, Jul 21, 2026","FELIZ ANIVERSÁRIO, CRIA! 💚 Endrick completa 20 anos nessa terça-feira (21) e nós aproveitamos para relembrar alguns momentos do craque no Paulistão! Saudades dele no Futebol Paulista, torcedor? 🥺 #Paulistão #Palmeiras #Endrick 📷Ag.Paulistão https://t.co/rTnbj5UHXf",https://x.com/Paulistao/status/2079623293024231689,2009,9,26,1,0,0,0,2,0,1,0,3,0
2079563013942649199,"Tue, Jul 21, 2026",EM BUSCA DO TOPO DA TABELA! 🐯 O Novorizontino vai contar com o apoio da torcida para somar pontos no @brasileiraob! #PaulistasEmCampo https://t.co/pXNXBqMUSS,https://x.com/Paulistao/status/2079563013942649199,1510,7,13,0,0,0,0,2,0,1,0,1,0
2079275747617759405,"Mon, Jul 20, 2026",QUEM É QUE SOBE? Datas e horários dos confrontos da semifinal do Paulista Sub-23 Segunda Divisão foram definidos. Quem vai chegar à final? #PaulistaSub23SegundaDivisão https://t.co/p2KRD6U6q2,https://x.com/Paulistao/status/2079275747617759405,2703,9,99,0,0,0,1,2,1,2,0,0,0
2079219786949554203,"Mon, Jul 20, 2026","AMIGO, ESTOU AQUI! Neste Dia do Amigo, nada como celebrar aquela pessoa especial que sempre torce com a gente - mesmo sendo rival, às vezes. #DiaDoAmigo #FutebolPaulista https://t.co/pfUrskcVp9",https://x.com/Paulistao/status/2079219786949554203,1138,6,10,0,0,0,0,1,0,0,0,0,0
2079174494032417266,"Mon, Jul 20, 2026",MAIS UM! São Caetano e São José fazem o único jogo da segunda-feira na Copa Paulista Rivalo. #CopaPaulistaRivalo https://t.co/aI1ysd93UL,https://x.com/Paulistao/status/2079174494032417266,1069,8,11,0,0,0,0,1,0,0,0,0,0
2079144284390047914,"Mon, Jul 20, 2026","UMA DÉCADA DO SÃO-CARLENSE! Parabéns, @GSaocarlense! #FutebolPaulista #Aniversário https://t.co/JqQAG9iWbx",https://x.com/Paulistao/status/2079144284390047914,1090,7,10,0,0,0,0,1,2,0,0,0,0
2078937596453871912,"Sun, Jul 19, 2026",Show do Justin Bieber no intervalo da final da Copa do Mundo e o adm só conseguiu lembrar desse vídeo! 🤣 #FutebolPaulista https://t.co/xuwXZD8DEy,https://x.com/Paulistao/status/2078937596453871912,1448,10,11,0,1,0,0,1,0,0,0,0,0
2078892057578414259,"Sun, Jul 19, 2026",EC São Bernardo e Juventus garantiram as vitórias neste domingo de Copa Paulista Rivalo! #CopaPaulistaRivalo https://t.co/PWG3VkOBDZ,https://x.com/Paulistao/status/2078892057578414259,1223,7,16,0,0,0,0,1,2,4,0,1,0
2078866632558956822,"Sun, Jul 19, 2026","Itaqua, Flamengo, Independente e América levaram a melhor e estão classificados para a semifinal do Paulista Sub-23 Segunda Divisão! #FutebolPaulista https://t.co/LaMgi6ioAD",https://x.com/Paulistao/status/2078866632558956822,882,8,13,0,0,0,0,1,0,0,0,0,0
2078859400979107853,"Sun, Jul 19, 2026",JOGOS DO ACESSO! Se liga como ficaram definidos os confrontos das semifinais do Paulista Sub-23 Segunda Divisão! Itaqua x América Independente x Flamengo #FutebolPaulista https://t.co/9Agja7nRy5,https://x.com/Paulistao/status/2078859400979107853,876,7,16,0,0,0,0,0,0,3,0,0,0
2078857918141612288,"Sun, Jul 19, 2026",GALO NA SEMI! O Independente fica com a última vaga para a semifinal do Paulista Sub-23 Segunda Divisão! #FutebolPaulista https://t.co/jSPAbZtq7p,https://x.com/Paulistao/status/2078857918141612288,817,10,11,0,0,0,0,0,0,0,0,0,0
2078857656354152512,"Sun, Jul 19, 2026",O AMÉRICA TÁ LÁ! A equipe de São José de Rio Preto é semifinalista do Paulista Sub-23 Segunda Divisão! #FutebolPaulista https://t.co/4sJOTCBufN,https://x.com/Paulistao/status/2078857656354152512,1099,15,30,0,0,0,0,2,6,7,0,0,0
2078796993909125501,"Sun, Jul 19, 2026","DIA DA NOSSA MAIOR PAIXÃO! Nesse 19 de julho, celebramos o esporte mais popular do mundo! Feliz Dia Nacional do Futebol ⚽🤍 #FutebolPaulista #DiaNacionalDoFutebol https://t.co/jnsDOgXin3",https://x.com/Paulistao/status/2078796993909125501,768,6,10,0,0,0,0,1,0,0,0,0,0
2078781901025018227,"Sun, Jul 19, 2026",PARA FECHAR! Nada como um domingo de manhã com decisão no #PaulistaSub23SegundaDivisão https://t.co/V4uPNm6kdp,https://x.com/Paulistao/status/2078781901025018227,741,4,10,0,0,0,0,1,0,0,0,0,0
2078766796849467840,"Sun, Jul 19, 2026",PREFIRO ESTAR AQUI... Assistindo a Copa Paulista Rivalo no domingo de manhã. #CopaPaulistaRivalo https://t.co/AkDsnqfKoo,https://x.com/Paulistao/status/2078766796849467840,868,9,14,1,0,0,0,1,1,0,0,0,0
2078633043896549729,"Sun, Jul 19, 2026",Ponto final no segundo dia de Copa Paulista Rivalo! #CopaPaulistaRivalo https://t.co/tEnAMHz5E1,https://x.com/Paulistao/status/2078633043896549729,1216,8,13,0,0,0,0,0,1,0,0,1,0
2078613222731444270,"Sat, Jul 18, 2026",Portuguesa perde o jogo de ida e vai precisar reverter a desvantagem no Canindé por um lugar nas quartas de final na Série D. #PaulistasEmCampo 📷Divulgação/Portuguesa https://t.co/Rb7KwyGcvx,https://x.com/Paulistao/status/2078613222731444270,1560,16,149,0,2,2,1,1,2,52,0,12,0
2078587181589827818,"Sat, Jul 18, 2026","Com o placar definido no primeiro tempo, a Ponte Preta acaba superada pelo Goiás. #PaulistasEmCampo 📷Marcos Ribolli/Ponte Preta https://t.co/ZQE2HRdSGV",https://x.com/Paulistao/status/2078587181589827818,1533,11,24,0,0,0,0,1,0,3,0,0,0
2078579481564905884,"Sat, Jul 18, 2026","QUE CATEGORIA! A classificação do Flamengo para a semifinal do Paulista Sub-23 Segunda Divisão teve um algo a mais. Se liga nesse golaço que o Enzo anotou para o Corvo, na vitória de 3 a 1 sobre a Matonense. #FutebolPaulista https://t.co/1jsP3FziB1",https://x.com/Paulistao/status/2078579481564905884,1109,2,2,0,0,0,0,0,0,0,0,0,0
2078578608214282676,"Sat, Jul 18, 2026",VITÓRIA E CLASSIFICAÇÃO! Itaqua e Flamengo levaram a melhor no agregado e garantiram a vaga para a semifinal do Paulista Sub-23 Segunda Divisão. #FutebolPaulista https://t.co/4wsWp7H7Dp,https://x.com/Paulistao/status/2078578608214282676,908,4,8,0,0,0,0,1,2,0,0,0,0
2078570303580479935,"Sat, Jul 18, 2026",CORVO TÁ LÁ! O Flamengo é semifinalista do Paulista Sub-23 Segunda Divisão! #FutebolPaulista https://t.co/pwFnIR64Ot,https://x.com/Paulistao/status/2078570303580479935,848,2,3,0,0,0,0,0,1,0,0,0,0
2078570050903024016,"Sat, Jul 18, 2026",VAI BUSCAR O ACESSO! O Itaqua é semifinalista do Paulista Sub-23 Segunda Divisão! #FutebolPaulista https://t.co/KnsWKQ30O8,https://x.com/Paulistao/status/2078570050903024016,888,2,7,0,1,0,0,0,2,0,0,0,0
2078464809771917638,"Sat, Jul 18, 2026","HAJA CORAÇÃO! Enquanto a Ponte Preta vai em busca de três pontos importantes no @brasileiraob, a Portuguesa quer sair na frente nas oitavas de final da Série D. #PaulistasEmCampo https://t.co/cvwJdrt9jh",https://x.com/Paulistao/status/2078464809771917638,1100,9,16,0,0,0,0,2,0,0,0,0,0
2078449716367442221,"Sat, Jul 18, 2026",OS DOIS PRIMEIROS... O sábado vai estar movimentado na disputa pelas duas primeiras vagas na semifinal do Paulista Sub-23 Segunda Divisão. #PaulistaSub23SegundaDivisão https://t.co/pn5dEsZ3CX,https://x.com/Paulistao/status/2078449716367442221,949,3,3,0,0,0,0,0,0,0,0,0,0
2078449711397421079,"Sat, Jul 18, 2026",DOSE TRIPLA! Três jogos movimentam a primeira rodada da #CopaPaulistaRivalo neste sábado. https://t.co/bzMkQpg5aB,https://x.com/Paulistao/status/2078449711397421079,860,6,7,0,0,0,0,0,0,0,0,0,0
2078306261364625527,"Sat, Jul 18, 2026",NOITE MOVIMENTADA! Vem conferir como terminaram todos os jogos com #PaulistasEmCampo neste sextou. https://t.co/UvaNPW6j88,https://x.com/Paulistao/status/2078306261364625527,1142,11,16,0,0,0,0,0,0,0,0,1,0
2078301617309286540,"Sat, Jul 18, 2026",Novorizontino sofre revés no @brasileiraob. #PaulistasEmCampo 📷 Ozzair Jr / Novorizontino https://t.co/CvgvLVHOHn,https://x.com/Paulistao/status/2078301617309286540,2876,11,30,1,0,0,0,0,2,5,0,2,0
2078300575683301623,"Sat, Jul 18, 2026",SEM BALANÇAR AS REDES! Botafogo e Londrina ficam no empate sem gols no @brasileiraob. #PaulistasEmCampo 📷Reginaldo Júnior/Agência Botafogo/Divulgação https://t.co/XojerpyIlN,https://x.com/Paulistao/status/2078300575683301623,1259,10,16,1,0,0,0,0,2,0,0,1,0
2078294846591103120,"Sat, Jul 18, 2026",VOLTOU COM TUDO! Mirassol garante os três pontos no @brasileirao neste retorno pós Copa do Mundo 🦁 #PaulistasEmCampo 📷 JP Pinheiro/Agência Mirassol https://t.co/bfyZVE9rZS,https://x.com/Paulistao/status/2078294846591103120,947,7,13,1,0,0,0,2,0,1,0,0,0
2078289597151293860,"Sat, Jul 18, 2026",TUDO IGUAL! O Massa Bruta volta com um ponto na mala no @brasileirao. #PaulistasEmCampo 📷 Ari Ferreira/Red Bull Bragantino https://t.co/Lw8oRZ34hi,https://x.com/Paulistao/status/2078289597151293860,873,2,4,0,0,0,0,0,0,0,0,1,0
2078286090197155867,"Sat, Jul 18, 2026","PRIMEIRO JÁ FOI! Na primeira partida da #CopaPaulistaRivalo2026, o Marília levou a melhor. 📷 Matheus Dahsan/Marília https://t.co/7lEEevlNhm",https://x.com/Paulistao/status/2078286090197155867,1077,9,25,1,0,0,0,2,3,3,0,6,0
2078270956900843938,"Sat, Jul 18, 2026","Jogando em casa, o São Bernardo ficou no empate no @brasileiraob. #PaulistasEmCampo 📷 Janes Carvalho/Divulgação/São Bernardo https://t.co/AlcM9hea0e",https://x.com/Paulistao/status/2078270956900843938,1064,8,15,0,2,0,0,1,1,1,0,0,0
2078238314579300846,"Fri, Jul 17, 2026",AGORA É DECISÃO... Quem vai seguir na disputa do #PaulistaSub23SegundaDivisão? 👀 https://t.co/w9KfmV77MU,https://x.com/Paulistao/status/2078238314579300846,746,4,5,0,0,0,0,0,0,0,0,0,0
2078193014933967302,"Fri, Jul 17, 2026","NACIONAL Y INTERNACIONAL! No @brasileirao e na @sudamericanabr, o Massa Bruta segue em busca de uma taça em 2026. #PaulistasEmCampo #RedBullBragantino https://t.co/PLUvYRmMdA",https://x.com/Paulistao/status/2078193014933967302,695,4,6,0,0,0,0,1,1,0,0,0,0
2078162967162466600,"Fri, Jul 17, 2026",PAULISTAS EM AÇÃO! Já anota na agenda os jogos que vão movimentar a sua sexta-feira. 😎 #PaulistasEmCampo https://t.co/g39nl98Ga7,https://x.com/Paulistao/status/2078162967162466600,766,3,6,0,0,0,0,1,0,0,0,0,0
2078140166728999050,"Fri, Jul 17, 2026","EM TRÊS COMPETIÇÕES... Agora que a pausa acabou, o Leão vai com tudo pro final da temporada. #PaulistasEmCampo #Mirassol https://t.co/EF9VFymNXf",https://x.com/Paulistao/status/2078140166728999050,920,7,13,0,0,0,0,2,0,0,0,0,0
2078126476818276654,"Fri, Jul 17, 2026","FIQUE ATENTO! Com o retorno das competições após a pausa para a Copa do Mundo FIFA 2026, as novas regras propostas pela FIFA passam a ser aplicadas nas competições da Federação Paulista de Futebol que começam no segundo semestre. #FutebolPaulista https://t.co/z9A6v1vdM0",https://x.com/Paulistao/status/2078126476818276654,1218,2,10,0,4,0,0,2,0,3,0,3,0
2078117523850207634,"Fri, Jul 17, 2026",OLHA QUEM CHEGOUUUUU! A COPA PAULISTA RIVALO 2026 VAI COMEÇAR 🤩 #CopaPaulistaRivalo https://t.co/ilVB9pEBVe,https://x.com/Paulistao/status/2078117523850207634,737,5,12,0,0,0,0,2,0,0,0,0,0
2078117522323468347,"Fri, Jul 17, 2026","DESAFIO LANÇADO! 🚨 No Dia Mundial do Emoji, a missão é uma só: decifrar os clubes do futebol paulista. 👀 #FutebolPaulista https://t.co/01inIdrBN5",https://x.com/Paulistao/status/2078117522323468347,639,1,1,0,0,0,0,0,0,0,0,0,0
2077914909594034430,"Fri, Jul 17, 2026",O Santos foi superado na volta do Brasileirão. #PaulistasEmCampo 📷Vitor Silva/Botafogo https://t.co/8Mch9MlLzb,https://x.com/Paulistao/status/2077914909594034430,974,10,15,0,3,0,0,1,0,0,0,0,0
2077830629643935996,"Thu, Jul 16, 2026",ELES MARCAM Y MARCAM! Vem conferir quem foi o jogador que mais marcou em cada edição da Copa Paulista Rivalo. #CopaPaulistaRivalo https://t.co/HsESDJhfoR,https://x.com/Paulistao/status/2077830629643935996,849,5,15,0,0,0,0,1,1,0,0,0,0
2077815526793912391,"Thu, Jul 16, 2026","PEIXÃO ESTÁ DE VOLTA! Depois dessa pausa para a Copa do Mundo, vamos relembrar o que o @santosfc ainda está disputando na temporada. #PaulistasEmCampo #Santos https://t.co/nu6QXnnKso",https://x.com/Paulistao/status/2077815526793912391,712,3,8,0,0,0,0,0,1,0,0,0,0
2077740032857874942,"Thu, Jul 16, 2026",PRA MATAR A SAUDADE 🥰 O Santos está de volta! O Peixão é o primeiro paulista a retornar aos gramados e vai em busca de mais três pontos pela 19ª rodada do @brasileirao. #PaulistasEmCampo 🐳 https://t.co/iyZZZNqpm5,https://x.com/Paulistao/status/2077740032857874942,664,6,9,0,1,0,0,1,0,0,0,0,0
2077499183599136910,"Wed, Jul 15, 2026","FLAQUITO NA FINAL! CRAQUE DO PAULISTÃO CASAS BAHIA 2026, FLACO LÓPEZ VAI EM BUSCA DA TAÇA DA COPA DO MUNDO 🏆 #PaulistasEmCampo #CopaDoMundo https://t.co/9I1WMze8XY",https://x.com/Paulistao/status/2077499183599136910,2278,26,56,0,3,0,1,2,0,4,0,1,0
2077470677997625372,"Wed, Jul 15, 2026",O RANKING DE CAMPEÕES! O @xvpiracicaba conquistou o tricampeonato da #CopaPaulistaRivalo ano passado. Quem será que leva o troféu em 2026? 👀🏆 https://t.co/MCdMYiCOc7,https://x.com/Paulistao/status/2077470677997625372,1180,12,51,0,0,0,0,1,0,3,0,1,0
2077347449845547288,"Wed, Jul 15, 2026","DIA DE QUEM FAZ O FUTEBOL ACONTECER! 🌟⚽ Nesse 15 de Julho, celebramos todos os clubes filiados à Federação Paulista! #FutebolPaulista #DiaNacionalDosClubes https://t.co/qwHVtkbaOv",https://x.com/Paulistao/status/2077347449845547288,1020,12,34,0,0,0,0,2,1,5,0,0,0
2076985063317897670,"Tue, Jul 14, 2026","GOLEADA E TÍTULO TRICOLOR! 🇾🇪 Há 21 anos, o São Paulo vencia o Athletico Paranaense e conquistava seu terceiro título de Libertadores! #BaúDoPaulistão https://t.co/62GhXbMdsB",https://x.com/Paulistao/status/2076985063317897670,1199,15,49,0,1,2,1,6,2,9,0,0,0
2076683075979993579,"Mon, Jul 13, 2026","I WANNA ROCK AND ROLL ALL NIGHT 🎸🎵 Tem algum clássico do Rock que está ditando a temporada do seu time, torcedor? #DiaMundialDoRock #FutebolPaulista https://t.co/LBIebbYZMD",https://x.com/Paulistao/status/2076683075979993579,969,4,10,0,0,0,0,3,0,0,0,0,0
2076622675024175143,"Mon, Jul 13, 2026","VAMOS JUNTOS, AGORA MESMO! Na Abbey Road ou em qualquer lugar no mundo, esses são os nossos Craques do Rock and Roll, quer dizer, do #FutebolPaulista em 2026 🤟🎶 #DiaMundialDoRock https://t.co/tkUkKFPVll",https://x.com/Paulistao/status/2076622675024175143,1079,11,28,0,1,0,1,0,0,4,0,0,0
2076426378363244741,"Sun, Jul 12, 2026","VAI, LUSA! O Uberlândia será o adversário da Portuguesa nas oitavas da final da Série D! #FutebolPaulista https://t.co/vRwyvtU1C8",https://x.com/Paulistao/status/2076426378363244741,1724,21,40,2,1,0,1,1,0,5,0,1,0
2076415330495217857,"Sun, Jul 12, 2026","Seis jogos movimentaram o domingo dos #PaulistasEmCampo, com Inter de Limeira e Ferroviária garantindo as vitórias. Se liga nos resultados de hoje. #FutebolPaulista https://t.co/ILotTLRoVn",https://x.com/Paulistao/status/2076415330495217857,1884,16,39,2,0,0,0,4,5,0,0,0,0
2076415025833558160,"Sun, Jul 12, 2026",VITÓRIA GRENÁ! A Ferroviária ficou com os três pontos no duelo paulista da Série C. #PaulistasEmCampo 📷Guilherme Moro/Ferroviária https://t.co/x0AUWTlqRR,https://x.com/Paulistao/status/2076415025833558160,1149,9,13,1,0,0,1,2,0,0,0,0,0
2076414158464065819,"Sun, Jul 12, 2026",Guarani leva gol no finalzinho e deixa empate escapar contra o Paysandu. #PaulistasEmCampo 📷Raphael Silvestre/Guarani https://t.co/tJjVUMOiCs,https://x.com/Paulistao/status/2076414158464065819,1141,5,30,0,0,1,2,0,1,11,0,1,0
2076413927513002093,"Sun, Jul 12, 2026",O São Bernardo ficou no empate pela 17ª rodada da Série B. #PaulistasEmCampo 📷Janes Carvalho/Divulgação/São Bernardo https://t.co/S39D9not7G,https://x.com/Paulistao/status/2076413927513002093,1090,5,6,0,0,0,0,1,0,0,0,0,0
2076410743679774995,"Sun, Jul 12, 2026",Velo Clube é superado nas penalidades e encerra sua campanha na Série D. #PaulistasEmCampo 📷Ana Julia Guerreiro/Velo Clube https://t.co/0sGJO7WasL,https://x.com/Paulistao/status/2076410743679774995,1207,5,25,1,1,1,0,0,3,2,0,1,0
2076338519522287704,"Sun, Jul 12, 2026","PRA CIMA, LEÃO! Inter de Limeira vence mais uma e assume a liderança provisória na Série C. #PaulistasEmCampo 📷Rogério Rueda/Inter de Limeira https://t.co/L5fpiy9TOJ",https://x.com/Paulistao/status/2076338519522287704,1186,8,26,0,0,0,1,0,3,7,0,0,0
2076337565011951683,"Sun, Jul 12, 2026",O Tigre não conseguiu pontuar nesta nesta rodada. #PaulistasEmCampo 📷Ozzair Junior/Novorizontino https://t.co/kz2iZRvjwZ,https://x.com/Paulistao/status/2076337565011951683,1126,3,7,0,0,0,0,0,0,3,0,0,0
2076331531505733902,"Sun, Jul 12, 2026",Ponto final nos jogos de ida das quartas de final do Paulista Sub-23 Segunda Divisão! Vamos aos resultados da rodada. #FutebolPaulista https://t.co/ouOHsD8i52,https://x.com/Paulistao/status/2076331531505733902,992,4,7,0,0,0,0,0,0,0,0,0,0
2076290483337527338,"Sun, Jul 12, 2026",DOMINGÃO LOTADO! São oito confrontos em três divisões para as minhas equipes! #PaulistasEmCampo https://t.co/kLPuvt9hbI,https://x.com/Paulistao/status/2076290483337527338,1342,9,28,0,0,0,0,2,1,4,0,0,0
2076081322129256509,"Sat, Jul 11, 2026","O sábado de futebol chegou ao fim. A Portuguesa avançou de fase na Série D, enquanto o XV de Piracicaba se despediu da competição. #PaulistasEmCampo https://t.co/wc4orwML5E",https://x.com/Paulistao/status/2076081322129256509,1294,10,18,0,0,0,0,0,2,1,0,1,0
2076078236220489759,"Sat, Jul 11, 2026",XV de Piracicaba não reverte a desvantagem do jogo da ida e se despede da disputa da Série D. #PaulistasEmCampo 📷Mariana Kasten/XV de Piracicaba4 https://t.co/CEHD1gKHdQ,https://x.com/Paulistao/status/2076078236220489759,1163,4,13,0,1,0,0,0,0,1,0,0,0
2076050341515116773,"Sat, Jul 11, 2026",O SONHO SEGUE! Portuguesa vence jogo de volta contra o Marcílio Dias e garante a vaga nas oitavas da Série D. #PaulistasEmCampo 📷André Lucas/Portuguesa https://t.co/taT54T4zUj,https://x.com/Paulistao/status/2076050341515116773,1283,16,50,0,0,0,0,2,0,19,0,0,0
2076047773036687672,"Sat, Jul 11, 2026",VAMOS À LUTA! A Portuguesa está nas oitavas de final da Série D e segue firme na disputa pelo acesso! #PaulistasEmCampo https://t.co/KD5f6RVz61,https://x.com/Paulistao/status/2076047773036687672,967,13,34,0,0,0,0,2,2,9,0,1,0
2076039556776755456,"Sat, Jul 11, 2026",Três partidas já movimentaram a ida das quartas de final do Paulista Sub-23 Segunda Divisão! #FutebolPaulista https://t.co/dFfJC1cLiy,https://x.com/Paulistao/status/2076039556776755456,996,3,9,0,0,0,0,1,1,2,0,0,0
2075928090111336454,"Sat, Jul 11, 2026",SÁBADO DE DECISÃO! Portuguesa e XV de Piracicaba entram em campo para seguir na Série D! #PaulistasEmCampo https://t.co/oFmmqIIRNY,https://x.com/Paulistao/status/2075928090111336454,1066,7,14,0,0,0,0,1,0,1,0,0,0
2075897902996541801,"Sat, Jul 11, 2026","FELIZ ANIVERSÁRIO, LEÃO! Ex-jogador do Palmeiras e do Corinthians e campeão do mundo em 70, o goleiro completa 77 anos nesse sábado (11)! #FutebolPaulista #Aniversário https://t.co/NV8qKjtWjw",https://x.com/Paulistao/status/2075897902996541801,1452,26,39,0,0,0,0,5,2,0,0,0,0
2075897893219668257,"Sat, Jul 11, 2026",TARDE AGITADA! São três jogos que acontecem neste sábado à tarde no #PaulistaSub23SegundaDivisão. https://t.co/TRdNRb1nn3,https://x.com/Paulistao/status/2075897893219668257,767,4,5,0,0,0,0,1,0,0,0,0,0
2075750684511629444,"Sat, Jul 11, 2026",Sport e Botafogo protagonizaram um empate de seis gols na Ilha do Retiro. #PaulistasEmCampo 📷Paulo Paiva/Sport https://t.co/47a70xJL22,https://x.com/Paulistao/status/2075750684511629444,1410,9,22,1,0,0,0,1,0,5,0,0,0
2075671399746736240,"Fri, Jul 10, 2026",VAI COMEÇAR! Prepara o coração que o fim de semana será com quartas de final do #PaulistaSub23SegundaDivisão https://t.co/JP1dDr4dAC,https://x.com/Paulistao/status/2075671399746736240,908,2,7,1,0,0,0,0,0,0,0,0,0
2075565706922344539,"Fri, Jul 10, 2026","O Botafogo precisa da vitória para subir ainda mais na tabela do @brasileiraob. Vamos para cima, Pantera! 🔥 #PaulistasEmCampo https://t.co/77zrTkCmlH",https://x.com/Paulistao/status/2075565706922344539,960,4,7,0,0,0,0,0,1,1,0,0,0
2075550603854426281,"Fri, Jul 10, 2026","CORINTHIANS CAMPEÃO DO RIO-SÃO PAULO! Há 72 anos, o Timão vencia o Palmeiras no Pacaembu e conquistava o título do Torneio Rio-São Paulo! #BaúDoPaulistão https://t.co/m7YN81obwe",https://x.com/Paulistao/status/2075550603854426281,1054,11,43,0,0,0,0,2,3,11,0,2,0
2075535509955473734,"Fri, Jul 10, 2026","ANIVERSÁRIO DO ZAGUEIRO DO PENTA! Edmílson, ex-jogador do São Paulo e do Palmeiras, completa 50 anos nessa sexta-feira (10)! #FutebolPaulista #Aniversário https://t.co/pFidPqFIMt",https://x.com/Paulistao/status/2075535509955473734,1256,10,15,0,0,0,0,3,1,0,0,0,0
2075520404739830014,"Fri, Jul 10, 2026",O JOGO DO DOMINGO! Paulinense e Independente Limeira abrem o domingo no Paulista Sub-23 Segunda Divisão. #PaulistaSub23SegundaDivisão https://t.co/wShtWPATZo,https://x.com/Paulistao/status/2075520404739830014,1134,4,10,0,0,0,1,1,1,0,0,1,0
2074867638652522680,"Wed, Jul 8, 2026",https://t.co/Rf9ybVHdQP,https://x.com/Paulistao/status/2074867638652522680,300,1,25,0,0,0,0,0,0,0,0,0,0
2074867633313186296,"Wed, Jul 8, 2026",GABARITO AQUI! https://t.co/zwa8qIDhPR,https://x.com/Paulistao/status/2074867633313186296,408,2,27,0,0,0,1,0,0,0,0,0,0
2074867628875669794,"Wed, Jul 8, 2026",https://t.co/JCzg8Vf5iO,https://x.com/Paulistao/status/2074867628875669794,202,0,12,0,0,0,1,0,0,0,0,0,0
2074867624257741169,"Wed, Jul 8, 2026",OLHOS DE LINCE ATIVADOS! A adm entrou na trend e quer todo mundo procurando o Meccha Chameleon 👀 #FutebolPaulista #PaulistasEmCampo https://t.co/UdO2V7QB0k,https://x.com/Paulistao/status/2074867624257741169,1931,3,89,0,0,0,1,1,1,0,0,0,0
2074840927726870539,"Wed, Jul 8, 2026","VAMOS, MACACA! A Ponte Preta precisa da vitória para subir na tabela no @brasileiraob! #PaulistasEmCampo https://t.co/FxBE85u2lG",https://x.com/Paulistao/status/2074840927726870539,1198,5,7,0,0,0,0,1,0,1,0,0,0
2074282735003136425,"Tue, Jul 7, 2026",Assim terminou a segunda-feira dos #PaulistasEmCampo. #FutebolPaulista https://t.co/JHp4l3u4dC,https://x.com/Paulistao/status/2074282735003136425,1117,6,8,0,0,0,0,1,0,0,0,0,0
2074281846209130785,"Mon, Jul 6, 2026",São Bernardo leva gol no finzinho e deixa o empate escapar em Goiânia. #PaulistasEmCampo 📷Roberto Correa/Vila Nova https://t.co/10RfJoj3Cs,https://x.com/Paulistao/status/2074281846209130785,1323,13,24,0,0,0,2,0,0,5,0,0,0
2074281379966189648,"Mon, Jul 6, 2026","RESPIRA, PANTERA! Botafogo vence com propriedade e deixa o Z4 da Série B! #PaulistasEmCampo 📷Luiz Fernando Cosenzo/Ag. Botafogo https://t.co/dCVkGtSt9M",https://x.com/Paulistao/status/2074281379966189648,1103,4,9,0,0,0,0,1,1,1,0,0,0
2074209621590290762,"Mon, Jul 6, 2026",RESTAM OITO! Datas e horários dos confrontos de ida e volta das quartas de final do Paulista Sub-23 Segunda Divisão foram definidos. Confira a tabela completa. #PaulistaSub23SegundDivisão https://t.co/gsXpYifbNF,https://x.com/Paulistao/status/2074209621590290762,1215,4,21,0,0,0,0,1,2,0,0,0,0
2074116151785775515,"Mon, Jul 6, 2026",DIA DE PANTERA E TIGRE EM CAMPO! Começando a semana com dois confrontos das minhas equipes no @brasileiraob! #PaulistasEmCampo https://t.co/BoGiQbqyfL,https://x.com/Paulistao/status/2074116151785775515,876,6,10,0,0,0,0,0,1,0,0,0,0
2073891301217431667,"Sun, Jul 5, 2026","Bem, amigos... Terminou. 😢 O sonho do hexa é adiado mais uma vez. #CopaDoMundo 📷Rafael Riobeiro/CBF https://t.co/kzfBycTUGC",https://x.com/Paulistao/status/2073891301217431667,1318,11,26,1,0,0,1,2,2,0,0,0,0
2073800232383496553,"Sun, Jul 5, 2026",EM BUSCA DA NONA! O Brasil não sabe o que é perder numa oitava de final da Copa do Mundo desde 1990! Chegou o dia de defender um tabu e tanto em campo! #CopaDoMundo https://t.co/utMDKPtjPe,https://x.com/Paulistao/status/2073800232383496553,324,3,6,0,0,0,0,1,0,0,0,0,0
2073800228596068406,"Sun, Jul 5, 2026",EM BUSCA DA NONA! O Brasil não sabe o que é perder numa oitava de final da Copa do Mundo desde 1990! Chegou o dia de defender um tabu e tanto em campo! #CopaDoMundo https://t.co/SpHzs23dRH,https://x.com/Paulistao/status/2073800228596068406,393,5,10,0,0,0,1,1,0,0,0,0,0
2073800224720474118,"Sun, Jul 5, 2026",EM BUSCA DA NONA! O Brasil não sabe o que é perder numa oitava de final da Copa do Mundo desde 1990! Chegou o dia de defender um tabu e tanto em campo! #CopaDoMundo Leia mais em - https://t.co/lmJgPCDwZA https://t.co/Fig6gMlDjl,https://x.com/Paulistao/status/2073800224720474118,1642,11,16,0,0,0,1,1,1,1,0,0,0
2073799455707365585,"Sun, Jul 5, 2026",Rodada cheia no Paulista Sub-20 Série A! Se liga nos resultados do fim de semana. #PaulistaSub20SérieA https://t.co/lVDrBQBGIP,https://x.com/Paulistao/status/2073799455707365585,1009,3,14,0,0,0,0,0,0,7,0,0,0
2073787721487614333,"Sun, Jul 5, 2026",CONFRONTOS DEFINIDOS! Assim ficaram os duelos das quartas de final do Paulista Sub-23 Segunda Divisão! #FutebolPaulista https://t.co/4PYuwM1RMO,https://x.com/Paulistao/status/2073787721487614333,955,9,19,0,0,0,0,0,1,0,0,0,0
2073784296104431762,"Sun, Jul 5, 2026","FIM DE PAPO NAS OITAVAS DE FINAL! Independente, José Bonifácio e Paulinense ficaram com as últimas vagas para as quartas de final do Paulista Sub-23 Segunda Divisão! #FutebolPaulista https://t.co/dS394Yqlo0",https://x.com/Paulistao/status/2073784296104431762,1028,5,14,0,0,0,0,0,1,4,0,0,0
2073708469958717936,"Sun, Jul 5, 2026",OS TRÊS ÚLTIMOS JOGOS DAS OITAVAS! Restam três vagas para as quartas de final do Paulista Sub-23 Segunda Divisão! Quem avança? #PaulistaSub23SegundaDivisão https://t.co/d7XfhbKHP2,https://x.com/Paulistao/status/2073708469958717936,858,1,3,1,0,0,0,0,0,0,0,0,0
2073603020043223289,"Sun, Jul 5, 2026","BRASIL, A SELEÇÃO CHEGOU! MAIS UM DESAFIO NA COPA DO MUNDO 🔥 #CopaDoMundo https://t.co/6Alt5Dfkm9",https://x.com/Paulistao/status/2073603020043223289,1193,15,30,1,0,0,3,1,1,1,0,0,0
2073582020094001156,"Sun, Jul 5, 2026",Fim de mais um sábado de #FutebolPaulista. #PaulistaEmCampo https://t.co/YidDkTLnE1,https://x.com/Paulistao/status/2073582020094001156,1542,7,24,1,0,0,1,2,1,1,0,0,0
2073581642489163829,"Sun, Jul 5, 2026",A Ferroviária tropeçou em casa contra o Caxias. #PaulistasEmCampo 📷Divulgação/Ferroviária https://t.co/v1u9bTyNLg,https://x.com/Paulistao/status/2073581642489163829,1222,7,16,0,0,0,0,1,2,0,0,1,0
2073580257618080182,"Sun, Jul 5, 2026",ZERADOS! A rede não balançou no Brinco de Ouro. #PaulistasEmCampo 📷Raphael Silvestre/Guarani https://t.co/dvyDJbEsSh,https://x.com/Paulistao/status/2073580257618080182,1397,6,13,0,0,0,0,1,1,1,0,0,0
2073565873151914078,"Sun, Jul 5, 2026",Não foi a noite do Galo de Itu. #PaulistasEmCampo 📷Flavio Torres/Arquivo/Ituano https://t.co/IhzRr3UfDa,https://x.com/Paulistao/status/2073565873151914078,1286,6,12,0,0,0,1,0,3,1,0,0,0
2073558660689653987,"Sun, Jul 5, 2026","VAI, LEÃO! A Inter de Limeira garante os três pontos pela Série C! #PaulistasEmCampo 📷Iury Oliveira/Maranhão https://t.co/wpNN83B9V3",https://x.com/Paulistao/status/2073558660689653987,1440,12,21,2,0,0,0,1,0,3,0,1,0
2073558245096956176,"Sun, Jul 5, 2026",VIRADA PAULISTA! Velo Clube busca o resultado contra o São Luiz-RS e conquista importante vantagem por um lugar nas oitavas de final da Série D! #PaulistasEmCampo 📷Ana Julia Guerreiro/Divulgação/Velo Clube https://t.co/DPduccwadT,https://x.com/Paulistao/status/2073558245096956176,1156,6,10,1,0,0,0,0,0,2,0,0,0
2073544988844019884,"Sat, Jul 4, 2026",EMPATE POR LÁ! Portuguesa fica em igualdade com o Marcílio Dias e vai decidir a vaga nas oitavas de final da Série D jogando no Canindé. #PaulistasEmCampo 📷Tiago Winter/Portuguesa https://t.co/Kt4ePScqAU,https://x.com/Paulistao/status/2073544988844019884,1120,11,31,0,0,0,0,2,1,9,0,1,0
2073513042852069405,"Sat, Jul 4, 2026",XV de Piracicaba perde fora de casa e agora vai precisar reverter o placar para seguir sonhando com o acesso. #PaulistasEmCampo 📷Mariana Kasten/XV de Piracicaba https://t.co/Oq7lzfqsHj,https://x.com/Paulistao/status/2073513042852069405,1207,4,36,0,0,0,1,0,1,9,0,0,0
2073511832015237275,"Sat, Jul 4, 2026",VITÓRIA MAIÚSCULA! Novorizontino vence o Atlético-GO com propriedade e assume provisoriamente a liderança da Série B! #PaulistasEmCampo 📷Juan Rodrigues/Novorizontino https://t.co/A2uURVfnXX,https://x.com/Paulistao/status/2073511832015237275,1145,8,14,1,0,0,0,0,1,1,0,0,0
2073506960918413346,"Sat, Jul 4, 2026","CINCO SEGUEM! Itaqua, Flamengo, Matonense, América e União Mogi seguem firmes na luta pelo acesso no Paulista Sub-23 Segunda Divisão! #FutebolPaulista https://t.co/PrRwvFt8BP",https://x.com/Paulistao/status/2073506960918413346,1003,3,8,0,0,0,0,0,1,1,0,0,0
2073480857017332066,"Sat, Jul 4, 2026","DUELO DE GIGANTES! Usando o ranking da FIFA, pegamos os melhores colocados das três primeiras divisões do Futebol Paulista e simulamos como seriam os duelos de oitavas de final de uma Copa do Mundo do Paulistão! Comenta aí qual seria o confronto do seu time! #FutebolPaulista https://t.co/65pmcS4C9l",https://x.com/Paulistao/status/2073480857017332066,1674,11,135,0,1,0,0,3,1,5,0,0,0
2073459496899248213,"Sat, Jul 4, 2026","“DEFENDER EM QUALQUER SITUAÇÃO A CAMISA DA SELEÇÃO DO PARAGUAI” 🇵🇾🌟 Gustavo Gómez tem mais uma chance de fazer história na Copa do Mundo, dessa vez contra a França. Avanti, capitão! 💪 #PaulistasEmCampo #Paraguai #Palmeiras #Oitavas https://t.co/ftp0kFIbgn",https://x.com/Paulistao/status/2073459496899248213,1206,3,7,0,1,0,0,1,1,0,0,2,0
2073391388507656442,"Sat, Jul 4, 2026","DIA CHEIO! Como esquenta para a Copa do Mundo, o sábado está recheado de emoção com #PaulistasEmCampo 🔥 https://t.co/zXgsx7nnDV",https://x.com/Paulistao/status/2073391388507656442,1556,22,50,0,0,0,0,4,2,1,0,1,0
2073376283703312756,"Sat, Jul 4, 2026",PRIMEIRO DIA DE OITAVAS DE FINAL! Os primeiros cinco confrontos que vão definir quem avança para as quartas do #PaulistaSub23SegundaDivisão vão rolar hoje! https://t.co/aN0HA1MhBv,https://x.com/Paulistao/status/2073376283703312756,845,3,3,0,0,0,0,0,0,0,0,0,0
2073361188780658859,"Sat, Jul 4, 2026","QUANDO O TIMÃO CONQUISTOU A AMÉRICA! No dia 4 de julho de 2012, o Corinthians vencia o Boca Juniors e conquistava a primeira Libertadores de sua história! #BaúDoPaulistão https://t.co/Z7vZg5YGtA",https://x.com/Paulistao/status/2073361188780658859,1210,6,41,0,0,0,0,1,2,0,0,0,0
2073164888889753631,"Fri, Jul 3, 2026",CHEGOU A HORA DE DEFINIR QUEM AVANÇA! Esses são os confrontos de volta das oitavas de final do Paulista Sub-23 Segunda Divisão! #PaulistaSub23SegundaDivisão https://t.co/Hi9P2ppTok,https://x.com/Paulistao/status/2073164888889753631,958,2,8,0,0,0,0,0,0,0,0,1,0
2072893356594676156,"Fri, Jul 3, 2026","Fora de casa, a Ponte Preta sofre revés no @brasileiraob. #PaulistasEmCampo 📷 Marcos Ribolli/PontePress https://t.co/dxgmTYVN09",https://x.com/Paulistao/status/2072893356594676156,1769,8,32,1,3,0,3,1,0,7,0,0,0
2072666609009775053,"Thu, Jul 2, 2026","VAMOS, MACACA! A Ponte Preta vai buscar a vitória fora de casa no @brasileiraob para subir na tabela! #PaulistasEmCamp https://t.co/GpKSDglRvo",https://x.com/Paulistao/status/2072666609009775053,1294,5,9,0,0,0,0,1,0,1,0,0,0
2072651509519843591,"Thu, Jul 2, 2026","TÍTULO DO TRICOLOR! Há 37 anos, após vencer o jogo de ida e segurar o empate na volta, o São Paulo conquistava o Estadual pela 16ª vez na história! #BaúDoPaulistão https://t.co/627tRpye1w",https://x.com/Paulistao/status/2072651509519843591,1301,15,73,0,2,1,1,5,1,29,0,0,0
2072432919931429280,"Wed, Jul 1, 2026","Gustavo Gómez é prova viva da sua própria crença: da garra paraguaia, da luta que só quem veio da 𝒕𝒊𝒆𝒓𝒓𝒂 𝒄𝒐𝒍𝒐𝒓𝒂𝒅𝒂 carrega no sangue. O xerife alviverde segue fazendo história com a camisa albirroja 🌟🇵🇾 #CopaDoMundo #Paraguai #Palmeiras #PaulistasEmCampo https://t.co/tIygd8YnFX",https://x.com/Paulistao/status/2072432919931429280,1366,13,13,0,0,0,0,0,0,0,0,0,0
2072425010032152793,"Wed, Jul 1, 2026",PARA FICAR NA MEMÓRIA! O Timão garantiu o título da @copadobrasil em 2009 desse jeito! Vem conferir os gols 🔥🤩 #BaúDoPaulistão https://t.co/5EgqK9I6hI,https://x.com/Paulistao/status/2072425010032152793,1266,5,9,0,2,0,0,0,1,2,0,0,0
2072274025850560668,"Wed, Jul 1, 2026","O TRI DO TIMÃO! Há 17 anos, mesmo fora de casa, o Corinthians empatava com o Internacional e conquistava a Copa do Brasil pela terceira vez em sua história 🔥 #BaúDoPaulistão https://t.co/7seWQoJ97i",https://x.com/Paulistao/status/2072274025850560668,1186,12,26,1,0,0,2,2,1,2,0,0,0
2072123603127066627,"Wed, Jul 1, 2026","No encerramento da 15ª rodada da Série B, o Botafogo foi superado em Ribeirão Preto. #PaulistasEmCampo 📷João Victor Menezes de Souza/Agência Botafogo https://t.co/z90q2xEw8X",https://x.com/Paulistao/status/2072123603127066627,1415,7,9,0,0,0,0,0,0,1,0,0,0